body,n_cpp,n_taichi,t,T_finite_fraction_cpp,T_finite_fraction_taichi,T_mean_cpp,T_mean_taichi,com_x_cpp,com_x_taichi,com_y_cpp,com_y_taichi,com_z_cpp,com_z_taichi,nu_finite_fraction_cpp,nu_finite_fraction_taichi,nu_mean_cpp,nu_mean_taichi,t_taichi,time_error,v_mean_cpp,v_mean_taichi,x_max_cpp,x_max_taichi,x_min_cpp,x_min_taichi,y_max_cpp,y_max_taichi,y_min_cpp,y_min_taichi,z_max_cpp,z_max_taichi,z_min_cpp,z_min_taichi
Fluid,24872,24872,0.0,1.0,1.0,0.0,0.0,-0.0817058138689603,-0.0817058138689603,1.1905078405508966,1.1905078404514438,0.24872809756033276,0.24872809756033276,1.0,1.0,0.0,20.0,0.0,0.0,0.0,0.0,1.5423628091812134,1.5423628091812134,-1.547478437423706,-1.547478437423706,3.1338717937469482,3.1338717937469482,0.14956533908843994,0.14956533908843994,1.1863449811935425,1.1863449811935425,-1.1700268983840942,-1.1700268983840942
Fluid,24872,24872,0.045,1.0,1.0,0.0,0.0,-0.08065390347338519,-0.08073689242206776,1.1809511867098106,1.1816723384822836,0.24831861545861691,0.24830790597341246,1.0,1.0,20.0,20.0,0.04,0.004999994337599997,0.35969338,0.39338937,1.5445432662963867,1.5434855222702026,-1.547837257385254,-1.5470973253250122,3.1399829387664795,3.136777639389038,0.1065448746085167,0.11063496023416519,1.1867135763168335,1.1862136125564575,-1.171855092048645,-1.1706796884536743
Fluid,24872,24872,0.08,1.0,1.0,0.0,0.0,-0.0803574386143628,-0.0800426453918886,1.1644339796042458,1.157155556447598,0.2482670413379774,0.24807388195221308,1.0,1.0,20.0,20.0,0.08,-1.7881000013986181e-09,0.54804355,0.7847279,1.5447840690612793,1.5442739725112915,-1.5479146242141724,-1.5465264320373535,3.139230489730835,3.119269847869873,0.09226874262094498,0.09099668264389038,1.1865442991256714,1.1860500574111938,-1.1758527755737305,-1.1712435483932495
Fluid,24872,24872,0.12,1.0,1.0,0.0,0.0,-0.08025401424101646,-0.07952154009158421,1.1389170890037736,1.116966382025068,0.2481913205444239,0.247935709224498,1.0,1.0,20.0,20.0,0.12,1.9670000003801924e-08,0.70173925,1.1754376,1.5446494817733765,1.5448812246322632,-1.5484155416488647,-1.546099305152893,3.138441324234009,3.0794484615325928,0.0703134834766388,0.06153315678238869,1.1862684488296509,1.1859534978866577,-1.1846935749053955,-1.1716638803482056
Fluid,24872,24872,0.165,1.0,1.0,3.6235169306345654e-07,0.00019487777253355046,-0.08029206252626023,-0.07913505536520266,1.1046515436299043,1.0632334851805718,0.24806199214175875,0.247882889285423,1.0,1.0,19.999999275465186,19.999610565681863,0.16,0.004999976753999991,0.7850009,1.4161241,1.5442434549331665,1.5452510118484497,-1.549442172050476,-1.5458025932312012,3.1332898139953613,3.0236737728118896,0.040926069021224976,0.023539606481790543,1.1858677864074707,1.1859843730926514,-1.200257420539856,-1.1730449199676514
Fluid,24872,24872,0.2049999,1.0,1.0,0.00012234484163081575,0.0009239908260073167,-0.08040226283336424,-0.07887424264426995,1.0754482653935615,1.0062560331868413,0.24797356496436235,0.2479560999256664,1.0,1.0,19.999755506233296,19.998157102143736,0.2,0.004999938606999987,0.68458086,1.3660547,1.5438122749328613,1.5452642440795898,-1.5509158372879028,-1.5454682111740112,3.1166064739227295,2.9558537006378174,0.025153061375021935,0.022000228986144066,1.1856600046157837,1.1863406896591187,-1.2203365564346313,-1.1793971061706543
Fluid,24872,24872,0.2449999,1.0,1.0,0.0005566466659370908,0.0028337286587922154,-0.08050958902515763,-0.07879296749328188,1.0500487775924376,0.9574812854063239,0.24791773907533507,0.24826336919365108,1.0,1.0,19.998889339050706,19.99436086280126,0.24,0.004999900460000012,0.60097706,1.0688082,1.543489933013916,1.5457370281219482,-1.5524522066116333,-1.5462615489959717,3.102097988128662,2.8813138008117676,0.02343183010816574,0.023421475663781166,1.185613751411438,1.1872512102127075,-1.2452677488327026,-1.1931138038635254
Fluid,24872,24872,0.2849999,1.0,1.0,0.0011649473097733514,0.005532345593429058,-0.0806354101836842,-0.07904197260173952,1.028214510566255,0.9218595986910243,0.247874279155948,0.24857721335322608,1.0,1.0,19.99767975195231,19.989021354720077,0.28,0.00499987721399997,0.5152456,0.77093714,1.5436673164367676,1.547560691833496,-1.5544275045394897,-1.549615740776062,3.088627576828003,2.8022005558013916,0.021841756999492645,0.02288862131536007,1.1857330799102783,1.1883912086486816,-1.2738829851150513,-1.2128398418426514
Fluid,24872,24872,0.3249998,1.0,1.0,0.0021013862450143493,0.008567183960749751,-0.0808968776483514,-0.079894733370182,1.0091731416059424,0.8961169044631715,0.24778707856048784,0.24876625607505826,1.0,1.0,19.99582222996513,19.98305064698591,0.32,0.004999839066999967,0.45971808,0.5837195,1.5441372394561768,1.550304651260376,-1.5570669174194336,-1.5554109811782837,3.0757546424865723,2.7309670448303223,0.021616365760564804,0.023896003141999245,1.1859241724014282,1.1894111633300781,-1.3036772012710571,-1.2355860471725464
Fluid,24872,24872,0.3648785,1.0,1.0,0.0033789255926027816,0.011682816044299792,-0.08126309594701425,-0.08150931746672255,0.9920327506761581,0.8759403805448843,0.24771269900040105,0.24886704170164267,1.0,1.0,19.993294686817134,19.976954198796175,0.36,0.004878505468000005,0.42007908,0.48802915,1.5447190999984741,1.5530234575271606,-1.5601621866226196,-1.562868595123291,3.0634849071502686,2.6669723987579346,0.022428466007113457,0.023313643410801888,1.1861839294433594,1.201878547668457,-1.3278753757476807,-1.3490046262741089
Fluid,24872,24872,0.401976,1.0,1.0,0.004884932639531364,0.014847077030905655,-0.08169618980270377,-0.08380390264654947,0.977475774744942,0.858598489872617,0.24770526083344435,0.24886344238919805,1.0,1.0,19.990323524913745,19.97079193749279,0.4,0.001976019143999974,0.38516572,0.43945807,1.54536771774292,1.555329442024231,-1.5635771751403809,-1.571458101272583,3.052429437637329,2.6007492542266846,0.02262141741812229,0.02274187281727791,1.186476230621338,1.2138689756393433,-1.3454711437225342,-1.4848648309707642
Fluid,24872,24872,0.4418381,1.0,1.0,0.00681786885660995,0.018047121230036902,-0.08228864832252537,-0.0866175186418922,0.9631076549231076,0.8427404561998929,0.24778756036167923,0.24878062998335873,1.0,1.0,19.986520957624695,19.964585639687357,0.44,0.0018380558489999865,0.35877898,0.41423222,1.5461920499801636,1.5572140216827393,-1.5679020881652832,-1.5808690786361694,3.0406174659729004,2.524353504180908,0.022811157628893852,0.022812826558947563,1.1867979764938354,1.2242878675460815,-1.3604446649551392,-1.619372010231018
Fluid,24872,24872,0.4813483,1.0,1.0,0.008955732660321552,0.02127012297891692,-0.08299810435349135,-0.08984115661651222,0.9497274168360087,0.8276735118940927,0.24795921097697385,0.24868513623439134,1.0,1.0,19.98232952150435,19.95835717692947,0.48,0.0013483357430000287,0.34162584,0.40218133,1.5471004247665405,1.5587661266326904,-1.572647213935852,-1.5911896228790283,3.0287084579467773,2.4527437686920166,0.022995885461568832,0.022934170439839363,1.187108039855957,1.233711838722229,-1.3592133522033691,-1.7529200315475464
Fluid,24872,24872,0.5207376,1.0,1.0,0.011292202414127787,0.024512363230510287,-0.08380761562984997,-0.09345626391514766,0.9369890784554785,0.8130456090088629,0.24821042743689434,0.24861547794115443,1.0,1.0,19.977763954946642,19.952111543202637,0.52,0.0007375884060000226,0.33021384,0.3980527,1.548063039779663,1.5600976943969727,-1.5777047872543335,-1.602867603302002,3.0164997577667236,2.4330382347106934,0.02325838804244995,0.023380327969789505,1.1874215602874756,1.2424050569534302,-1.3416788578033447,-1.8857381343841553
Fluid,24872,24872,0.5601712,1.0,1.0,0.013808876314832933,0.027767750697770443,-0.08471027580862724,-0.09751457731831423,0.924653330687062,0.7986710442198802,0.24856043571985817,0.24856082065706134,1.0,1.0,19.97286313544059,19.945858494727013,0.56,0.00017118692399997748,0.32256365,0.40046537,1.5491182804107666,1.5613676309585571,-1.5831713676452637,-1.6164008378982544,3.003812313079834,2.4137680530548096,0.02362919971346855,0.024383731186389923,1.1877567768096924,1.2503916025161743,-1.305418610572815,-2.0177366733551025
Fluid,24872,24872,0.6040503,1.0,1.0,0.016807130867004662,0.03100414103535133,-0.08581957018358442,-0.10207615837759745,0.9113367630904058,0.7843421200150579,0.24910267646552983,0.24853935224784734,1.0,1.0,19.967045536528985,19.939658047570873,0.6,0.004050338268000053,0.31614593,0.41021067,1.5505003929138184,1.5627596378326416,-1.5898139476776123,-1.631980538368225,2.988872528076172,2.39501953125,0.023854156956076622,0.025019749999046326,1.1881619691848755,1.2576223611831665,-1.243296504020691,-2.148162603378296
Fluid,24872,24872,0.6436543,1.0,1.0,0.01961706873962666,0.034245476702174274,-0.08691969819890558,-0.10721343601779726,0.8996463806756188,0.7698736154311359,0.24974706035966204,0.2485999949729527,1.0,1.0,19.96161423261697,19.933461920246504,0.64,0.003654346465999936,0.3120715,0.42750102,1.5518194437026978,1.5644950866699219,-1.5964761972427368,-1.649850606918335,2.9781785011291504,2.3762705326080322,0.023760072886943817,0.02504456602036953,1.188578724861145,1.2640340328216553,-1.1686004400253296,-2.277895450592041
Fluid,24872,24872,0.6833947,1.0,1.0,0.02250030916853499,0.0374924411134213,-0.08814817943670761,-0.11298880943015695,0.8881832413532196,0.7551909538258368,0.2505375963856516,0.24877649297089705,1.0,1.0,19.956059533708462,19.92726701177865,0.68,0.003394670485999951,0.3100059,0.448606,1.553227424621582,1.5667041540145874,-1.6039421558380127,-1.670337200164795,2.969496488571167,2.3568315505981445,0.023886507377028465,0.024126553907990456,1.1890287399291992,1.2695424556732178,-1.0762423276901245,-2.4062373638153076
Fluid,24872,24872,0.7233872,1.0,1.0,0.02546049254055999,0.040742843132382675,-0.08953356694180882,-0.11946269233777565,0.8768501620716184,0.7402950112891991,0.2514618784860232,0.24907926672953667,1.0,1.0,19.950373236793304,19.921076432114898,0.72,0.0033872413640000376,0.31033516,0.4663112,1.5547335147857666,1.5692743062973022,-1.6122738122940063,-1.6932892799377441,2.960085868835449,2.3362302780151367,0.023947881534695625,0.023329798132181168,1.1894947290420532,1.2746344804763794,-0.9665481448173523,-2.507382869720459
Fluid,24872,24872,0.7624359,1.0,1.0,0.028403598411540675,0.04399800941193516,-0.09114608525007366,-0.12668169866189907,0.8658212944433116,0.7254401950071868,0.2521622135081793,0.2494228103844555,1.0,1.0,19.9447349297268,19.91488755842082,0.76,0.0024359130859999967,0.308592,0.48767215,1.5563273429870605,1.5721362829208374,-1.6211215257644653,-1.725625991821289,2.949876546859741,2.3133513927459717,0.02438431605696678,0.023045865818858147,1.1899954080581665,1.2794277667999268,-0.9167491793632507,-2.523674964904785
Fluid,24872,24872,0.8024359,1.0,1.0,0.031459705037698064,0.047249999543066135,-0.09310588097951986,-0.13460959628555083,0.8547183888952822,0.7103774432666856,0.25249478162263916,0.24984056625803397,1.0,1.0,19.938894357432808,19.908711583716343,0.8,0.0024358749389999934,0.30307633,0.5139677,1.5580655336380005,1.575430154800415,-1.631105899810791,-1.7696611881256104,2.93906831741333,2.287957191467285,0.024315733462572098,0.023106005042791367,1.1944375038146973,1.2835158109664917,-0.9031397700309753,-2.534722328186035
Fluid,24872,24872,0.8424358,1.0,1.0,0.03454514123256324,0.05048405784640141,-0.0953488793264836,-0.14319449630795103,0.8439484517182586,0.694927371923035,0.2527656441887834,0.2503733025224512,1.0,1.0,19.933009382611726,19.90257560581822,0.84,0.00243583679199999,0.29852968,0.54134184,1.559846043586731,1.5790987014770508,-1.642153263092041,-1.8179136514663696,2.930868148803711,2.2598628997802734,0.023416629061102867,0.023433947935700417,1.2008943557739258,1.2872565984725952,-0.8927077054977417,-2.5414419174194336
Fluid,24872,24872,0.8824358,1.0,1.0,0.03766167147552494,0.053708989433451794,-0.09782998838745616,-0.15231498610707592,0.8334122521058533,0.679000459016346,0.25303944796440603,0.251005989759106,1.0,1.0,19.927076087576204,19.896462350460677,0.88,0.002435798644999987,0.2972752,0.5677209,1.561655044555664,1.5830599069595337,-1.6541264057159424,-1.869295358657837,2.9242496490478516,2.2286195755004883,0.02237227000296116,0.02400478906929493,1.2069783210754395,1.2909551858901978,-0.8834530115127563,-2.5479891300201416
Fluid,24872,24872,0.9224358,1.0,1.0,0.04077866590692636,0.05691934640175385,-0.10053144706785799,-0.161831350876294,0.8230003886392574,0.6625913302579625,0.2533287293976847,0.2517428474391287,1.0,1.0,19.92115297789894,19.890379533617395,0.92,0.0024357604979999836,0.29788506,0.59156245,1.5634918212890625,1.5872441530227661,-1.6669431924819946,-1.922986388206482,2.917609691619873,2.1931819915771484,0.02131054364144802,0.02367887645959854,1.2127982378005981,1.2944316864013672,-0.8774117231369019,-2.55430006980896
Fluid,24872,24872,0.9624357,1.0,1.0,0.0439017572359694,0.06008668308256578,-0.10346163105348112,-0.1715936307095431,0.8126875640769469,0.645792021758671,0.25364783047313505,0.2525968481131268,1.0,1.0,19.915229058718136,19.88437771666813,0.96,0.0024357223509999804,0.29933074,0.6092809,1.5653634071350098,1.59161376953125,-1.6805758476257324,-1.9781123399734497,2.9102864265441895,2.153517484664917,0.02058745175600052,0.023954857140779495,1.2183890342712402,1.2975813150405884,-0.8748661875724792,-2.5601582527160645
Fluid,24872,24872,1.0024357,1.0,1.0,0.04703099757128174,0.06321534183207814,-0.10662743374673861,-0.18149040823096296,0.8024432480106973,0.628849618882555,0.25399775892574294,0.253567962542619,1.0,1.0,19.90930302206747,19.878446430744333,1.0,0.0024356841999999546,0.30090618,0.61671513,1.567257046699524,1.595967173576355,-1.694933295249939,-2.033400297164917,2.9040493965148926,2.109935760498047,0.020732399076223373,0.025048907846212387,1.2237523794174194,1.3013070821762085,-0.8731334209442139,-2.5661416053771973
Fluid,24872,24872,1.0424356,1.0,1.0,0.050165290338152306,0.06627814341375458,-0.1099864272880028,-0.19146384520436124,0.7922710445073717,0.6120592463162005,0.2543611851197764,0.2545170304900914,1.0,1.0,19.903377172378683,19.872636156244727,1.04,0.0024356460599999075,0.30173293,0.609967,1.5691475868225098,1.600138545036316,-1.7097476720809937,-2.087268829345703,2.8978271484375,2.0620241165161133,0.02132805809378624,0.025510169565677643,1.2288975715637207,1.3055928945541382,-0.8717137575149536,-2.572343349456787
Fluid,24872,24872,1.0824356,1.0,1.0,0.05330218355544051,0.06930190505399406,-0.11351297688299006,-0.20150114470008723,0.7821616808850596,0.5959212844081501,0.2547423631353043,0.2552207772351619,1.0,1.0,19.89745422780763,19.86689440941036,1.08,0.0024356079099998595,0.30414793,0.5875795,1.5710865259170532,1.6039916276931763,-1.7268146276474,-2.138558864593506,2.8899691104888916,2.011138916015625,0.02222667634487152,0.021535510197281837,1.2337876558303833,1.3095060586929321,-0.8706011176109314,-2.578639268875122
Fluid,24872,24872,1.1224356,1.0,1.0,0.0564536990135988,0.07221447729413545,-0.1172366657745316,-0.21152503560905292,0.7720819076782451,0.5809577164602945,0.2551547224066035,0.2557711861030869,1.0,1.0,19.891511117043162,19.861353738317924,1.12,0.0024355697599998116,0.30723903,0.55098885,1.5730819702148438,1.6068689823150635,-1.7507296800613403,-2.186408758163452,2.8809762001037598,1.9589780569076538,0.023314587771892548,0.021588511765003204,1.238413691520691,1.3116545677185059,-0.8697707056999207,-2.5851879119873047
Fluid,24872,24872,1.1624355,1.0,1.0,0.059614567482513835,0.07504271786783817,-0.12117661728205242,-0.2214196774615505,0.7619795616165411,0.5672632875172592,0.255589500209062,0.2562431728250691,1.0,1.0,19.885557912100776,19.85596863676705,1.16,0.0024355316199999866,0.3115898,0.5099615,1.5750949382781982,1.6083378791809082,-1.775661587715149,-2.229541540145874,2.872676134109497,1.9071797132492065,0.02414565533399582,0.022129422053694725,1.2428299188613892,1.312536597251892,-0.8689644932746887,-2.5915350914001465
Fluid,24872,24872,1.2024355,1.0,1.0,0.06279861780663001,0.0778110920305854,-0.1253183691931787,-0.23107113353126219,0.7518326401039952,0.5547463965982506,0.25604345119639454,0.25666968620228126,1.0,1.0,19.879568536552288,19.850695806670778,1.2,0.0024354934699999387,0.31668827,0.47048035,1.5771102905273438,1.608683466911316,-1.8016161918640137,-2.2674484252929688,2.865138530731201,1.8590507507324219,0.024644190445542336,0.02281673438847065,1.2470099925994873,1.313129186630249,-0.8680953979492188,-2.5981674194335938
Fluid,24872,24872,1.2424355,1.0,1.0,0.0659824689693139,0.08051825246583276,-0.12966428462997973,-0.2403718652545174,0.7416130259172345,0.5432701082037442,0.25653233123446245,0.2570774763977651,1.0,1.0,19.873585496388973,19.845539788564864,1.24,0.0024354553200001128,0.321822,0.43339154,1.579119086265564,1.6082637310028076,-1.8285937309265137,-2.3003029823303223,2.857923746109009,1.813530445098877,0.024067986756563187,0.019801057875156403,1.2509229183197021,1.3138633966445923,-0.8674015402793884,-2.6055333614349365
Fluid,24872,24872,1.2824354,1.0,1.0,0.06916699252329615,0.08319439439210054,-0.13420416210469813,-0.249229287962097,0.7313194353616925,0.5326817714382741,0.2570729275394606,0.2574868555468378,1.0,1.0,19.867606643619702,19.840447504752778,1.28,0.0024354171800000657,0.3270848,0.4049484,1.5811145305633545,1.6079761981964111,-1.856560468673706,-2.328911304473877,2.8501691818237305,1.771150827407837,0.023563994094729424,0.023995639756321907,1.2545416355133057,1.31449556350708,-0.8674178719520569,-2.6131539344787598
Fluid,24872,24872,1.3224354,1.0,1.0,0.07235044930150078,0.08587300855105492,-0.13892727407925465,-0.2575967240275503,0.7209559558694101,0.5227806158473157,0.25767115438478316,0.25792441728272336,1.0,1.0,19.86163407401204,19.83535829338854,1.32,0.0024353790300000178,0.33168745,0.3827783,1.5830788612365723,1.6083266735076904,-1.8854655027389526,-2.3541698455810547,2.8417105674743652,1.7319562435150146,0.023379378020763397,0.024381989613175392,1.2578791379928589,1.3151750564575195,-0.8666433095932007,-2.620407819747925
Fluid,24872,24872,1.3624353,1.0,1.0,0.0755382369123762,0.08854205420793923,-0.14380884870357186,-0.2654801617461431,0.7105212459806802,0.5134773537754442,0.2583076118192932,0.2584066047085223,1.0,1.0,19.855656603518387,19.83029438667874,1.36,0.00243534087999997,0.3359288,0.3641315,1.5849980115890503,1.6095889806747437,-1.9151939153671265,-2.376924753189087,2.835144281387329,1.6955558061599731,0.02345317229628563,0.024669654667377472,1.2609280347824097,1.3159654140472412,-0.8647937774658203,-2.6278023719787598
Fluid,24872,24872,1.4024353,1.0,1.0,0.0787186996267041,0.09121059708604218,-0.14883233258879935,-0.2729347472831136,0.7000444645866999,0.504796522772991,0.2589932608662455,0.25890440149369043,1.0,1.0,19.84969463774766,19.82524001004037,1.4,0.002435302730000144,0.33978325,0.35507852,1.5868566036224365,1.6120877265930176,-1.9455915689468384,-2.3978981971740723,2.828946352005005,1.6624187231063843,0.02370329573750496,0.024685261771082878,1.263629674911499,1.3165727853775024,-0.8623099327087402,-2.6355087757110596
Fluid,24872,24872,1.4424353,1.0,1.0,0.08191375269450586,0.09390382618122155,-0.15397284768233313,-0.2800393016322466,0.6894830404893139,0.4965919761598109,0.25975584673439744,0.2594215790236392,1.0,1.0,19.843709748134078,19.820147932668558,1.44,0.002435264590000097,0.3442102,0.3488565,1.5886871814727783,1.6156538724899292,-1.9763423204421997,-2.4176137447357178,2.822079658508301,1.6326173543930054,0.024085093289613724,0.023294074460864067,1.2661077976226807,1.3168936967849731,-0.8595362901687622,-2.6431407928466797
Fluid,24872,24872,1.4824352,1.0,1.0,0.08511745400421199,0.09659904566714528,-0.1592055803511427,-0.2868664294735002,0.6788262216175522,0.48886478487074186,0.2605914338710534,0.259953683306981,1.0,1.0,19.837710861532432,19.815060532718043,1.48,0.002435226440000049,0.34881744,0.34318087,1.590561032295227,1.6199837923049927,-2.0073421001434326,-2.4364173412323,2.8145699501037598,1.6051959991455078,0.024560516700148582,0.023775659501552582,1.2683994770050049,1.3170613050460815,-0.8560786843299866,-2.649806022644043
Fluid,24872,24872,1.5224352,1.0,1.0,0.08832290068241673,0.09931716248475866,-0.1644954154034702,-0.29347274536413703,0.6681048990739225,0.4815695538418742,0.2614998153406958,0.2605133605929602,1.0,1.0,19.831713196241267,19.809939032622417,1.52,0.002435188290000001,0.3514147,0.34001088,1.5924863815307617,1.6248955726623535,-2.0386722087860107,-2.4546046257019043,2.8076064586639404,1.5801042318344116,0.02511141635477543,0.02443142794072628,1.270342469215393,1.3170052766799927,-0.8511737585067749,-2.6543357372283936
Fluid,24872,24872,1.5624352,1.0,1.0,0.09151687016848227,0.10206350362486083,-0.16981575755789174,-0.2998993470111545,0.6573363336528978,0.4746342279764666,0.2625081846304777,0.26110766696891646,1.0,1.0,19.825738916906293,19.80477229672331,1.56,0.002435150149999954,0.3536849,0.33744568,1.5944039821624756,1.6302694082260132,-2.0701305866241455,-2.472344398498535,2.8006675243377686,1.5569791793823242,0.02571907453238964,0.024306239560246468,1.2720543146133423,1.3168022632598877,-0.8449044227600098,-2.654116153717041
Fluid,24872,24872,1.6024351,1.0,1.0,0.09470357471222095,0.10481957455946077,-0.17515658423075098,-0.30618218387587637,0.6465544537066708,0.4680314724660551,0.2636413447634967,0.26172968367377974,1.0,1.0,19.819778515235065,19.799591441444356,1.6,0.002435111999999906,0.35486054,0.33529305,1.5962975025177002,1.6360212564468384,-2.1014370918273926,-2.4899373054504395,2.793928861618042,1.5356121063232422,0.02549589052796364,0.02439989522099495,1.2737770080566406,1.3165124654769897,-0.8388106226921082,-2.650424003601074
Fluid,24872,24872,1.6424351,1.0,1.0,0.09788143927780364,0.1075812544153293,-0.18054486966735947,-0.31235270947742166,0.6359543252987059,0.4617359854648505,0.2649378444407532,0.26236252644285846,1.0,1.0,19.81383428569007,19.794404983750567,1.64,0.00243507385000008,0.35222712,0.33320746,1.5980736017227173,1.6420886516571045,-2.13227915763855,-2.508143663406372,2.7872185707092285,1.5159151554107666,0.025177164003252983,0.02315777726471424,1.275496244430542,1.3161380290985107,-0.8341423869132996,-2.6453256607055664
Fluid,24872,24872,1.682435,1.0,1.0,0.10104237144387826,0.11033515438305586,-0.1859589301466992,-0.3184333458414314,0.6255185387756923,0.45575217600287576,0.2664221553627705,0.26299204702552725,1.0,1.0,19.807919635769636,19.789235858144234,1.68,0.002435035710000033,0.34596702,0.33093542,1.5994772911071777,1.6484214067459106,-2.1621522903442383,-2.526021718978882,2.7803871631622314,1.4978963136672974,0.024669092148542404,0.021254921332001686,1.2772622108459473,1.3157271146774292,-0.8301685452461243,-2.6393346786499023
Fluid,24872,24872,1.722435,1.0,1.0,0.10417655057604157,0.11309072260199324,-0.19134653870411153,-0.3244442060199168,0.6153783313250789,0.4500692579738739,0.2681198018826871,0.2636155937218866,1.0,1.0,19.802053589957364,19.784066995342815,1.72,0.002434997559999985,0.33654737,0.3289086,1.600381851196289,1.6549828052520752,-2.190568208694458,-2.5436296463012695,2.773257255554199,1.4814808368682861,0.024290455505251884,0.021072613075375557,1.2792198657989502,1.3153252601623535,-0.8273305296897888,-2.6334500312805176
Fluid,24872,24872,1.762435,1.0,1.0,0.10730223422963625,0.11585783006786873,-0.19661938403262771,-0.33040308859783424,0.6055642172721016,0.4446634771159304,0.2700057952407848,0.2642353426672145,1.0,1.0,19.796204979836116,19.778880419321634,1.76,0.002434959409999937,0.3256916,0.3276563,1.6008994579315186,1.6617437601089478,-2.217137098312378,-2.5610432624816895,2.7657697200775146,1.4665192365646362,0.023997845128178596,0.022921893745660782,1.2813527584075928,1.3149412870407104,-0.8265539407730103,-2.6271393299102783
Fluid,24872,24872,1.8024349,1.0,1.0,0.1104156978388515,0.11860994101253651,-0.20167783985278984,-0.33632428267920955,0.5960911747847614,0.439486475290845,0.2720218656280795,0.2648508090411809,1.0,1.0,19.790380260422133,19.773722609587136,1.8,0.0024349212599998893,0.31264487,0.3268611,1.6012763977050781,1.6701252460479736,-2.24165415763855,-2.5783355236053467,2.758730888366699,1.4527329206466675,0.023831697180867195,0.022593779489398003,1.2835350036621094,1.314568281173706,-0.8260626792907715,-2.6168947219848633
Fluid,24872,24872,1.8424349,1.0,1.0,0.11352794030032677,0.12135581975496719,-0.20645774241408646,-0.34221697736476975,0.5870248992840801,0.43451313808044834,0.2741409176986799,0.26545767276525384,1.0,1.0,19.784562018340175,19.768577537493677,1.84,0.002434883119999842,0.3005589,0.32605252,1.6017411947250366,1.6799955368041992,-2.2643892765045166,-2.5955440998077393,2.75211501121521,1.4398674964904785,0.021807143464684486,0.021831097081303596,1.2855231761932373,1.3142168521881104,-0.8260939717292786,-2.6030848026275635
Fluid,24872,24872,1.8824348,1.0,1.0,0.11663775605480531,0.12409759752073574,-0.21095236050592298,-0.3480883916226165,0.5783248245892834,0.42973949802862993,0.2763515581483212,0.2660501254957769,1.0,1.0,19.77874959071145,19.763441401227336,1.88,0.0024348449700000163,0.2898654,0.325116,1.6024081707000732,1.689859390258789,-2.2854373455047607,-2.6126937866210938,2.745572090148926,1.4277572631835938,0.02200937457382679,0.022680243477225304,1.2873915433883667,1.3139036893844604,-0.8272386193275452,-2.583306312561035
Fluid,24872,24872,1.9224348,1.0,1.0,0.11974033510956746,0.12684502429613645,-0.21516454553299896,-0.35394524640486663,0.5700151063742229,0.4251482937357368,0.2786402902240374,0.26662803403732876,1.0,1.0,19.77295171781229,19.758296631432376,1.92,0.0024348068199999684,0.27817586,0.32432932,1.603227972984314,1.6996990442276,-2.304741144180298,-2.629800796508789,2.7390477657318115,1.4163005352020264,0.02224835380911827,0.024218499660491943,1.2892059087753296,1.3136355876922607,-0.8289926052093506,-2.558929443359375
Fluid,24872,24872,1.9624348,1.0,1.0,0.12282148033646102,0.129581997757548,-0.2190848413198658,-0.35978028933802514,0.5620528052264574,0.4207189718209538,0.2809910358456013,0.2672012725538782,1.0,1.0,19.767194480135267,19.753171591560875,1.96,0.0024347686800001433,0.26776147,0.3231836,1.6041259765625,1.7097642421722412,-2.3222973346710205,-2.646851062774658,2.7324953079223633,1.4069455862045288,0.022541522979736328,0.022404342889785767,1.2909616231918335,1.313429355621338,-0.8311729431152344,-2.5308685302734375
Fluid,24872,24872,2.0024347,1.0,1.0,0.12590281460479477,0.13233376667365515,-0.22272733214466173,-0.3655676194713785,0.5543553970743512,0.416435760794652,0.2833771369784778,0.2677658073015178,1.0,1.0,19.761440608922445,19.74802172134144,2.0,0.0024347305300000954,0.25899434,0.32097816,1.605115294456482,1.7203254699707031,-2.3382880687713623,-2.6637885570526123,2.725877523422241,1.400670051574707,0.022754566743969917,0.021171914413571358,1.2926394939422607,1.317206859588623,-0.8336005806922913,-2.5024614334106445
Fluid,24872,24872,2.0424356,1.0,1.0,0.1289800682124942,0.13507431839040657,-0.2261078363098294,-0.37124898894946096,0.5469415780147415,0.412283005660634,0.28578560476905934,0.26831031355818497,1.0,1.0,19.75569591394917,19.742893203311734,2.04,0.0024356460599999075,0.2506494,0.31670293,1.606282353401184,1.7307802438735962,-2.352867364883423,-2.6804933547973633,2.7191872596740723,1.3944487571716309,0.022843921557068825,0.022225795313715935,1.2943146228790283,1.3214753866195679,-0.8363820910453796,-2.474256992340088
Fluid,24872,24872,2.0824366,1.0,1.0,0.13206060835222122,0.1377830872349789,-0.22924734379071113,-0.37674836276474133,0.5397646372486894,0.4082493562847897,0.2881984879122066,0.26882869572425105,1.0,1.0,19.749948989850374,19.73782159677078,2.08,0.0024365615799997187,0.24462345,0.31076813,1.6076562404632568,1.741034984588623,-2.3661675453186035,-2.6778578758239746,2.7124359607696533,1.388280987739563,0.02299180068075657,0.023272573947906494,1.2960340976715088,1.3256722688674927,-0.8389185070991516,-2.4467878341674805
Fluid,24872,24872,2.1224375,1.0,1.0,0.13515885943962047,0.14048280957670858,-0.23216895524822187,-0.3819894186799508,0.5327853553837969,0.40432453627110093,0.2905971800893927,0.2693250568608424,1.0,1.0,19.74417305958927,19.732767158054624,2.12,0.002437477109999975,0.23503381,0.30281204,1.6092504262924194,1.7510426044464111,-2.3783011436462402,-2.691389322280884,2.7056498527526855,1.3821638822555542,0.022763043642044067,0.023320045322179794,1.2978065013885498,1.3298345804214478,-0.8413733839988708,-2.419004440307617
Fluid,24872,24872,2.1624384,1.0,1.0,0.13824583040383243,0.14316737428293624,-0.2348897620982704,-0.38688039323677487,0.5260265659285969,0.4004997873343899,0.2929697969731837,0.26979758757115735,1.0,1.0,19.738421082496643,19.727739531842793,2.16,0.002438392639999787,0.2290359,0.29284355,1.6126676797866821,1.7608306407928467,-2.3893892765045166,-2.688490629196167,2.6988508701324463,1.376094102859497,0.02241619862616062,0.023220112547278404,1.2996459007263184,1.333965539932251,-0.8438209891319275,-2.3908398151397705
Fluid,24872,24872,2.2024393,1.0,1.0,0.14133146786220685,0.1458324996566765,-0.23742114041487683,-0.3913417943555894,0.5194422120489623,0.39677314053891105,0.29529479883529797,0.2702435772638226,1.0,1.0,19.732674258358802,19.722748477384567,2.2,0.002439308170000043,0.22539017,0.28104886,1.6178430318832397,1.7704596519470215,-2.399547815322876,-2.6932733058929443,2.6920409202575684,1.3700700998306274,0.021188227459788322,0.022453483194112778,1.3014534711837769,1.3380308151245117,-0.8460280299186707,-2.363556385040283
Fluid,24872,24872,2.2421947,1.0,1.0,0.14441597695033498,0.1484744663241366,-0.23976173758358194,-0.3953008554516682,0.5130843154549234,0.3931463582763384,0.2975521513798456,0.27066117802885253,1.0,1.0,19.7269327700349,19.717799709593994,2.24,0.0021946525599996214,0.21589562,0.26750678,1.6229039430618286,1.7799873352050781,-2.4088034629821777,-2.6948788166046143,2.685283899307251,1.36409330368042,0.020206963643431664,0.022581329569220543,1.3031442165374756,1.3420318365097046,-0.8480374217033386,-2.336477756500244
Fluid,24872,24872,2.2821956,1.0,1.0,0.14752499404966016,0.15110638168684715,-0.24194665068500498,-0.3986770381849054,0.5069131414571058,0.38961203133114625,0.2997544485845243,0.27104963620495187,1.0,1.0,19.72115078184067,19.712871235028153,2.28,0.0021955680800003208,0.20942937,0.25217575,1.627910852432251,1.7894788980484009,-2.4172866344451904,-2.7026877403259277,2.678511381149292,1.3581616878509521,0.01948849856853485,0.02215498872101307,1.3073574304580688,1.3459702730178833,-0.8499840497970581,-2.3090479373931885
Fluid,24872,24872,2.3221965,1.0,1.0,0.1506430746513062,0.15373946299417102,-0.24396650586584293,-0.4014224131109631,0.500944858459527,0.3861616112303945,0.30185334557285737,0.2714100423401012,1.0,1.0,19.71535626666344,19.707942855208586,2.32,0.002196483610000133,0.20068257,0.23644724,1.6327491998672485,1.7989637851715088,-2.424938678741455,-2.7064435482025146,2.6717982292175293,1.3522709608078003,0.01896895095705986,0.021918730810284615,1.312589406967163,1.3498387336730957,-0.8518054485321045,-2.2813873291015625
Fluid,24872,24872,2.3621974,1.0,1.0,0.15377367595460523,0.15635258215278738,-0.24582009854332276,-0.40353683332696044,0.49522921287298294,0.38279042989079987,0.30380687733924394,0.27174779430042273,1.0,1.0,19.709542441651845,19.703049945616577,2.36,0.002197399139999945,0.19007961,0.22091116,1.6374667882919312,1.8084386587142944,-2.431759834289551,-2.7066726684570312,2.6672911643981934,1.3464194536209106,0.018626000732183456,0.021589674055576324,1.3172972202301025,1.3536629676818848,-0.8534983396530151,-2.2539114952087402
Fluid,24872,24872,2.4021983,1.0,1.0,0.1569099496742701,0.15897163162296463,-0.24749239727443736,-0.40503896800750233,0.48979380303532805,0.3794960164144934,0.30558368110255735,0.27206925375116464,1.0,1.0,19.703722459244627,19.69814847684359,2.4,0.002198314670000201,0.17818277,0.20582491,1.642048716545105,1.8178938627243042,-2.4377083778381348,-2.7147414684295654,2.6637654304504395,1.3406012058258057,0.018430115655064583,0.022320803254842758,1.3214205503463745,1.3574804067611694,-0.8550418019294739,-2.225637912750244
Fluid,24872,24872,2.4421992,1.0,1.0,0.16006372255713802,0.16158525310994462,-0.24896660186918007,-0.4059511547789562,0.4846026820480229,0.3762752787333165,0.3071689997314103,0.2723773465563133,1.0,1.0,19.697876275410106,19.693258609178173,2.44,0.002199230190000012,0.1683163,0.19168587,1.6464769840240479,1.8273268938064575,-2.4428141117095947,-2.717320203781128,2.660219192504883,1.334820032119751,0.01837885193526745,0.022346731275320053,1.325005292892456,1.3613035678863525,-0.8563668727874756,-2.1971435546875
Fluid,24872,24872,2.4822001,1.0,1.0,0.16322999332868185,0.1641862903510068,-0.250243476499591,-0.40631004958361117,0.47962636687707766,0.3731246993427059,0.3085750258381049,0.27267551781621496,1.0,1.0,19.692011381890392,19.688393648240528,2.48,0.0022001457199998242,0.1588771,0.17890888,1.650769591331482,1.836709976196289,-2.447219133377075,-2.724123001098633,2.6566617488861084,1.3290740251541138,0.018465327098965645,0.022780533879995346,1.3281397819519043,1.365135669708252,-0.8577274084091187,-2.1677441596984863
Fluid,24872,24872,2.5222011,1.0,1.0,0.16641942361006812,0.16679128785523964,-0.2513312529666926,-0.4061679584721577,0.47485789614656193,0.3700390273602377,0.3098130727759454,0.27296877622265175,1.0,1.0,19.686110263432134,19.68352503989739,2.52,0.0022010612500000803,0.1507701,0.16774891,1.6549336910247803,1.8460010290145874,-2.4516453742980957,-2.7259740829467773,2.6531050205230713,1.3233598470687866,0.01859237626194954,0.020969051867723465,1.3308840990066528,1.3689547777175903,-0.859186589717865,-2.1377177238464355
Fluid,24872,24872,2.562202,1.0,1.0,0.16962567286713479,0.16940303981854268,-0.2522399655847917,-0.40558357805749967,0.47028282193162074,0.3670161043341853,0.31090222102180054,0.27325973569518236,1.0,1.0,19.68018199067746,19.678644299200396,2.56,0.0022019767799998924,0.14343873,0.15813914,1.658973217010498,1.8551604747772217,-2.455388307571411,-2.727306604385376,2.6495580673217773,1.3176803588867188,0.018798504024744034,0.022036880254745483,1.3333032131195068,1.372731328010559,-0.8607147336006165,-2.1074860095977783
Fluid,24872,24872,2.6022029,1.0,1.0,0.17285445983522232,0.17202409959389212,-0.2529858802627214,-0.40461457409902246,0.46588618588825853,0.364057249513231,0.31185989659498076,0.27354962899670515,1.0,1.0,19.674216777728507,19.673748125329052,2.6,0.0022028922999997036,0.13700029,0.14988732,1.6628659963607788,1.8641581535339355,-2.4585602283477783,-2.7286365032196045,2.646024465560913,1.312041163444519,0.019062524661421776,0.020917611196637154,1.3354473114013672,1.3764511346817017,-0.8622826337814331,-2.076201915740967
Fluid,24872,24872,2.6422038,1.0,1.0,0.17609544424071558,0.17465213497728366,-0.25359225088642684,-0.40331533254594826,0.46165111681229853,0.3611633428070639,0.31270156169539226,0.2738389009896457,1.0,1.0,19.6682341506758,19.66883969790071,2.64,0.0022038078299999597,0.131369,0.14293036,1.6666010618209839,1.8730098009109497,-2.4612526893615723,-2.7316558361053467,2.6425037384033203,1.3064459562301636,0.019355330616235733,0.01954326592385769,1.33736252784729,1.3801101446151733,-0.8638195991516113,-2.0450685024261475
Fluid,24872,24872,2.6822047,1.0,1.0,0.17936683757183164,0.17730501742319602,-0.25407742670061406,-0.40173255571248967,0.4575540578156355,0.3583321313813494,0.31344457229278605,0.27412777324853527,1.0,1.0,19.662201680298132,19.663890951045573,2.68,0.0022047233599997718,0.12724948,0.13710365,1.6702375411987305,1.881765604019165,-2.463548421859741,-2.732391595840454,2.6389942169189453,1.3008965253829956,0.019663624465465546,0.02281583659350872,1.339095950126648,1.383713960647583,-0.8653128147125244,-2.0165302753448486
Fluid,24872,24872,2.7222056,1.0,1.0,0.18266367882918857,0.17998067636524498,-0.25446517152201603,-0.399904105794188,0.4535890880847981,0.3555604922809108,0.31410319479103355,0.2744171446341554,1.0,1.0,19.65612888738786,19.658905114840756,2.72,0.002205638889999584,0.12278898,0.1322296,1.6737486124038696,1.8904777765274048,-2.4655301570892334,-2.732424736022949,2.6354947090148926,1.2953904867172241,0.019986189901828766,0.02297133207321167,1.3406568765640259,1.3872795104980469,-0.866813063621521,-1.9884934425354004
Fluid,24872,24872,2.7622066,1.0,1.0,0.18599210085381973,0.18264349016415768,-0.2547734150047878,-0.3978591263984699,0.4497295016245081,0.3528468915459485,0.3146919681195129,0.27470805675171195,1.0,1.0,19.65000397697374,19.653943440928725,2.76,0.002206554410000283,0.119836956,0.12816902,1.6771938800811768,1.8993252515792847,-2.4672861099243164,-2.7324941158294678,2.6320018768310547,1.2899224758148193,0.020405255258083344,0.02280256524682045,1.342045783996582,1.3908162117004395,-0.8682805299758911,-1.9604575634002686
Fluid,24872,24872,2.8022075,1.0,1.0,0.1893327054895713,0.18530304699067085,-0.2550199179995946,-0.3956216647593444,0.44597021381431534,0.3501875955898593,0.3152217480746843,0.2750007648679526,1.0,1.0,19.643860678958063,19.648989761055915,2.8,0.0022074699400000952,0.11751859,0.12495372,1.6805672645568848,1.9081361293792725,-2.4688730239868164,-2.7325470447540283,2.6285109519958496,1.2844879627227783,0.02088971808552742,0.022675158455967903,1.3432812690734863,1.394323706626892,-0.8697183132171631,-1.9321351051330566
Fluid,24872,24872,2.8422084,1.0,1.0,0.1926836183883065,0.18796909716618052,-0.25522010409930435,-0.3932126555840454,0.44230934748302964,0.34758126131488365,0.315700769979218,0.27529642148038047,1.0,1.0,19.637702040175373,19.64402715935129,2.84,0.0022083854700003513,0.114399016,0.12243413,1.6838537454605103,1.9168846607208252,-2.4703240394592285,-2.7325642108917236,2.6250157356262207,1.279085397720337,0.02144572325050831,0.021880220621824265,1.34439218044281,1.3978148698806763,-0.8711471557617188,-1.9042943716049194
Fluid,24872,24872,2.8822093,1.0,1.0,0.19605333814730322,0.19067197636183586,-0.25538418018572145,-0.3906525865660896,0.43872897410380357,0.3450263581548279,0.316136043428615,0.27559617706001566,1.0,1.0,19.631512927257504,19.639003009227128,2.88,0.0022093009900001626,0.112151615,0.12056809,1.6872256994247437,1.925557255744934,-2.471667766571045,-2.732541561126709,2.6215102672576904,1.2737162113189697,0.022076362743973732,0.019126979634165764,1.345395803451538,1.4013011455535889,-0.8725697994232178,-1.8758480548858643
Fluid,24872,24872,2.9222102,1.0,1.0,0.19942882456927377,0.1933825946287383,-0.2555144375571175,-0.38796352053971184,0.4352062842827386,0.34251864670506826,0.3165387088870935,0.2759015574005375,1.0,1.0,19.625316086287818,19.633967040512253,2.92,0.0022102165199999746,0.108640134,0.119231775,1.6907947063446045,1.9341622591018677,-2.4729113578796387,-2.732468843460083,2.617990255355835,1.2683775424957275,0.022772615775465965,0.01761660724878311,1.3463066816329956,1.404792070388794,-0.8739917874336243,-1.845495581626892
Fluid,24872,24872,2.9622111,1.0,1.0,0.20282048466598235,0.1960987611787792,-0.25561078762191947,-0.3851640999707192,0.43172918225363877,0.3400579860114009,0.316912883156438,0.2762136198224325,1.0,1.0,19.619093334264562,19.628924634879176,2.96,0.0022111320500002307,0.10473491,0.118188865,1.6948585510253906,1.9427154064178467,-2.4740500450134277,-2.732382297515869,2.614457607269287,1.263068437576294,0.023532746359705925,0.021703066304326057,1.3471359014511108,1.4082928895950317,-0.8753805160522461,-1.8166700601577759
Fluid,24872,24872,3.002212,1.0,1.0,0.206231523618895,0.1988262455681034,-0.2556748616313079,-0.38227109269269866,0.4283035282111805,0.3376415683962788,0.317260487395456,0.2765328320289486,1.0,1.0,19.61283936022025,19.62386636367447,3.0,0.0022120475800000428,0.104427844,0.11738625,1.6989091634750366,1.9512556791305542,-2.47507905960083,-2.7323050498962402,2.6109201908111572,1.2577881813049316,0.024013908579945564,0.02229348011314869,1.3479241132736206,1.4117985963821411,-0.8767215013504028,-1.7880921363830566
Fluid,24872,24872,3.042213,1.0,1.0,0.20966163272198945,0.20157684837251766,-0.25570489193144175,-0.3792977853282452,0.42494720818855924,0.33526699208782074,0.31758256564294385,0.2768583470357092,1.0,1.0,19.606554900154343,19.61877034165998,3.04,0.002212963099999854,0.102630004,0.116779506,1.702919363975525,1.9597800970077515,-2.475998640060425,-2.7321879863739014,2.6073920726776123,1.2525357007980347,0.023728329688310623,0.020587315782904625,1.3486964702606201,1.4153047800064087,-0.8780059814453125,-1.7595512866973877
Fluid,24872,24872,3.0822139,1.0,1.0,0.2131320684496488,0.20433271859494562,-0.2557030411144487,-0.37625185931631655,0.42166433989119184,0.33293170734304467,0.31787824595386305,0.2771879038423016,1.0,1.0,19.60020240632312,19.613667711754555,3.08,0.00221387863000011,0.099402525,0.11634967,1.7069092988967896,1.9682742357254028,-2.4768190383911133,-2.731914758682251,2.6038870811462402,1.2473082542419434,0.023316673934459686,0.021314088255167007,1.349459171295166,1.4188096523284912,-0.8792269229888916,-1.731568455696106
Fluid,24872,24872,3.1222148,1.0,1.0,0.21662545744176342,0.2070985192711553,-0.2556799303440856,-0.3731374547766787,0.4184199564128811,0.33063596601835515,0.31815294241273756,0.2775182049109593,1.0,1.0,19.593813546143302,19.608548007658648,3.12,0.002214794159999922,0.099282555,0.116013326,1.7108184099197388,1.9767143726348877,-2.4775519371032715,-2.731491804122925,2.600416421890259,1.2421056032180786,0.02133832313120365,0.022572895511984825,1.3502107858657837,1.422310709953308,-0.8803931474685669,-1.7046009302139282
Fluid,24872,24872,3.1622157,1.0,1.0,0.22013725146868898,0.2098585305606827,-0.25563580674877473,-0.36995829887575526,0.4152394205439793,0.32837989216627855,0.3184126141136349,0.2778477976467094,1.0,1.0,19.587394754002432,19.603440197574706,3.16,0.002215709689999734,0.09824518,0.11576332,1.7146456241607666,1.9850744009017944,-2.47821044921875,-2.7309281826019287,2.59698486328125,1.2369344234466553,0.01936630718410015,0.021915925666689873,1.35094153881073,1.4258061647415161,-0.8815098404884338,-1.6780253648757935
Fluid,24872,24872,3.2022166,1.0,1.0,0.22366150703126786,0.2126128125103382,-0.25557031781730494,-0.3667186486803477,0.41213129268945387,0.3261612104325372,0.3186615221952635,0.27817691540557093,1.0,1.0,19.580955957170083,19.598344832879242,3.2,0.0022166252099999895,0.09466481,0.11560222,1.7184247970581055,1.9933335781097412,-2.4788036346435547,-2.730234146118164,2.593590497970581,1.2317954301834106,0.019330404698848724,0.02239321358501911,1.3516486883163452,1.4292997121810913,-0.8825774788856506,-1.6512105464935303
Fluid,24872,24872,3.2422175,1.0,1.0,0.22719199807647505,0.21537601963964972,-0.2554900669447099,-0.36342201135536173,0.4090492272958933,0.32397995730429163,0.31890506254196876,0.2785060204056166,1.0,1.0,19.574508527691012,19.593237293153837,3.24,0.0022175407399998015,0.09515279,0.11550173,1.7221120595932007,2.001487970352173,-2.4793407917022705,-2.729417324066162,2.5902276039123535,1.2266870737075806,0.019296720623970032,0.02310336008667946,1.352335810661316,1.4327824115753174,-0.883597731590271,-1.6235252618789673
Fluid,24872,24872,3.2822185,1.0,1.0,0.2307356206742472,0.21813838286722534,-0.2553945492189791,-0.36007238866958435,0.40604742222505114,0.3218335192359986,0.31914146906921226,0.27883472213286437,1.0,1.0,19.568041674076227,19.588134428204047,3.28,0.0022184562700000576,0.09143349,0.115459025,1.7257404327392578,2.0095529556274414,-2.479832410812378,-2.7284891605377197,2.586888313293457,1.2216076850891113,0.0192647073417902,0.02304673008620739,1.3529983758926392,1.4362324476242065,-0.8851756453514099,-1.5914382934570312
Fluid,24872,24872,3.3222194,1.0,1.0,0.23429335331381815,0.22090301724683922,-0.25528641346590125,-0.35667356936067546,0.4030603148572922,0.319719721284872,0.3193729381576194,0.2791632271206364,1.0,1.0,19.561553188979186,19.583031248839273,3.32,0.0022193718000003138,0.09077938,0.11547329,1.7293294668197632,2.017548084259033,-2.480283498764038,-2.7274608612060547,2.583562135696411,1.2165557146072388,0.01923425868153572,0.022787494584918022,1.3536313772201538,1.4396324157714844,-0.886925220489502,-1.5546003580093384
Fluid,24872,24872,3.3622203,1.0,1.0,0.2378590821095949,0.22367396460548708,-0.2551682263899723,-0.353228924226827,0.40011402656055806,0.3176367287104665,0.3195936376614168,0.27949123812853627,1.0,1.0,19.555053138778923,19.577918689632078,3.36,0.002220287320000125,0.08972452,0.11552267,1.7328847646713257,2.0254886150360107,-2.4807002544403076,-2.726341962814331,2.580235004425049,1.2115278244018555,0.01920524798333645,0.022652296349406242,1.3542404174804688,1.4429699182510376,-0.888581395149231,-1.5150704383850098
Fluid,24872,24872,3.4022212,1.0,1.0,0.24143400349573235,0.22645291270302356,-0.2550350306943555,-0.34974210145597184,0.39724702597775485,0.31558520105474497,0.3198041073421024,0.2798190677782667,1.0,1.0,19.54853861421663,19.57279410612242,3.4,0.002221202849999937,0.08706032,0.11557096,1.736415147781372,2.0333809852600098,-2.4810850620269775,-2.7251412868499756,2.576890468597412,1.206523060798645,0.019177589565515518,0.02036384679377079,1.3548088073730469,1.446236491203308,-0.8901708126068115,-1.4699723720550537
Fluid,24872,24872,3.4422221,1.0,1.0,0.24501239389604618,0.22924392255218645,-0.2548809814250834,-0.3462173688309624,0.3944582809591064,0.3135642210993977,0.32001802941593704,0.28014771967510205,1.0,1.0,19.54202039029369,19.567651239535017,3.44,0.002222118380000193,0.08566443,0.11560492,1.7399307489395142,2.041226387023926,-2.4814376831054688,-2.723867416381836,2.5735108852386475,1.2015397548675537,0.019151175394654274,0.020684437826275826,1.3553532361984253,1.4494340419769287,-0.8916447758674622,-1.421306848526001
Fluid,24872,24872,3.482223,1.0,1.0,0.24861010231195046,0.23203527450532926,-0.2547129214177074,-0.34265887635484715,0.3917208042092521,0.3115722477195971,0.3202342099124491,0.2804772752948589,1.0,1.0,19.53547171938262,19.56250983773799,3.48,0.002223033910000005,0.08410713,0.11561676,1.7434229850769043,2.049041986465454,-2.481762647628784,-2.7225282192230225,2.5700786113739014,1.1965774297714233,0.01912592351436615,0.02296825498342514,1.3580037355422974,1.4525761604309082,-0.8930796980857849,-1.3738242387771606
Fluid,24872,24872,3.5222239,1.0,1.0,0.2522298926121068,0.23483911034832072,-0.25453646804528696,-0.3390693037335432,0.38902964487587377,0.30960938317996883,0.3204552697161258,0.28080770663982535,1.0,1.0,19.528886652368563,19.557349431050785,3.52,0.0022239494299998164,0.083019875,0.115586944,1.746894121170044,2.0568490028381348,-2.482064962387085,-2.7211289405822754,2.5665841102600098,1.191638469696045,0.01910175383090973,0.022987032309174538,1.3610366582870483,1.4556822776794434,-0.8944709897041321,-1.3265104293823242
Fluid,24872,24872,3.5622249,1.0,1.0,0.25587054098714856,0.23765912839622352,-0.2543526609647203,-0.3354512034151817,0.3863822378605501,0.3076755413853726,0.32068118846979254,0.2811378077787636,1.0,1.0,19.52226752527813,19.552164558621993,3.56,0.0022248649600000725,0.085253,0.11554539,1.75033438205719,2.0646538734436035,-2.4823408126831055,-2.7196757793426514,2.563030242919922,1.1867239475250244,0.019078604876995087,0.021612966433167458,1.3640567064285278,1.458770513534546,-0.8958212733268738,-1.2789734601974487
Fluid,24872,24872,3.6022258,1.0,1.0,0.2595238588801631,0.2404820814978928,-0.25415684980447845,-0.33180683174872416,0.38375797487135427,0.30576950946998604,0.3209057943361253,0.2814660273126451,1.0,1.0,19.515630174043594,19.54697696980114,3.6,0.0022257804899998845,0.08300475,0.11550924,1.7537442445755005,2.072458505630493,-2.482593297958374,-2.7181763648986816,2.559441089630127,1.181832194328308,0.019056381657719612,0.021496029570698738,1.3670555353164673,1.4618496894836426,-0.8971384167671204,-1.2309162616729736
Fluid,24872,24872,3.6422267,1.0,1.0,0.2631889531307083,0.24329964747111807,-0.2539517306766885,-0.3281375790471987,0.38119613892890347,0.3038908959942729,0.3211300344883958,0.2817912769278749,1.0,1.0,19.508975833932393,19.54179923267524,3.64,0.0022266960099996957,0.08089289,0.11548934,1.7571531534194946,2.0802557468414307,-2.4828202724456787,-2.7166361808776855,2.5558509826660156,1.1769627332687378,0.019035054370760918,0.023018470034003258,1.3700690269470215,1.4649280309677124,-0.8984317779541016,-1.1835956573486328
Fluid,24872,24872,3.6822276,1.0,1.0,0.26686592032134415,0.24612073101809068,-0.2537462326027597,-0.3244454612072956,0.37863118094612297,0.3020382118084096,0.32135543772279174,0.28211330065547646,1.0,1.0,19.502302851198415,19.536618367465373,3.68,0.002227611539999952,0.08007345,0.11547218,1.7605559825897217,2.0880496501922607,-2.4830284118652344,-2.7150609493255615,2.5522918701171875,1.172115445137024,0.019014539197087288,0.020887654274702072,1.3731008768081665,1.4680054187774658,-0.899701714515686,-1.1358855962753296
Fluid,24872,24872,3.7222285,1.0,1.0,0.2705522991813565,0.24895502264088334,-0.25354080577965094,-0.32073265279713037,0.37610047464248486,0.30021182486075093,0.32157783682575436,0.28243199035721067,1.0,1.0,19.495616120707762,19.531417916234417,3.72,0.002228527069999764,0.07907665,0.11541015,1.7639222145080566,2.095844030380249,-2.483222484588623,-2.7134554386138916,2.548783540725708,1.1672892570495605,0.018994808197021484,0.02318461984395981,1.3761169910430908,1.47108793258667,-0.9009507298469543,-1.0885987281799316
Fluid,24872,24872,3.7622294,1.0,1.0,0.2742342818523184,0.25178388643179717,-0.2533329723090719,-0.3170008218013548,0.37361097712343544,0.29840961314778836,0.3217973519182187,0.2827479343757771,1.0,1.0,19.48893898125437,19.52622930709861,3.76,0.00222944260000002,0.07814208,0.115367234,1.7672476768493652,2.1036384105682373,-2.483402729034424,-2.7118234634399414,2.545325994491577,1.162481665611267,0.018975794315338135,0.019283249974250793,1.379106879234314,1.4741835594177246,-0.9021784663200378,-1.041185975074768
Fluid,24872,24872,3.8022304,1.0,1.0,0.2779204125486842,0.2546120265588848,-0.25312075732442396,-0.31325062113041496,0.37114784070319085,0.2966307106568041,0.3220119207479051,0.2830614427750106,1.0,1.0,19.482256427805076,19.521043500512235,3.8,0.0022303581200002753,0.07747856,0.11536285,1.7705304622650146,2.111424446105957,-2.483567237854004,-2.710169792175293,2.5419118404388428,1.1576913595199585,0.01895744726061821,0.02277928777039051,1.3820675611495972,1.4772968292236328,-0.9033891558647156,-0.9944995045661926
Fluid,24872,24872,3.8422313,1.0,1.0,0.2816010247951085,0.25742810492777163,-0.25290181723010813,-0.3094820215175963,0.36871211161265127,0.2948742117826375,0.32222306468181905,0.28337276635209296,1.0,1.0,19.475585107367763,19.515879242433233,3.84,0.0022312736500000874,0.076744825,0.115356825,1.7737606763839722,2.1191890239715576,-2.483715772628784,-2.7084977626800537,2.538524866104126,1.1529183387756348,0.018939737230539322,0.02234485186636448,1.3849995136260986,1.4804106950759888,-0.9045841693878174,-0.9890866279602051
Fluid,24872,24872,3.8822322,1.0,1.0,0.28529271591807404,0.26024084594679564,-0.2526780866461978,-0.30569488250932947,0.3663058462938406,0.2931409046376959,0.32242788145309714,0.283682728224328,1.0,1.0,19.468896369184087,19.510723505958786,3.88,0.0022321891799998994,0.076109715,0.115350135,1.7771989107131958,2.1269218921661377,-2.483853816986084,-2.706810474395752,2.535146713256836,1.148165225982666,0.018922604620456696,0.018787601962685585,1.3878953456878662,1.483510971069336,-0.9057702422142029,-0.991624653339386
Fluid,24872,24872,3.9222331,1.0,1.0,0.28898926189671525,0.2630656890157059,-0.252453555542905,-0.3018898997790141,0.3639238317949106,0.2914314893980194,0.32262834092465575,0.2839916855927681,1.0,1.0,19.462200835534098,19.505550043342886,3.92,0.0022331047100001555,0.07543257,0.115346886,1.7806291580200195,2.1346309185028076,-2.4839816093444824,-2.705111265182495,2.5317599773406982,1.1434327363967896,0.018906040117144585,0.0224763210862875,1.3907579183578491,1.486589789390564,-0.9069483876228333,-0.9940931797027588
Fluid,24872,24872,3.962234,1.0,1.0,0.2926934806541165,0.2659071569981908,-0.252225912876961,-0.2980686405067919,0.3615600763932895,0.2897454383881896,0.32282648550540793,0.28430005409420006,1.0,1.0,19.455494885890957,19.50035073915146,3.96,0.0022340202299999667,0.07511687,0.11533767,1.7840131521224976,2.142343282699585,-2.484102725982666,-2.7034029960632324,2.5283493995666504,1.138721227645874,0.018889974802732468,0.022498972713947296,1.3935861587524414,1.489646553993225,-0.9081141352653503,-0.9964970946311951
Fluid,24872,24872,4.0022349,1.0,1.0,0.29640053412152423,0.2687587774856837,-0.25199259986760064,-0.29423244683513516,0.3592151004796948,0.28808110961588695,0.32302423678196146,0.28460797438018126,1.0,1.0,19.44878579769613,19.495136290664036,4.0,0.0022349357599997788,0.07477932,0.11530333,1.7873475551605225,2.1500751972198486,-2.484217405319214,-2.701688289642334,2.524902820587158,1.1340285539627075,0.018874391913414,0.022572824731469154,1.3963675498962402,1.4926823377609253,-0.9092753529548645,-0.9988507628440857
Fluid,24872,24872,4.0422359,1.0,1.0,0.30010848557492753,0.2716007883681447,-0.2517563771858935,-0.29038222711539297,0.3568766624439836,0.28643726909173073,0.3232263529219797,0.28491482243868904,1.0,1.0,19.442076168055703,19.489938931781097,4.04,0.002235851290000035,0.07473275,0.11529578,1.7906320095062256,2.157837390899658,-2.4843289852142334,-2.699972152709961,2.5214083194732666,1.1293528079986572,0.0188592579215765,0.022687537595629692,1.3991224765777588,1.4956823587417603,-0.9104243516921997,-1.001172661781311
Fluid,24872,24872,4.0822368,1.0,1.0,0.3038253240321284,0.27445636856907196,-0.2515181598943877,-0.2865186046530969,0.3545444955516561,0.28481354679690357,0.32343273402359607,0.28522086285191933,1.0,1.0,19.43535282976875,19.484721077949374,4.08,0.002236766820000291,0.07439764,0.115287505,1.79386568069458,2.1656394004821777,-2.4844346046447754,-2.6982548236846924,2.5178616046905518,1.1246955394744873,0.018844539299607277,0.02283399924635887,1.401839017868042,1.498637318611145,-0.912182629108429,-1.0034791231155396
Fluid,24872,24872,4.1222377,1.0,1.0,0.3075498626850715,0.2773133962398732,-0.25127987557491627,-0.2826409299057199,0.35225137164061376,0.28321006320220415,0.3236398707579368,0.28552678745077764,1.0,1.0,19.428618680054292,19.479503736192292,4.12,0.002237682339999658,0.07260513,0.11529791,1.7970412969589233,2.17348051071167,-2.484530210494995,-2.696538209915161,2.5142672061920166,1.1200566291809082,0.018830206245183945,0.02273041382431984,1.4045180082321167,1.5015501976013184,-0.9147424101829529,-1.0057789087295532
Fluid,24872,24872,4.1622386,1.0,1.0,0.3112822234432205,0.28018429496352576,-0.25103742615614855,-0.2787480080615874,0.35003886201155926,0.2816274305134556,0.32383602258528116,0.28583402049680035,1.0,1.0,19.42187190519801,19.474264316330313,4.16,0.0022385978699999143,0.07104991,0.1153311,1.8001813888549805,2.1813509464263916,-2.4845924377441406,-2.6948227882385254,2.510636568069458,1.115435004234314,0.018816260620951653,0.02279856614768505,1.407170057296753,1.504439353942871,-0.9174363017082214,-1.0080738067626953
Fluid,24872,24872,4.2022395,1.0,1.0,0.31502542803305317,0.28306001883094234,-0.2507949848703521,-0.2748392428519805,0.3478949665436872,0.2800660981145445,0.32402415584240585,0.2861427854237298,1.0,1.0,19.415109216419207,19.46901861691099,4.2,0.0022395134000001704,0.06917568,0.11536823,1.8032804727554321,2.1892428398132324,-2.4846315383911133,-2.6933586597442627,2.5069916248321533,1.1108309030532837,0.018802640959620476,0.02284543588757515,1.4097899198532104,1.5073190927505493,-0.9201728105545044,-1.0103603601455688
Fluid,24872,24872,4.2422404,1.0,1.0,0.31877713777208394,0.2859433816524079,-0.25055814299475726,-0.2709146619188168,0.3458381443078956,0.2785262945265383,0.3242077323156611,0.28645300852521416,1.0,1.0,19.408334201959676,19.46376341782647,4.24,0.0022404289199995375,0.06672266,0.115408696,1.806334137916565,2.1971447467803955,-2.4846763610839844,-2.6932387351989746,2.5033535957336426,1.106247901916504,0.018789373338222504,0.023222899064421654,1.4123834371566772,1.5101803541183472,-0.922815203666687,-1.0126374959945679
Fluid,24872,24872,4.2822413,1.0,1.0,0.3225354756465647,0.28882049287600375,-0.25032253484351,-0.266974787201748,0.34384358954208794,0.277007759059023,0.3243941771626059,0.28676453720462086,1.0,1.0,19.40154985129239,19.458522939574646,4.28,0.0022413444499997937,0.065720305,0.11544399,1.8093397617340088,2.205049753189087,-2.4847278594970703,-2.693119764328003,2.4997382164001465,1.101688027381897,0.018776392564177513,0.02337178960442543,1.4149433374404907,1.5130219459533691,-0.925332248210907,-1.0149028301239014
Fluid,24872,24872,4.3222423,1.0,1.0,0.3263000363659535,0.29168962207489707,-0.25008625703298837,-0.26302105604094894,0.34187670145565735,0.27550996241695047,0.3245843118169831,0.2870775445158115,1.0,1.0,19.3947572704679,19.453298995793155,4.32,0.0022422599800000498,0.06511183,0.1154641,1.8123023509979248,2.2129549980163574,-2.4847755432128906,-2.6929855346679688,2.496166944503784,1.0971513986587524,0.018763704225420952,0.023376651108264923,1.4174777269363403,1.5158448219299316,-0.9277956485748291,-1.0171540975570679
Fluid,24872,24872,4.3622432,1.0,1.0,0.3300765872475079,0.29455284171194607,-0.24984711551316557,-0.25905485924940835,0.33992999226640314,0.2740318712741843,0.32477860997260455,0.28739120568549575,1.0,1.0,19.38794652684857,19.448088976492564,4.36,0.0022431755099994177,0.0646435,0.115497656,1.8152151107788086,2.220862865447998,-2.4848155975341797,-2.6928207874298096,2.492652177810669,1.0926352739334106,0.018751293420791626,0.023391488939523697,1.4199920892715454,1.5186381340026855,-0.9302105903625488,-1.0193991661071777
Fluid,24872,24872,4.4022441,1.0,1.0,0.3338652115880513,0.29742420289216726,-0.24960277470923006,-0.2550759428034271,0.33799929250292027,0.2725716961716083,0.3249759494577644,0.28770473695166976,1.0,1.0,19.38111724988484,19.44286735508748,4.4,0.002244091029999673,0.0643227,0.11557324,1.8180890083312988,2.2287838459014893,-2.4848484992980957,-2.6926286220550537,2.489197015762329,1.088136911392212,0.018739139661192894,0.023415328934788704,1.422484040260315,1.5213892459869385,-0.9325578808784485,-1.0216419696807861
Fluid,24872,24872,4.442245,1.0,1.0,0.3376705574048642,0.30031584819130763,-0.2493495598562564,-0.25108342310524556,0.3360705760923349,0.2711296268592323,0.32517524832540534,0.288017270657281,1.0,1.0,19.374262212134894,19.43761367508743,4.44,0.002245006559999929,0.064887695,0.11567024,1.8209294080734253,2.2367300987243652,-2.484880208969116,-2.6923327445983887,2.4857943058013916,1.0836567878723145,0.018727239221334457,0.022830411791801453,1.42495596408844,1.5240787267684937,-0.9348026514053345,-1.0238741636276245
Fluid,24872,24872,4.4822459,1.0,1.0,0.3414845061045633,0.3032160163585055,-0.24908559404838687,-0.2470763248423502,0.3341312215328139,0.2697050690371004,0.32537748843863296,0.2883272994616275,1.0,1.0,19.367393632800145,19.432348875916627,4.48,0.002245922089999297,0.06518831,0.115794696,1.8237388134002686,2.244715929031372,-2.484912157058716,-2.6918694972991943,2.482430934906006,1.0791946649551392,0.018715551123023033,0.02274468168616295,1.4274132251739502,1.526680827140808,-0.9369695782661438,-1.0260924100875854
Fluid,24872,24872,4.5222468,1.0,1.0,0.34532092875704595,0.3061210901152581,-0.24881126478493534,-0.24305441960555807,0.3321845010564033,0.2682981761665185,0.3255823620686348,0.2886338496097219,1.0,1.0,19.360488395899505,19.42707807134301,4.52,0.0022468376200004414,0.06530779,0.11592392,1.8265173435211182,2.2527544498443604,-2.484940528869629,-2.691297769546509,2.47908878326416,1.0747514963150024,0.018673626706004143,0.02302618697285652,1.4298595190048218,1.5291939973831177,-0.9390890598297119,-1.0282964706420898
Fluid,24872,24872,4.5622478,1.0,1.0,0.34917580095414547,0.3090264852707869,-0.24853112122058046,-0.23901810670129525,0.3302349182141297,0.2669092784767528,0.3257853114735231,0.2889365063553153,1.0,1.0,19.353555326716393,19.421810914404947,4.56,0.0022477531400006967,0.06505517,0.11604661,1.8292700052261353,2.2608492374420166,-2.484959125518799,-2.690680503845215,2.4757494926452637,1.070327639579773,0.018658604472875595,0.022762706503272057,1.4322896003723145,1.5316236019134521,-0.9412270784378052,-1.0304802656173706
Fluid,24872,24872,4.6022487,1.0,1.0,0.35304233275178315,0.3119456911325394,-0.24825194806132217,-0.23496772811396707,0.32833747469476193,0.26553822171656566,0.3259801104916947,0.28923555526008987,1.0,1.0,19.346604731888892,19.416523138094117,4.6,0.0022486686700000647,0.062142693,0.11617574,1.8320034742355347,2.269000768661499,-2.4849698543548584,-2.6900265216827393,2.472403049468994,1.0659242868423462,0.018681742250919342,0.022501230239868164,1.434711217880249,1.5339871644973755,-0.9437223672866821,-1.03263258934021
Fluid,24872,24872,4.6422496,1.0,1.0,0.3569385743860598,0.3148885388969074,-0.24798840617207735,-0.23090359934534663,0.3265472807456856,0.26418458638692094,0.3261646013979168,0.28953220164180327,1.0,1.0,19.33960674904903,19.411197939268757,4.64,0.0022495842000003208,0.060441967,0.11630981,1.834716796875,2.2772130966186523,-2.4849720001220703,-2.6893417835235596,2.4690394401550293,1.0615413188934326,0.01867084950208664,0.022243158891797066,1.4371185302734375,1.5363149642944336,-0.9462615251541138,-1.0347503423690796
Fluid,24872,24872,4.6822505,1.0,1.0,0.36084153929586965,0.31784190015724517,-0.24773117134451803,-0.22682612978135247,0.32478939714680083,0.2628475435691637,0.3263507009850953,0.2898284432771839,1.0,1.0,19.332599970948547,19.405858083337247,4.68,0.002250499730000577,0.059948593,0.116468705,1.8374093770980835,2.2854814529418945,-2.4849720001220703,-2.6895995140075684,2.465651750564575,1.0571789741516113,0.018660137429833412,0.021990176290273666,1.4395235776901245,1.5386459827423096,-0.9487935900688171,-1.036832571029663
Fluid,24872,24872,4.7222514,1.0,1.0,0.3647478019181727,0.32078788384206197,-0.24747788810066942,-0.2227356466454214,0.3230534846289787,0.2615251017178131,0.3265377799519399,0.29012601469660926,1.0,1.0,19.325589496056416,19.400534405475184,4.72,0.002251415249999944,0.059454273,0.11666885,1.8400752544403076,2.2938039302825928,-2.4849750995635986,-2.690096616744995,2.4622385501861572,1.0528357028961182,0.01864958368241787,0.021744664758443832,1.4419242143630981,1.5410113334655762,-0.9513223767280579,-1.0388845205307007
Fluid,24872,24872,4.7622523,1.0,1.0,0.36865926928200593,0.3237244185453103,-0.24722514467964823,-0.21863287223228,0.3213365367101041,0.26021602625291207,0.3267228651399382,0.2904256278675695,1.0,1.0,19.318572217492516,19.395229932118475,4.76,0.0022523307800002,0.058838215,0.116952986,1.8427107334136963,2.3021697998046875,-2.484978437423706,-2.690645933151245,2.458796501159668,1.0485128164291382,0.01863916963338852,0.021509336307644844,1.4443210363388062,1.5434291362762451,-0.9538572430610657,-1.0409239530563354
Fluid,24872,24872,4.8022532,1.0,1.0,0.37258255853971545,0.3266496961453233,-0.24697392743765942,-0.21451802351342766,0.3196409222393259,0.2589189100026666,0.3269092011799995,0.2907284283697627,1.0,1.0,19.311537399058864,19.389947090665792,4.8,0.0022532463100004563,0.05835753,0.11726669,1.8453171253204346,2.3105673789978027,-2.4849836826324463,-2.6912691593170166,2.455317258834839,1.044208288192749,0.018628912046551704,0.021287675946950912,1.4467113018035889,1.5458883047103882,-0.9563912749290466,-1.0429673194885254
Fluid,24872,24872,4.8422542,1.0,1.0,0.3765084582667959,0.3295810647973291,-0.24672345984488997,-0.21039054424275191,0.31796963811922735,0.25763475879351017,0.32709485622980816,0.29103545817665044,1.0,1.0,19.304499774701576,19.38465665708826,4.84,0.0022541618299998234,0.057884376,0.117561884,1.8478937149047852,2.3190231323242188,-2.4849939346313477,-2.6919751167297363,2.451792001724243,1.0399184226989746,0.018618786707520485,0.02108326368033886,1.449090838432312,1.5483732223510742,-0.9589144587516785,-1.0450174808502197
Fluid,24872,24872,4.8822551,1.0,1.0,0.38044322963063965,0.3325170968903273,-0.24647174978078468,-0.20624943102846846,0.31632187048913285,0.25636707819543236,0.3272810108256811,0.29134541579469925,1.0,1.0,19.29745028439961,19.37936200866288,4.88,0.0022550773600000795,0.05726446,0.11744912,1.8504420518875122,2.3277766704559326,-2.4850029945373535,-2.692767858505249,2.448218584060669,1.0356426239013672,0.018608788028359413,0.020898355171084404,1.451460361480713,1.5508636236190796,-0.9614330530166626,-1.0470589399337769
Fluid,24872,24872,4.922256,1.0,1.0,0.3843870837910631,0.3354463349070604,-0.24622025193548294,-0.20209293816167948,0.3146933596000829,0.25512261022180055,0.327466634837681,0.29164830054543533,1.0,1.0,19.290388019455328,19.37408260740855,4.92,0.0022559928900003356,0.056681946,0.1175116,1.8529577255249023,2.336588144302368,-2.485013008117676,-2.693659543991089,2.444601535797119,1.0313774347305298,0.018598919734358788,0.020733769983053207,1.4538328647613525,1.5533435344696045,-0.9639427661895752,-1.049091100692749
Fluid,24872,24872,4.9622569,1.0,1.0,0.38832942957613775,0.3383717324828405,-0.2459695810343065,-0.19791933044553972,0.3130874891947247,0.2538951957918405,0.32765355919830785,0.2919454222591903,1.0,1.0,19.28332966115552,19.368813380814704,4.96,0.0022569084199997036,0.0562739,0.11781552,1.8554340600967407,2.3454604148864746,-2.48502516746521,-2.6946606636047363,2.4409453868865967,1.027123212814331,0.01858915016055107,0.020589979365468025,1.4561958312988281,1.5557668209075928,-0.9664469361305237,-1.0511536598205566
Fluid,24872,24872,5.0022578,1.0,1.0,0.3922891436100615,0.34129489928937523,-0.24571943443493804,-0.19372705532248072,0.3114994979799321,0.25268199512074185,0.3278386546898958,0.29223998568619236,1.0,1.0,19.276244664123183,19.363552802013178,5.0,0.002257823939999959,0.055799134,0.11817647,1.8578745126724243,2.3543903827667236,-2.485038995742798,-2.695765733718872,2.4372611045837402,1.022878646850586,0.01857951283454895,0.020466379821300507,1.4585516452789307,1.5581308603286743,-0.968940019607544,-1.0532596111297607
Fluid,24872,24872,5.0422587,1.0,1.0,0.3962513075163619,0.3442035516511803,-0.24546876162288775,-0.18951499167962754,0.3099284390448606,0.25148206746636154,0.32802241491028583,0.29253275478875945,1.0,1.0,19.269157434629452,19.35832019349163,5.04,0.002258739470000215,0.05524965,0.118559934,1.8602861166000366,2.363374710083008,-2.485053777694702,-2.6969196796417236,2.433563709259033,1.0186959505081177,0.018569977954030037,0.020361678674817085,1.4609044790267944,1.5604544878005981,-0.9714228510856628,-1.0554126501083374
Fluid,24872,24872,5.0822597,1.0,1.0,0.40021353053188835,0.3471034994092174,-0.24521752805624308,-0.18528216070204676,0.3083762778578091,0.25029550225064445,0.3282061264229068,0.29282308008568897,1.0,1.0,19.262071962178656,19.353103703799146,5.08,0.002259654999999583,0.055029828,0.11895953,1.8626600503921509,2.3724100589752197,-2.4850690364837646,-2.698154926300049,2.4298696517944336,1.0145738124847412,0.018560530617833138,0.020274538546800613,1.463247537612915,1.5627578496932983,-0.9738980531692505,-1.057595133781433
Fluid,24872,24872,5.1222606,1.0,1.0,0.40417358771365375,0.35001217227661025,-0.24496582148137724,-0.18102740696441152,0.3068375269648427,0.24912221698466677,0.3283900928804505,0.2931109352748386,1.0,1.0,19.254992526380455,19.347876040258374,5.12,0.002260570529999839,0.054652426,0.11939162,1.8650037050247192,2.381504774093628,-2.4850854873657227,-2.699495553970337,2.42619252204895,1.0104658603668213,0.018551185727119446,0.020204009488224983,1.4655890464782715,1.5650430917739868,-0.9763557314872742,-1.0597913265228271
Fluid,24872,24872,5.1622615,1.0,1.0,0.4081276271464074,0.35292627220912237,-0.24471511237905025,-0.17674925440701306,0.3053168542432246,0.24796226885744593,0.32857757099250634,0.29339722979498667,1.0,1.0,19.247923748099794,19.342644009953645,5.16,0.0022614860500000944,0.05426611,0.11986659,1.8673131465911865,2.3906681537628174,-2.485105514526367,-2.700943946838379,2.4225456714630127,1.0063737630844116,0.018541939556598663,0.020149320363998413,1.4679313898086548,1.5673195123672485,-0.9788039326667786,-1.06197988986969
Fluid,24872,24872,5.2022624,1.0,1.0,0.4120852012100545,0.3558325121298872,-0.24446078713486932,-0.17244573300132207,0.30382079658626937,0.24681592322754184,0.32876355160590087,0.29368255224485296,1.0,1.0,19.240850993696615,19.337428068761927,5.2,0.0022624015799994623,0.054512445,0.12039351,1.869580864906311,2.399899482727051,-2.4851279258728027,-2.7025227546691895,2.418942928314209,1.002298355102539,0.018532769754529,0.020109722390770912,1.4702502489089966,1.569588303565979,-0.9812318086624146,-1.0641099214553833
Fluid,24872,24872,5.2422633,1.0,1.0,0.41604387694114403,0.35873511381954754,-0.24419875060529866,-0.1681153750812156,0.3023242693873414,0.24568356777774694,0.32894689544464556,0.2939676297895284,1.0,1.0,19.23377769466534,19.332222628187004,5.24,0.0022633171099997185,0.05456248,0.12092858,1.871830940246582,2.4091835021972656,-2.4851479530334473,-2.703993082046509,2.415393829345703,0.9982398152351379,0.018523694947361946,0.020084375515580177,1.4725784063339233,1.5718517303466797,-0.9836525321006775,-1.0661512613296509
Fluid,24872,24872,5.2822642,1.0,1.0,0.4200147721397939,0.36163353418337035,-0.24393169775508744,-0.1637573244721752,0.3008416698419244,0.2445652451030383,0.32912674151627896,0.29425346413924486,1.0,1.0,19.226686602506884,19.32702720625372,5.28,0.0022642326399999746,0.05398969,0.1214881,1.8740530014038086,2.4185097217559814,-2.4851653575897217,-2.704915761947632,2.411897659301758,0.9941983222961426,0.01851470023393631,0.020072603598237038,1.4748972654342651,1.5740947723388672,-0.9860579967498779,-1.0681078433990479
Fluid,24872,24872,5.3222651,1.0,1.0,0.4240020175229695,0.364533863613426,-0.24367010376377804,-0.15937099093975707,0.29939087705393724,0.24345992347084755,0.3293002029923119,0.2945407678663644,1.0,1.0,19.219571341652316,19.321832367330167,5.32,0.0022651481599993417,0.05240317,0.1220799,1.8762446641921997,2.427884101867676,-2.485173463821411,-2.7057323455810547,2.4084479808807373,0.9901734590530396,0.018505778163671494,0.020073795691132545,1.4772053956985474,1.5762983560562134,-0.9884551763534546,-1.0700019598007202
Fluid,24872,24872,5.3622661,1.0,1.0,0.4279949718657001,0.36742231216792504,-0.2434114584571662,-0.1549548161018073,0.2979594718683008,0.24236681592842726,0.32947479069407365,0.2948289587307418,1.0,1.0,19.212449052357606,19.31665941188097,5.36,0.002266063689999598,0.051967874,0.12272455,1.8784161806106567,2.4373154640197754,-2.4851748943328857,-2.7064599990844727,2.4050369262695312,0.9861624836921692,0.018496938049793243,0.0200873464345932,1.4795039892196655,1.578468918800354,-0.9908384680747986,-1.0718445777893066
Fluid,24872,24872,5.402267,1.0,1.0,0.4319987185314182,0.3703005286655547,-0.24315400374169593,-0.15050676287876502,0.29654238264174665,0.24128591168206634,0.32965046178930707,0.2951176719364287,1.0,1.0,19.205310181775406,19.311507328563504,5.4,0.002266979219999854,0.051364515,0.12341262,1.8805607557296753,2.446810245513916,-2.4851737022399902,-2.707092046737671,2.401653289794922,0.9821646809577942,0.018488174304366112,0.020112652331590652,1.4817936420440674,1.5806268453598022,-0.9932038187980652,-1.0736347436904907
Fluid,24872,24872,5.4422679,1.0,1.0,0.4360253994149898,0.37316008975478415,-0.24289608746137975,-0.14602579889311576,0.29514357106204164,0.2402179070197803,0.3298258005624752,0.29540701289572996,1.0,1.0,19.19813634096215,19.306389537030917,5.44,0.002267894739999221,0.050845325,0.124108456,1.8826839923858643,2.456378698348999,-2.485170841217041,-2.7076196670532227,2.398282289505005,0.9781802296638489,0.018479492515325546,0.020149115473031998,1.4840726852416992,1.5827969312667847,-0.9955511689186096,-1.0753886699676514
Fluid,24872,24872,5.4822688,1.0,1.0,0.4400495654686884,0.37599926616105545,-0.24263972431408098,-0.14151166527672535,0.2937617821780825,0.23916306162584633,0.33000216968125123,0.295696839762191,1.0,1.0,19.19096875585671,19.30130847534132,5.48,0.002268810269999477,0.050584152,0.124816924,1.8847813606262207,2.4660286903381348,-2.485166549682617,-2.708078145980835,2.3949077129364014,0.9742090106010437,0.018470879644155502,0.02019604668021202,1.4863351583480835,1.5849969387054443,-0.9978780746459961,-1.07712721824646
Fluid,24872,24872,5.5222697,1.0,1.0,0.4440930520502859,0.37882827062724533,-0.24238493686265425,-0.13696377112593977,0.29240040441077225,0.2381198635328131,0.33017615223245195,0.29598657270692735,1.0,1.0,19.183772153392717,19.296248061705263,5.52,0.0022697258000006215,0.050140306,0.12555818,1.886854648590088,2.4757626056671143,-2.485161542892456,-2.708470106124878,2.3915162086486816,0.9702491164207458,0.018462341278791428,0.020252453163266182,1.4885872602462769,1.5872209072113037,-1.000185489654541,-1.078871726989746
Fluid,24872,24872,5.5622706,1.0,1.0,0.4481485401958035,0.3816552044324809,-0.24213233637688195,-0.13238112855703837,0.2910561501076963,0.2370871131757862,0.3303524228902759,0.29627524394328913,1.0,1.0,19.17655919456298,19.29119564463909,5.56,0.0022706413299999895,0.04970949,0.12633735,1.888903021812439,2.485564708709717,-2.4877469539642334,-2.708799362182617,2.388096809387207,0.9662994146347046,0.018453868106007576,0.020317334681749344,1.4908350706100464,1.589463233947754,-1.0024640560150146,-1.0806468725204468
Fluid,24872,24872,5.6022716,1.0,1.0,0.4521960404151195,0.3844841890863763,-0.24188195810241078,-0.1277619520721711,0.2897248535073129,0.23606396800626925,0.33053167064042643,0.2965629177654168,1.0,1.0,19.169361071595812,19.286142031607348,5.6,0.0022715568500002448,0.04934184,0.12716742,1.8909332752227783,2.4954352378845215,-2.490502119064331,-2.7090728282928467,2.384640693664551,0.9623576402664185,0.018445461988449097,0.020389843732118607,1.4930758476257324,1.5916986465454102,-1.0047231912612915,-1.0824735164642334
Fluid,24872,24872,5.6422725,1.0,1.0,0.4562405775098936,0.3873148827160869,-0.24163166831182206,-0.12310483731537933,0.288410653661767,0.2350523331885257,0.33071171510570435,0.2968505562295182,1.0,1.0,19.16217040781731,19.281089958020367,5.64,0.002272472380000501,0.049061295,0.12800264,1.892943263053894,2.5053939819335938,-2.4932188987731934,-2.7092723846435547,2.3811440467834473,0.958426833152771,0.018437135964632034,0.020322280004620552,1.4953147172927856,1.5939017534255981,-1.0069645643234253,-1.084359049797058
Fluid,24872,24872,5.6822734,1.0,1.0,0.4602916511054491,0.3901323279515763,-0.24138320328987686,-0.11841007765177632,0.2871093950948048,0.2340533313629463,0.33089165844963614,0.2971390034749059,1.0,1.0,19.154971096898322,19.276063958867717,5.68,0.002273387909999869,0.048665907,0.12880401,1.8949297666549683,2.515448570251465,-2.495884656906128,-2.7094333171844482,2.3776156902313232,0.9545101523399353,0.018428880721330643,0.020077994093298912,1.4975533485412598,1.5960795879364014,-1.0091876983642578,-1.0862668752670288
Fluid,24872,24872,5.7222743,1.0,1.0,0.4643548450299913,0.3929515422946867,-0.2411355515715812,-0.1136790595043435,0.2858222697136715,0.233067043413279,0.3310740096804129,0.29742750050181554,1.0,1.0,19.14775493345141,19.27103966951907,5.72,0.002274303440000125,0.048412,0.129577,1.896898865699768,2.5255837440490723,-2.4985172748565674,-2.7095770835876465,2.374065399169922,0.950611412525177,0.01842067949473858,0.019853338599205017,1.4997915029525757,1.598231315612793,-1.0113937854766846,-1.0881651639938354
Fluid,24872,24872,5.7622752,1.0,1.0,0.4684227039988368,0.39576673614464525,-0.24088918146420896,-0.10891170298154042,0.28455376400625476,0.23209241780361964,0.3312579246498339,0.2977145737486988,1.0,1.0,19.140534397604075,19.266026677944225,5.76,0.0022752189600003803,0.050270677,0.13037345,1.8988476991653442,2.5357868671417236,-2.5011215209960938,-2.7097177505493164,2.3705053329467773,0.9467310309410095,0.018412556499242783,0.019652392715215683,1.5020301342010498,1.6003494262695312,-1.0135865211486816,-1.0900312662124634
Fluid,24872,24872,5.8022761,1.0,1.0,0.47248730687363877,0.39857539670066616,-0.24064188444351578,-0.10410634337017662,0.28329123655340405,0.23112907598249557,0.3314452736850554,0.2979995252182074,1.0,1.0,19.133320233798095,19.261029904814308,5.8,0.002276134489999748,0.04800441,0.13121395,1.9007726907730103,2.546062469482422,-2.5037119388580322,-2.7098612785339355,2.366943120956421,0.9428714513778687,0.018404481932520866,0.01947634294629097,1.5042489767074585,1.602450966835022,-1.0157610177993774,-1.0918580293655396
Fluid,24872,24872,5.8422771,1.0,1.0,0.4765544826412195,0.40137064861216515,-0.24039298025025466,-0.09926155196001346,0.2820517651290546,0.2301775395702307,0.3316321344557908,0.2982821881259685,1.0,1.0,19.12610332212022,19.256060421447657,5.84,0.0022770500200000043,0.047202665,0.13208015,1.902693510055542,2.556431293487549,-2.506279945373535,-2.7100095748901367,2.3633792400360107,0.9390361905097961,0.018396485596895218,0.01936561055481434,1.506471872329712,1.6045626401901245,-1.017932415008545,-1.093659520149231
Fluid,24872,24872,5.882278,1.0,1.0,0.48062208992278443,0.40415291409200915,-0.24014495298257124,-0.09437765262963477,0.2808174282395071,0.22923832459075105,0.33181927187363724,0.29856242177026615,1.0,1.0,19.118887815033748,19.251117328847478,5.88,0.0022779655500002605,0.04910479,0.13292803,1.9045990705490112,2.5669147968292236,-2.5088253021240234,-2.7101597785949707,2.3598101139068604,0.9352260231971741,0.018388532102108,0.019310906529426575,1.5086860656738281,1.6066901683807373,-1.0200971364974976,-1.0954513549804688
Fluid,24872,24872,5.9222789,1.0,1.0,0.48469755344574683,0.4069253485415317,-0.23989769442446696,-0.0894553929461893,0.27959296986072457,0.22831042273174978,0.3320078190546951,0.2988416025778877,1.0,1.0,19.111662290647658,19.246196048556513,5.92,0.0022788810699996276,0.04726896,0.13379669,1.906486988067627,2.577509641647339,-2.5113298892974854,-2.7103164196014404,2.356234312057495,0.9314375519752502,0.01838066428899765,0.019272848963737488,1.5108757019042969,1.6088095903396606,-1.0222363471984863,-1.0972199440002441
Fluid,24872,24872,5.9622798,1.0,1.0,0.48877854986791763,0.40969004342565596,-0.2396521086370361,-0.08449406470191578,0.2783938966864937,0.22739161762575766,0.3321960519667094,0.2991215536625094,1.0,1.0,19.104430191575926,19.241291789158858,5.96,0.0022797965999998837,0.046225213,0.13469544,1.9083670377731323,2.5881776809692383,-2.5138039588928223,-2.710486888885498,2.3526527881622314,0.9276636242866516,0.01837283931672573,0.019246945157647133,1.513056755065918,1.6108964681625366,-1.0243744850158691,-1.0989397764205933
Fluid,24872,24872,6.0022807,1.0,1.0,0.49286881017041834,0.4124390583468731,-0.23940584471204518,-0.07949318598486164,0.2771979320398779,0.226481440082332,0.3323857972423608,0.29940240478524927,1.0,1.0,19.09718545352044,19.236417290442777,6.0,0.00228071213000014,0.048234187,0.13560548,1.9102411270141602,2.598891496658325,-2.5162482261657715,-2.7106666564941406,2.349069595336914,0.923901379108429,0.01836509257555008,0.01922908052802086,1.5152266025543213,1.612950086593628,-1.0264971256256104,-1.1006203889846802
Fluid,24872,24872,6.0422816,1.0,1.0,0.4969666184602977,0.4151598482873532,-0.23916233439322282,-0.07445145888543418,0.27600599369883416,0.22557975039454928,0.3325779586338107,0.29968256034207774,1.0,1.0,19.08993172929309,19.23159254989121,6.04,0.002281627660000396,0.046401236,0.13656254,1.9121021032333374,2.609661817550659,-2.518645763397217,-2.7108635902404785,2.345491647720337,0.9201505780220032,0.018357397988438606,0.019216123968362808,1.517376184463501,1.6149706840515137,-1.0286012887954712,-1.1022603511810303
Fluid,24872,24872,6.0822825,1.0,1.0,0.5010715363677216,0.41787261763486644,-0.23891793997697988,-0.06936644009308786,0.2748432506891923,0.2246876129740954,0.3327691827398772,0.2999607078206456,1.0,1.0,19.082669345003573,19.2267867980873,6.08,0.002282543179999763,0.045387868,0.13757044,1.9139564037322998,2.620529890060425,-2.521013021469116,-2.7110869884490967,2.341923952102661,0.9164125919342041,0.01834976114332676,0.019205588847398758,1.5195128917694092,1.6169459819793701,-1.0307036638259888,-1.1038496494293213
Fluid,24872,24872,6.1222835,1.0,1.0,0.5051699400854431,0.4205720586780125,-0.23867366346605506,-0.06423629768673257,0.27368060104531255,0.22380583163098594,0.332960187192174,0.3002367839705683,1.0,1.0,19.075419409783485,19.22200646980202,6.12,0.002283458710000019,0.047463693,0.13861124,1.9158084392547607,2.6314611434936523,-2.523343086242676,-2.7113325595855713,2.3383688926696777,0.9126887321472168,0.01834218204021454,0.019195744767785072,1.521630048751831,1.618884563446045,-1.0327959060668945,-1.1053839921951294
Fluid,24872,24872,6.1622844,1.0,1.0,0.509261382123947,0.4232750778587726,-0.2384271085149665,-0.059061439360389184,0.27252407387155414,0.2229349789052097,0.3331547489048128,0.3005120258404751,1.0,1.0,19.06818270583596,19.21722461591391,6.16,0.0022843742400002753,0.045801014,0.13960956,1.917649269104004,2.642146348953247,-2.5256168842315674,-2.711592674255371,2.334826946258545,0.9089809656143188,0.01833467371761799,0.019185762852430344,1.523734211921692,1.6207984685897827,-1.0348678827285767,-1.1069048643112183
Fluid,24872,24872,6.2022853,1.0,1.0,0.5133599447042967,0.4259724484211415,-0.2381810683544531,-0.05384580696306598,0.2713980652469346,0.22207537482724182,0.3333487066030778,0.3007876607448667,1.0,1.0,19.060937818970164,19.21245635269002,6.2,0.0022852897599996425,0.044565007,0.1404917,1.9194837808609009,2.6516060829162598,-2.5278525352478027,-2.7118639945983887,2.3312954902648926,0.9054946899414062,0.018327249214053154,0.01917535997927189,1.5258208513259888,1.6227017641067505,-1.0369373559951782,-1.108445405960083
Fluid,24872,24872,6.2422862,1.0,1.0,0.5174616074704945,0.42864688137765394,-0.23793575007400464,-0.04859489752096536,0.27026836683573163,0.22122614189358436,0.3335436939114615,0.30106447314361273,1.0,1.0,19.053690338947643,19.20772958863928,6.24,0.0022862052899998986,0.046761613,0.14126292,1.921312689781189,2.6585049629211426,-2.530022621154785,-2.712143898010254,2.327772617340088,0.9026265740394592,0.018319878727197647,0.019165722653269768,1.527896761894226,1.6246240139007568,-1.0390020608901978,-1.1100353002548218
Fluid,24872,24872,6.2822871,1.0,1.0,0.5215738039330713,0.43130503180648927,-0.23768959501699805,-0.043312809730817955,0.26914796159838156,0.22038554638271013,0.3337402460828454,0.3013419707302335,1.0,1.0,19.046428879114853,19.203033258463265,6.28,0.0022871208200001547,0.044903923,0.14195439,1.9231393337249756,2.6668007373809814,-2.532118082046509,-2.712430238723755,2.324256658554077,0.8997693061828613,0.018312547355890274,0.01915929466485977,1.5299526453018188,1.626583218574524,-1.0410488843917847,-1.1116483211517334
Fluid,24872,24872,6.322288,1.0,1.0,0.5257001478467007,0.4339725293390763,-0.23744178313421055,-0.03800449323121203,0.2680537569223211,0.21955379602021813,0.3339395984051835,0.301618041584726,1.0,1.0,19.03914829061974,19.19832802486021,6.32,0.0022880363499995227,0.043909997,0.1424742,1.9249627590179443,2.6772491931915283,-2.5341522693634033,-2.7127177715301514,2.320746660232544,0.8969233632087708,0.018305284902453423,0.019159872084856033,1.5319997072219849,1.628523588180542,-1.0430909395217896,-1.1131951808929443
Fluid,24872,24872,6.362289,1.0,1.0,0.5298259335319472,0.4366305585510035,-0.2371941430027779,-0.03268226314528976,0.26695689146178386,0.21873381763767666,0.33414013927723285,0.30188964166858345,1.0,1.0,19.03187174580802,19.193643022979252,6.36,0.002288951869999778,0.04617491,0.14256679,1.9267886877059937,2.6881394386291504,-2.5364151000976562,-2.7129969596862793,2.317246198654175,0.8940898776054382,0.01829810068011284,0.019171349704265594,1.5340324640274048,1.6304128170013428,-1.0451223850250244,-1.1146771907806396
Fluid,24872,24872,6.4022899,1.0,1.0,0.5339538948322841,0.43927411347035855,-0.23694588273894562,-0.02736697335457612,0.2658682122125463,0.2179279135672382,0.3343415347171738,0.302155788313299,1.0,1.0,19.02459533895546,19.18898668109738,6.4,0.002289867400000034,0.044334453,0.14210181,1.9286099672317505,2.6974573135375977,-2.538907766342163,-2.713287115097046,2.31376051902771,0.8912670612335205,0.018290983512997627,0.019197622314095497,1.5360504388809204,1.6322437524795532,-1.0471373796463013,-1.1161506175994873
Fluid,24872,24872,6.4422908,1.0,1.0,0.5380862637230809,0.44189635924789766,-0.23669621988863768,-0.022081785956646286,0.2648047103533679,0.2171358958357899,0.33454374572997475,0.30241694604240243,1.0,1.0,19.01731495249114,19.184369867620227,6.44,0.002290782929999402,0.043320227,0.14107694,1.9304296970367432,2.703169345855713,-2.541370153427124,-2.713575839996338,2.310288190841675,0.8884541988372803,0.01828392781317234,0.019242754206061363,1.5380542278289795,1.6340166330337524,-1.0491466522216797,-1.1176360845565796
Fluid,24872,24872,6.4822917,1.0,1.0,0.5422181576337358,0.4445059596078845,-0.2364469086952045,-0.01684966353036346,0.2637411493388052,0.21635568108581588,0.3347448860092003,0.30267263102146325,1.0,1.0,19.010037353507343,19.17977994762843,6.48,0.002291698459999658,0.045288097,0.1394899,1.9322493076324463,2.7057061195373535,-2.5437936782836914,-2.713850975036621,2.3068270683288574,0.8856522440910339,0.01827695220708847,0.019310301169753075,1.5400439500808716,1.635714054107666,-1.0511411428451538,-1.1191200017929077
Fluid,24872,24872,6.5222926,1.0,1.0,0.546348750200216,0.4471109571297544,-0.23619712586956498,-0.011695927616338201,0.26268388502395346,0.21558718863786605,0.33494834870104756,0.3029210283567119,1.0,1.0,19.002763947323995,19.175204747855837,6.52,0.0022926139800008016,0.043395534,0.13724835,1.9340649843215942,2.7069597244262695,-2.546168327331543,-2.7141127586364746,2.303373098373413,0.8828610777854919,0.018270041793584824,0.019403019919991493,1.542035698890686,1.6373435258865356,-1.0531169176101685,-1.1205625534057617
Fluid,24872,24872,6.5622935,1.0,1.0,0.5504856202083473,0.4497129386918978,-0.23594588357899798,-0.006647615871596188,0.26164810067147853,0.21483026744304157,0.33515320245572566,0.3031574753315889,1.0,1.0,18.9954835335976,19.170640738764234,6.56,0.0022935295100001696,0.042731624,0.13434009,1.9358818531036377,2.711681365966797,-2.5485098361968994,-2.7143616676330566,2.299922227859497,0.88008052110672,0.018263207748532295,0.019522832706570625,1.5440908670425415,1.6389201879501343,-1.0550837516784668,-1.1219792366027832
Fluid,24872,24872,6.6022944,1.0,1.0,0.554633945016414,0.45231005575705263,-0.23569142376297372,-0.0017319492658437851,0.2606171653088513,0.21408526395311553,0.33535860533887446,0.30337764753898816,1.0,1.0,18.98818797917947,19.16609074656087,6.6,0.0022944450400004257,0.044444833,0.1307616,1.937700867652893,2.717024087905884,-2.550809621810913,-2.7145979404449463,2.2964694499969482,0.8773106932640076,0.018256776034832,0.019671078771352768,1.5461373329162598,1.6404424905776978,-1.057033658027649,-1.123377799987793
Fluid,24872,24872,6.6422954,1.0,1.0,0.5587799945805223,0.4548750286360387,-0.23543697640454966,0.0030252484625086173,0.25958818019073887,0.2133510882058413,0.33556358292857424,0.3035806328846408,1.0,1.0,18.980899109683953,19.161598386776795,6.64,0.002295360570000682,0.04273609,0.12659577,1.9395146369934082,2.721086025238037,-2.553061008453369,-2.7148232460021973,2.2930119037628174,0.8745519518852234,0.018255602568387985,0.019848106428980827,1.5481810569763184,1.6419097185134888,-1.058971643447876,-1.1247515678405762
Fluid,24872,24872,6.6822963,1.0,1.0,0.5629338341222476,0.4574284424859348,-0.2351821005319977,0.007602964921972162,0.25858147791586816,0.21262724978229808,0.33576890684957966,0.303767903734102,1.0,1.0,18.973601596460497,19.157132028689833,6.68,0.002296276090000049,0.042165197,0.12197709,1.9413254261016846,2.7244436740875244,-2.5552711486816406,-2.7150375843048096,2.2895467281341553,0.8718034029006958,0.018258918076753616,0.020052796229720116,1.5502305030822754,1.6433407068252563,-1.0609005689620972,-1.1261234283447266
Fluid,24872,24872,6.7222972,1.0,1.0,0.5670865324760599,0.45997214585991675,-0.23492723124273404,0.011983748170705653,0.25757899492707653,0.21191471212131058,0.33597515601261857,0.3039419568743643,1.0,1.0,18.966309093248043,19.152688047900465,6.72,0.002297191620000305,0.044121742,0.11694629,1.9431339502334595,2.727189064025879,-2.557434320449829,-2.715240478515625,2.2860701084136963,0.8690652847290039,0.018269507214426994,0.020281042903661728,1.5522828102111816,1.6447503566741943,-1.062818169593811,-1.1275430917739868
Fluid,24872,24872,6.7622981,1.0,1.0,0.571244444649628,0.4625018373167601,-0.23467208418059626,0.016151018553955947,0.25657595989330895,0.21121383715627956,0.3361793848706672,0.3041044985106211,1.0,1.0,18.95901224439878,19.14827270414255,6.76,0.002298107150000561,0.04200595,0.11153948,1.9449357986450195,2.72934889793396,-2.5595405101776123,-2.715430974960327,2.2825770378112793,0.8663371801376343,0.018287496641278267,0.020527096465229988,1.5543237924575806,1.6461809873580933,-1.0647205114364624,-1.1290497779846191
Fluid,24872,24872,6.802299,1.0,1.0,0.5754142583830442,0.4650089941646174,-0.23441432236600038,0.020089626401074496,0.2555989425090325,0.21052374355462025,0.3363865430967492,0.30425539823175846,1.0,1.0,18.951699856739406,19.14389902458731,6.8,0.0022990226699999283,0.041318312,0.10579122,1.9467403888702393,2.7310004234313965,-2.5615954399108887,-2.715862989425659,2.279062271118164,0.863618791103363,0.01831286959350109,0.020785965025424957,1.5563751459121704,1.6477324962615967,-1.0666123628616333,-1.1306583881378174
Fluid,24872,24872,6.8422999,1.0,1.0,0.5795847163510235,0.4675137385099906,-0.23415750884867356,0.02378600100417801,0.25462146854820733,0.20984347910048418,0.336593613121004,0.3043933743995277,1.0,1.0,18.94438858180232,19.139536733832838,6.84,0.0022999382000001845,0.04353868,0.09976626,1.9485450983047485,2.732266426086426,-2.5636000633239746,-2.7163443565368652,2.2755231857299805,0.8609097599983215,0.018347010016441345,0.021053288131952286,1.558426856994629,1.6492226123809814,-1.0684949159622192,-1.132339596748352
Fluid,24872,24872,6.8823009,1.0,1.0,0.5837614129475457,0.4700235693813757,-0.2338993822364631,0.027231040588334733,0.25365294668366356,0.20917212385932885,0.3367992674893489,0.3045183461618081,1.0,1.0,18.937069679694606,19.135173562486365,6.88,0.0023008537300004406,0.043419886,0.09360118,1.9503462314605713,2.7333364486694336,-2.5655393600463867,-2.7168164253234863,2.2719666957855225,0.8582099080085754,0.018391204997897148,0.021325305104255676,1.5604695081710815,1.6506632566452026,-1.0703626871109009,-1.1340458393096924
Fluid,24872,24872,6.9223018,1.0,1.0,0.5879361256441847,0.4725269660980377,-0.2336378287639015,0.03042122634995253,0.2527091965749117,0.2085090662606166,0.3370078525075274,0.30463183527950105,1.0,1.0,18.929757293607306,19.13082753377315,6.92,0.0023017692599998085,0.040364828,0.08743364,1.9521478414535522,2.734245777130127,-2.5674121379852295,-2.7172815799713135,2.2684102058410645,0.8555186986923218,0.018443312495946884,0.021599769592285156,1.562509298324585,1.652070164680481,-1.0722136497497559,-1.1357394456863403
Fluid,24872,24872,6.9623027,1.0,1.0,0.592107605512434,0.47503754057784103,-0.23337663480559356,0.03335731589298572,0.25175006114596177,0.20785336257816775,0.3372134113638221,0.30473538532785444,1.0,1.0,18.922452924603547,19.126477046962258,6.96,0.002302684780000064,0.040915694,0.08135955,1.953953504562378,2.7349660396575928,-2.569228410720825,-2.7177398204803467,2.26487398147583,0.8528362512588501,0.018503986299037933,0.021877475082874298,1.5645569562911987,1.653455376625061,-1.0740679502487183,-1.137402057647705
Fluid,24872,24872,7.0023036,1.0,1.0,0.5962825907358718,0.47754154130485,-0.23311291771679374,0.03604358653009211,0.25080823683600495,0.20720474433660718,0.33741745129094197,0.3048302087174658,1.0,1.0,18.915145696148915,19.122142828059143,7.0,0.00230360031000032,0.040918875,0.075464725,1.9557547569274902,2.735539436340332,-2.570970296859741,-2.7181918621063232,2.2613754272460938,0.8501631617546082,0.018572356551885605,0.022050589323043823,1.5665885210037231,1.6548892259597778,-1.07590913772583,-1.1390286684036255
Fluid,24872,24872,7.0423045,1.0,1.0,0.6004566300781823,0.48004099871201844,-0.23284734168784,0.038487590789637954,0.24989155431511106,0.20656275345096722,0.3376210249777988,0.3049176776678687,1.0,1.0,18.907842609574843,19.11782204452992,7.04,0.002304515839999688,0.04197136,0.069828965,1.9575611352920532,2.7360079288482666,-2.572641134262085,-2.7186388969421387,2.2579240798950195,0.8474989533424377,0.018647773191332817,0.022037066519260406,1.5686343908309937,1.6563401222229004,-1.0777479410171509,-1.1406137943267822
Fluid,24872,24872,7.0823054,1.0,1.0,0.6046443010404873,0.4825435521449475,-0.23258236003522909,0.040699415800667015,0.24895636391867612,0.2059270568086711,0.33782285087827174,0.30499888578272866,1.0,1.0,18.900522803907496,19.113503141624054,7.08,0.002305431369999944,0.0422928,0.064512745,1.9593666791915894,2.7363977432250977,-2.57424259185791,-2.719081163406372,2.2545201778411865,0.844843327999115,0.01872829534113407,0.02202564664185047,1.5706740617752075,1.657765507698059,-1.079580307006836,-1.1421566009521484
Fluid,24872,24872,7.1223063,1.0,1.0,0.6088345349285115,0.4850371598449267,-0.23231471113916924,0.0426911053217195,0.24805310356810248,0.205297840588186,0.3380247525101762,0.3050749590735318,1.0,1.0,18.893204413490995,19.109205007476415,7.12,0.0023063468900001993,0.039390013,0.05956328,1.961169719696045,2.736748218536377,-2.5757555961608887,-2.71951961517334,2.25115966796875,0.8421962261199951,0.01881413906812668,0.021924030035734177,1.5727126598358154,1.6591615676879883,-1.0814011096954346,-1.1436601877212524
Fluid,24872,24872,7.1623073,1.0,1.0,0.6130292624386211,0.4875329784560007,-0.23204625435567428,0.04447608098466202,0.2471463493245689,0.20467462443562998,0.3382253878436266,0.30514709636082316,1.0,1.0,18.885882207878765,19.10490952576422,7.16,0.0023072624199995673,0.039411422,0.05502373,1.962970495223999,2.737079620361328,-2.5771918296813965,-2.7199547290802,2.247838258743286,0.8395573496818542,0.01890585385262966,0.02182227373123169,1.5747517347335815,1.6605277061462402,-1.0832266807556152,-1.1451283693313599
Fluid,24872,24872,7.2023082,1.0,1.0,0.6172250952148653,0.49003774218548457,-0.2317775099292031,0.046068765703365856,0.246249989690316,0.20405687977406792,0.3384234198561441,0.30521685477213817,1.0,1.0,18.878561499495337,19.10060591251377,7.2,0.0023081779499998234,0.03931059,0.05091614,1.9647637605667114,2.7373812198638916,-2.578547716140747,-2.7203876972198486,2.244547128677368,0.8369265198707581,0.019003886729478836,0.021760379895567894,1.5767894983291626,1.6618669033050537,-1.0850406885147095,-1.1465650796890259
Fluid,24872,24872,7.2423091,1.0,1.0,0.6214366874296845,0.49254542130614837,-0.2315104452321134,0.04748398334059916,0.2453633260857925,0.20344453890662342,0.33862194681148217,0.305285756411738,1.0,1.0,18.87121961058509,19.096303933646066,7.24,0.0023090934800000795,0.03929222,0.047260337,1.9665488004684448,2.737647771835327,-2.5798227787017822,-2.720818281173706,2.2412736415863037,0.8343034386634827,0.019108278676867485,0.021724557504057884,1.578824758529663,1.6631823778152466,-1.0868489742279053,-1.1479730606079102
Fluid,24872,24872,7.28231,1.0,1.0,0.625648421155998,0.4950516124851581,-0.2312428590863459,0.04873679174636315,0.2444834061890802,0.20283762430463642,0.338818319706202,0.3053549153648168,1.0,1.0,18.863880125454056,19.09201086740779,7.28,0.0023100089999994466,0.0389477,0.044071864,1.9683276414871216,2.7378740310668945,-2.581028938293457,-2.721245527267456,2.238001823425293,0.8316885828971863,0.019219189882278442,0.02171405218541622,1.5808517932891846,1.6644796133041382,-1.0886592864990234,-1.149354338645935
Fluid,24872,24872,7.3223109,1.0,1.0,0.6298489205447833,0.49756477965626067,-0.23097465135045972,0.049842200933659944,0.2436113055014636,0.20223625701315637,0.3390124752671006,0.30542579363753203,1.0,1.0,18.856559573817997,19.087714394636574,7.32,0.0023109245299997028,0.038821805,0.04133605,1.970099925994873,2.7380547523498535,-2.5821609497070312,-2.7216684818267822,2.234711170196533,0.829082190990448,0.019335836172103882,0.021727975457906723,1.5828745365142822,1.6657660007476807,-1.0904624462127686,-1.150708556175232
Fluid,24872,24872,7.3623118,1.0,1.0,0.634052572313072,0.5000823905444868,-0.23070506990726064,0.050814608924975156,0.24274730276960152,0.20164036982343495,0.3392056144281741,0.3054990959950612,1.0,1.0,18.849237580512565,19.083417542611873,7.36,0.002311840059999959,0.03856155,0.039014626,1.9718692302703857,2.738189220428467,-2.5835604667663574,-2.72208571434021,2.23138427734375,0.8264844417572021,0.019456427544355392,0.0217654537409544,1.5848981142044067,1.6670482158660889,-1.0922600030899048,-1.1520365476608276
Fluid,24872,24872,7.4023128,1.0,1.0,0.6382589860239037,0.5026154596230686,-0.23043409224040026,0.0516678804390003,0.24188888304450168,0.20105002903304312,0.339402906331761,0.3055751539604673,1.0,1.0,18.84191345516682,19.079103696994284,7.4,0.002312755579999326,0.03843053,0.037064936,1.9736312627792358,2.738281726837158,-2.5851995944976807,-2.722496271133423,2.22800612449646,0.823895275592804,0.019581129774451256,0.021825607866048813,1.586923599243164,1.6683374643325806,-1.0940481424331665,-1.1533401012420654
Fluid,24872,24872,7.4423137,1.0,1.0,0.6424788250253178,0.5051619179258178,-0.23016190906386283,0.052414912771344926,0.2410397786172583,0.20046514004226876,0.33959981457547606,0.3056546578049052,1.0,1.0,18.834571540183138,19.074775195075752,7.44,0.002313671109999582,0.038196683,0.035437614,1.9753824472427368,2.7383370399475098,-2.5868005752563477,-2.7228989601135254,2.224571466445923,0.8213146328926086,0.019708795472979546,0.021907052025198936,1.5889438390731812,1.669732689857483,-1.0958311557769775,-1.1546196937561035
Fluid,24872,24872,7.4823146,1.0,1.0,0.6466916362152191,0.507723895580458,-0.22988965457958946,0.05306781176792205,0.24019963005599596,0.19988586633012656,0.3397966165404659,0.30573798163143584,1.0,1.0,18.82724356079991,19.07042823584757,7.48,0.0023145866399998383,0.038098086,0.034085725,1.9771195650100708,2.7383599281311035,-2.5883636474609375,-2.7232930660247803,2.2210848331451416,0.8187423944473267,0.019837670028209686,0.02200726419687271,1.5909558534622192,1.671142816543579,-1.0975996255874634,-1.1558761596679688
Fluid,24872,24872,7.5223155,1.0,1.0,0.6509097284773542,0.5102950995946157,-0.22961952289512177,0.053637821342341956,0.23936529835078288,0.19931244363520928,0.33999244421630076,0.30582560942526915,1.0,1.0,18.819910655837614,19.066073156162336,7.52,0.0023155021700000944,0.037927926,0.032971185,1.9788451194763184,2.738353729248047,-2.58988356590271,-2.723677635192871,2.2175583839416504,0.8161788582801819,0.01996503956615925,0.022053511813282967,1.5929633378982544,1.6725677251815796,-1.0993608236312866,-1.1571100950241089
Fluid,24872,24872,7.5623164,1.0,1.0,0.6551389475660527,0.512867007716753,-0.22934833979202646,0.0541356941953184,0.23853767209973314,0.19874489790386732,0.3401903280491427,0.30591783465742917,1.0,1.0,18.812563591388386,19.061724131879565,7.56,0.0023164176900003497,0.037790872,0.032056503,1.9805601835250854,2.73832106590271,-2.5913636684417725,-2.724052667617798,2.214007616043091,0.8136244416236877,0.020088450983166695,0.02207343839108944,1.5949703454971313,1.6740065813064575,-1.1011087894439697,-1.158322811126709
Fluid,24872,24872,7.6023173,1.0,1.0,0.6593675475264772,0.5154400013473405,-0.22907466612110408,0.0545704927829856,0.23771578549767192,0.1981829490051142,0.34038811639099226,0.3060150005412318,1.0,1.0,18.805220489219746,19.057379978996796,7.6,0.002317333220000606,0.037684605,0.031295627,1.9822652339935303,2.738264560699463,-2.59279465675354,-2.724416494369507,2.210442543029785,0.8110770583152771,0.020220370963215828,0.022096220403909683,1.596969485282898,1.6754577159881592,-1.1028492450714111,-1.1595162153244019
Fluid,24872,24872,7.6423182,1.0,1.0,0.6635929432553341,0.5180189251544879,-0.22880022713975023,0.054949928335240365,0.23690111843107317,0.19762662408300385,0.3405889804166789,0.30611710309338275,1.0,1.0,18.79788481134738,19.05303224139982,7.64,0.0023182487499999738,0.03751471,0.030651212,1.9839580059051514,2.7381863594055176,-2.594184398651123,-2.7247674465179443,2.2068710327148438,0.8085361123085022,0.020355504006147385,0.022121785208582878,1.598960041999817,1.6769198179244995,-1.1045727729797363,-1.1606919765472412
Fluid,24872,24872,7.6823192,1.0,1.0,0.667823114735,0.5206043232129504,-0.22852602386373838,0.05528092602760333,0.23609358316607026,0.197075952314234,0.340789759826648,0.3062244365637505,1.0,1.0,18.790544504634664,19.048680237881737,7.68,0.00231916428000023,0.037306227,0.030104525,1.9856374263763428,2.7380902767181396,-2.5955278873443604,-2.7251064777374268,2.2032978534698486,0.8060017824172974,0.020494412630796432,0.02214992046356201,1.6009427309036255,1.6783913373947144,-1.1062861680984497,-1.1618516445159912
Fluid,24872,24872,7.7223201,1.0,1.0,0.6720463666103247,0.523194806286004,-0.22825125799430176,0.05556957447157269,0.23529139148453643,0.1965308099366238,0.34099180644203375,0.3063371793644038,1.0,1.0,18.78321855261457,19.044326672794814,7.72,0.002320079800000485,0.037259825,0.02963453,1.9873048067092896,2.7379794120788574,-2.59682035446167,-2.7254345417022705,2.199723243713379,0.8034734725952148,0.0206365454941988,0.02218051441013813,1.602918267250061,1.6798709630966187,-1.1079870462417603,-1.1629958152770996
Fluid,24872,24872,7.762321,1.0,1.0,0.6762733673931803,0.5257929890480636,-0.22797739136481496,0.055821258169872975,0.23449764687995717,0.19599112724139747,0.34119656616514465,0.3064551701454024,1.0,1.0,18.775890437572784,19.039965940004915,7.76,0.002320995329999853,0.03694769,0.02922593,1.9889575242996216,2.737854242324829,-2.598062038421631,-2.7257516384124756,2.196145534515381,0.8009515404701233,0.02078176476061344,0.022213445976376534,1.6048773527145386,1.6813570261001587,-1.1096720695495605,-1.1641260385513306
Fluid,24872,24872,7.8023219,1.0,1.0,0.6805073547028199,0.5284011431037583,-0.22770311489617995,0.05604063183064436,0.2337093527910194,0.1954568090054649,0.34140512666283235,0.30657823080113344,1.0,1.0,18.768555038226076,19.03559306914801,7.8,0.0023219108600001093,0.036846794,0.028863907,1.9905946254730225,2.7377169132232666,-2.599254846572876,-2.7260589599609375,2.19256329536438,0.7984355688095093,0.020929154008626938,0.022248663008213043,1.6068300008773804,1.6828478574752808,-1.1113463640213013,-1.1654778718948364
Fluid,24872,24872,7.8423228,1.0,1.0,0.6847389621054363,0.5310154079566509,-0.22743032584443146,0.05623175934614328,0.23292651273467152,0.19492778056515359,0.3416153525119891,0.3067065387181427,1.0,1.0,18.761225994471456,19.03121482854336,7.84,0.0023228263900003654,0.036793027,0.028540647,1.992214560508728,2.737569570541382,-2.6004066467285156,-2.7263565063476562,2.188979387283325,0.7959255576133728,0.02107946202158928,0.022220555692911148,1.6087646484375,1.6843417882919312,-1.1130123138427734,-1.1668360233306885
Fluid,24872,24872,7.8823237,1.0,1.0,0.6889696768826692,0.5336357847174532,-0.22715901670619204,0.05639827516706988,0.23214791308346766,0.19440402121950526,0.34182802202849827,0.30684038799979935,1.0,1.0,18.753902018779574,19.026831688279696,7.88,0.0023237419099997325,0.036752798,0.028244536,1.9938229322433472,2.7374143600463867,-2.6015143394470215,-2.726644277572632,2.1854007244110107,0.7934213876724243,0.021232135593891144,0.02210324816405773,1.6106822490692139,1.6858381032943726,-1.1146697998046875,-1.1681811809539795
Fluid,24872,24872,7.9223247,1.0,1.0,0.6932171513922105,0.5362572875564573,-0.22688936146152025,0.05654331579464124,0.23137649639346958,0.19388569263566433,0.34204239186256874,0.3069799311916683,1.0,1.0,18.746555707239192,19.022451236915956,7.92,0.0023246574399999886,0.036624756,0.027969021,1.9954181909561157,2.737253427505493,-2.6025826930999756,-2.7269229888916016,2.1818349361419678,0.7909227609634399,0.021387619897723198,0.02200557105243206,1.6125861406326294,1.6873366832733154,-1.1163079738616943,-1.1695117950439453
Fluid,24872,24872,7.9623256,1.0,1.0,0.6974789243415014,0.5388816840685574,-0.22662367200914468,0.05666961654332931,0.2306106631677321,0.19337276123329605,0.34225854575745773,0.3071252504367229,1.0,1.0,18.73919044406746,19.018070358561335,7.96,0.0023255729700002448,0.03651796,0.027709372,1.996999740600586,2.737088918685913,-2.6036014556884766,-2.72719407081604,2.178286075592041,0.7884293794631958,0.021229883655905724,0.021927403286099434,1.6144737005233765,1.6888372898101807,-1.1179420948028564,-1.1708264350891113
Fluid,24872,24872,8.002326,1.0,1.0,0.701742511322773,0.5415141824147638,-0.22635840416176561,0.05677966803106206,0.22985000320516727,0.19286543691016184,0.3424746382971438,0.30727685737261673,1.0,1.0,18.731825388639677,19.013682334704505,8.0,0.0023260116599992386,0.03643882,0.027470691,1.998573660850525,2.7369227409362793,-2.604578733444214,-2.7274577617645264,2.174755811691284,0.7859411239624023,0.020817814394831657,0.021868335083127022,1.6163407564163208,1.6903403997421265,-1.1195684671401978,-1.1721229553222656
Fluid,24872,24872,8.0423269,1.0,1.0,0.7060141476877221,0.5441420774682629,-0.226094446797508,0.056875585867154924,0.22909497695874054,0.1923633406049431,0.34269041250556226,0.3074343187318708,1.0,1.0,18.724452435874447,19.00930638093203,8.04,0.002326927190001271,0.036335684,0.0272494,2.0001370906829834,2.7367560863494873,-2.605520486831665,-2.727715253829956,2.1712450981140137,0.7834577560424805,0.0205073282122612,0.021827993914484978,1.6181920766830444,1.6918452978134155,-1.121183156967163,-1.1734005212783813
Fluid,24872,24872,8.0823278,1.0,1.0,0.710281646007636,0.5467768271227045,-0.22583120790862588,0.056959191447015445,0.22834902321124476,0.19186622339195067,0.34290571985900814,0.30759701341981716,1.0,1.0,18.717088077450995,19.004924222908436,8.08,0.0023278427100006382,0.036025316,0.027042395,2.0016896724700928,2.736590623855591,-2.606422185897827,-2.7279675006866455,2.1677565574645996,0.7809791564941406,0.020263848826289177,0.021805819123983383,1.620031714439392,1.6933504343032837,-1.1227855682373047,-1.1746587753295898
Fluid,24872,24872,8.1223288,1.0,1.0,0.7145626442957923,0.549415658211424,-0.22556923172525323,0.05703208584355801,0.2276086292389706,0.19137417923606065,0.3431182583352404,0.3077645744500846,1.0,1.0,18.709706089626213,19.000541164584387,8.12,0.0023287582400008944,0.035941016,0.026844513,2.0032334327697754,2.7364273071289062,-2.607290744781494,-2.7282140254974365,2.164293050765991,0.7785056829452515,0.020096225664019585,0.021801156923174858,1.6218540668487549,1.6948542594909668,-1.1243813037872314,-1.1758973598480225
Fluid,24872,24872,8.1623297,1.0,1.0,0.7188422887777702,0.5520587908306546,-0.22530678578976862,0.05709565794182268,0.2268783006461079,0.19088713544476016,0.3433288627141461,0.30793682008414447,1.0,1.0,18.702328151734783,18.9961571618651,8.16,0.002329673769999374,0.035571456,0.026657097,2.004767417907715,2.736267328262329,-2.6081221103668213,-2.72845458984375,2.1608550548553467,0.7760371565818787,0.02001032792031765,0.0218135304749012,1.6236661672592163,1.696354866027832,-1.1259654760360718,-1.1771162748336792
Fluid,24872,24872,8.2023306,1.0,1.0,0.723123838945423,0.5547005767381218,-0.2250444267064048,0.05715103783150766,0.2261529110299274,0.190405015933653,0.3435343163055445,0.30811354307663724,1.0,1.0,18.69495025368203,18.99177941680913,8.2,0.0023305892900005176,0.0355169,0.026480876,2.006291151046753,2.7361111640930176,-2.6089279651641846,-2.7286906242370605,2.157440185546875,0.7735732197761536,0.020008845254778862,0.02184271067380905,1.6254667043685913,1.6978511810302734,-1.1275436878204346,-1.1783156394958496
Fluid,24872,24872,8.2423315,1.0,1.0,0.7274024971914347,0.5573526546733474,-0.22477865980994394,0.05719920868325431,0.22543836416794666,0.18992791552846697,0.34373896341219895,0.3082944991688055,1.0,1.0,18.68758001355122,18.98738974073992,8.24,0.0023315048199989974,0.035248432,0.026311556,2.00780987739563,2.735959768295288,-2.609692096710205,-2.728919506072998,2.1540400981903076,0.7711138725280762,0.02009562775492668,0.02188863605260849,1.6272575855255127,1.6993414163589478,-1.129106879234314,-1.1794958114624023
Fluid,24872,24872,8.2823324,1.0,1.0,0.7316827704650614,0.5600151658890627,-0.22451431426705223,0.05724093293946089,0.22473127394270578,0.18945576682978574,0.3439421857772045,0.3084797138184682,1.0,1.0,18.680210816741337,18.98298956209841,8.28,0.00233242035000103,0.035015024,0.026152313,2.0093202590942383,2.735813617706299,-2.6104273796081543,-2.7291393280029297,2.150641918182373,0.7686589956283569,0.02026648074388504,0.02187775820493698,1.6290544271469116,1.7008248567581177,-1.1306586265563965,-1.1806564331054688
Fluid,24872,24872,8.3223333,1.0,1.0,0.7359717148775512,0.562679446566244,-0.22424760524254805,0.057276830761059855,0.22403031241050755,0.1889883868086091,0.34414403410133515,0.30866895839762687,1.0,1.0,18.672831859340157,18.978591595711375,8.32,0.0023333358799995096,0.034805145,0.026001658,2.010826587677002,2.73567271232605,-2.6111316680908203,-2.729348659515381,2.1472342014312744,0.7662087678909302,0.020516667515039444,0.021772824227809906,1.6308430433273315,1.7023004293441772,-1.132203221321106,-1.1817984580993652
Fluid,24872,24872,8.3623343,1.0,1.0,0.7402639055222605,0.5653587247311657,-0.2239818688576107,0.05730745826475502,0.22333646720996017,0.1885256937122492,0.34434612352776744,0.3088618411840986,1.0,1.0,18.665450946392834,18.97417422041091,8.36,0.002334251400000653,0.034666292,0.025856629,2.0123229026794434,2.73553729057312,-2.611826181411743,-2.729546546936035,2.1438074111938477,0.763762891292572,0.020842663943767548,0.0216784980148077,1.6326240301132202,1.7037667036056519,-1.1337437629699707,-1.182922601699829
Fluid,24872,24872,8.4023352,1.0,1.0,0.7445684164715316,0.5680523764940285,-0.22371587391330744,0.05733329455010849,0.222647706873253,0.18806771691421262,0.3445484250911681,0.30905814794998265,1.0,1.0,18.658055470587165,18.969739066937148,8.4,0.002335166929999133,0.03454314,0.02571571,2.0138132572174072,2.7354073524475098,-2.6125240325927734,-2.729731798171997,2.1403579711914062,0.7613215446472168,0.02123858965933323,0.021593919023871422,1.634401559829712,1.705222249031067,-1.135279893875122,-1.1840299367904663
Fluid,24872,24872,8.4423361,1.0,1.0,0.7488671518727688,0.5707518169996831,-0.22345006820400076,0.05735466617509129,0.22196508555801273,0.18761435508681296,0.3447500487530456,0.30925754838447483,1.0,1.0,18.650671959076714,18.965299623616065,8.44,0.0023360824600011654,0.034452394,0.025581585,2.0152976512908936,2.7352828979492188,-2.6132006645202637,-2.729902982711792,2.136887550354004,0.7588844895362854,0.021329890936613083,0.021518340334296227,1.6361708641052246,1.7066655158996582,-1.1368037462234497,-1.185121774673462
Fluid,24872,24872,8.482337,1.0,1.0,0.7531690871921957,0.5734555997495115,-0.22318356796612632,0.05737180466517739,0.22128862931266374,0.18716558975854455,0.34494832515181345,0.3094598477887234,1.0,1.0,18.64328677250128,18.96085842198672,8.48,0.002336997989999645,0.03438853,0.025451528,2.016775369644165,2.735164165496826,-2.6138622760772705,-2.7300593852996826,2.133397102355957,0.7564520239830017,0.02109876647591591,0.021451029926538467,1.6379284858703613,1.7080953121185303,-1.138330101966858,-1.1861990690231323
Fluid,24872,24872,8.5223379,1.0,1.0,0.7574717504671564,0.5761777771834411,-0.22291744510935552,0.057385011725445224,0.22063697654461556,0.186721317102068,0.3451503149637648,0.30966520193152336,1.0,1.0,18.635902667244977,18.956394382173436,8.52,0.0023379135100007886,0.034967747,0.025327452,2.0182461738586426,2.735050916671753,-2.6144981384277344,-2.7301995754241943,2.1298844814300537,0.754024088382721,0.020877601578831673,0.02139138989150524,1.639682650566101,1.7095115184783936,-1.1398513317108154,-1.1872620582580566
Fluid,24872,24872,8.5623388,1.0,1.0,0.7617757760754665,0.5789174241753765,-0.22265251884654813,0.0573945024436302,0.21995846812001313,0.1862814812903763,0.34535238489682923,0.3098734717888035,1.0,1.0,18.628519276247488,18.951908871958057,8.56,0.0023388290399992684,0.03408445,0.025207072,2.0197107791900635,2.73494291305542,-2.6151156425476074,-2.730323076248169,2.126347541809082,0.7516009211540222,0.020667046308517456,0.02133883163332939,1.64142906665802,1.7109150886535645,-1.1413657665252686,-1.188310980796814
Fluid,24872,24872,8.6023397,1.0,1.0,0.7660872146866233,0.5816700771979254,-0.2223892823565181,0.05740055845389559,0.21930818874856242,0.18584608243145984,0.3455533600495191,0.31008438340072325,1.0,1.0,18.621128385800876,18.94740844723802,8.6,0.0023397445699995245,0.033612017,0.025090104,2.0211691856384277,2.734840154647827,-2.6156978607177734,-2.7304279804229736,2.1227920055389404,0.7491821050643921,0.02047356590628624,0.02129298262298107,1.6431769132614136,1.7123066186904907,-1.142882227897644,-1.189346432685852
Fluid,24872,24872,8.6423407,1.0,1.0,0.7704047300266965,0.5844253444838067,-0.22212697150152452,0.05740348416002843,0.21864318233886515,0.18541502483162445,0.3457539515388745,0.3102977637659849,1.0,1.0,18.613731991520034,18.942906792350197,8.64,0.0023406600999997806,0.035814464,0.024977006,2.0226263999938965,2.7347424030303955,-2.6162631511688232,-2.7305150032043457,2.1192262172698975,0.7467674612998962,0.020290976390242577,0.021253585815429688,1.644930362701416,1.7136871814727783,-1.1443966627120972,-1.1903682947158813
Fluid,24872,24872,8.6823416,1.0,1.0,0.7747249244455998,0.587188150099693,-0.22186359017757876,0.05740357569879267,0.21800376937695293,0.18498799695927517,0.3459572411834051,0.31051336117669165,1.0,1.0,18.606335177456845,18.938397932144635,8.68,0.002341575620000924,0.033478033,0.024869237,2.0240774154663086,2.734649658203125,-2.6168010234832764,-2.730583667755127,2.115656852722168,0.7443567514419556,0.02011890336871147,0.021220488473773003,1.6466797590255737,1.715057611465454,-1.1459063291549683,-1.1913769245147705
Fluid,24872,24872,8.7223425,1.0,1.0,0.7790420941807573,0.5899537494911693,-0.22159986982390767,0.05740100358100293,0.21735246623605645,0.18456493859724812,0.34616093546927573,0.31073078480241867,1.0,1.0,18.598945010471436,18.933889386315712,8.72,0.002342491149999404,0.03545475,0.024763167,2.0255327224731445,2.7345614433288574,-2.6173079013824463,-2.7306337356567383,2.112088918685913,0.7419497966766357,0.019958872348070145,0.021193625405430794,1.6484407186508179,1.7164185047149658,-1.1474136114120483,-1.1923726797103882
Fluid,24872,24872,8.7623434,1.0,1.0,0.7833558926697369,0.5927170564775954,-0.221335996873527,0.05739597450380431,0.21672329403149684,0.18414588272167162,0.34636463721061583,0.31094989653043253,1.0,1.0,18.591561098580346,18.929389128158927,8.76,0.00234340667999966,0.034779556,0.024656119,2.026981830596924,2.7344777584075928,-2.617795467376709,-2.730665445327759,2.1085243225097656,0.7395463585853577,0.019810765981674194,0.021173039451241493,1.6501942873001099,1.7177703380584717,-1.1489194631576538,-1.193355679512024
Fluid,24872,24872,8.8023443,1.0,1.0,0.787676150967984,0.5954827166027898,-0.2210725048832816,0.057388627960086924,0.2160797239613446,0.1837308299825094,0.34656890153420233,0.3111707690201221,1.0,1.0,18.584170271285135,18.924889199562724,8.8,0.002344322199999027,0.035410065,0.024552979,2.0284321308135986,2.734398365020752,-2.6182587146759033,-2.7306792736053467,2.104962110519409,0.7371465563774109,0.019675852730870247,0.021158790215849876,1.6519546508789062,1.719114065170288,-1.150428295135498,-1.1943252086639404
Fluid,24872,24872,8.8423452,1.0,1.0,0.7920085947839638,0.5982568389651491,-0.22080861382116315,0.05737901723698913,0.21546283016712536,0.18331958351467476,0.3467754365471363,0.3113931236552741,1.0,1.0,18.576764114495834,18.920379225292862,8.84,0.0023452377299992833,0.034572497,0.024450267,2.029878854751587,2.7343227863311768,-2.618701457977295,-2.73067569732666,2.1013991832733154,0.7347500920295715,0.019554780796170235,0.02115115337073803,1.653709888458252,1.7204498052597046,-1.1519337892532349,-1.1952815055847168
Fluid,24872,24872,8.8823462,1.0,1.0,0.7963363566323715,0.6010453762964881,-0.22054595303039934,0.05736708350107553,0.214840407903633,0.1829122304643785,0.3469808035466756,0.31161725635562,1.0,1.0,18.569366816540324,18.915851757855382,8.88,0.0023461532599995394,0.033910155,0.024347516,2.031327486038208,2.734251022338867,-2.61912202835083,-2.7306556701660156,2.0978357791900635,0.7323567867279053,0.019447393715381622,0.021150436252355576,1.6554713249206543,1.7217786312103271,-1.1534428596496582,-1.1962233781814575
Fluid,24872,24872,8.9223471,1.0,1.0,0.8006703646813311,0.6038375120079948,-0.22028231599482587,0.05735270666640315,0.21421100224123238,0.18250881141230185,0.34718896967781393,0.31184302791804097,1.0,1.0,18.56196284347809,18.911324620553632,8.92,0.0023470687899997955,0.03321931,0.024246704,2.0327720642089844,2.734182357788086,-2.619528293609619,-2.7306196689605713,2.0942792892456055,0.7299668788909912,0.01935482770204544,0.021156879141926765,1.6572285890579224,1.723101258277893,-1.1549479961395264,-1.1971499919891357
Fluid,24872,24872,8.962348,1.0,1.0,0.8050199636215205,0.6066379699356439,-0.22001977539926842,0.05733582122600675,0.21360819324450828,0.18210907821415004,0.347392022211314,0.31207002623532926,1.0,1.0,18.554538788040876,18.906789902514987,8.96,0.0023479843099991626,0.03248339,0.024148973,2.0342154502868652,2.734116554260254,-2.6199140548706055,-2.7305684089660645,2.0907347202301025,0.7275804281234741,0.019276773557066917,0.02117057517170906,1.658981204032898,1.7244174480438232,-1.1564555168151855,-1.1980617046356201
Fluid,24872,24872,9.0023489,1.0,1.0,0.8093860899748123,0.6094453033942578,-0.2197557507892672,0.057316428840630075,0.21299170088843733,0.18171295151324154,0.34759680872522863,0.312297875101307,1.0,1.0,18.547093690304404,18.90224883613114,9.0,0.0023488998399994188,0.034926224,0.024050944,2.035660982131958,2.73405385017395,-2.6202824115753174,-2.7305023670196533,2.087207794189453,0.7251973748207092,0.01921328902244568,0.021191295236349106,1.660740852355957,1.7257269620895386,-1.1579639911651611,-1.1989593505859375
Fluid,24872,24872,9.0423498,1.0,1.0,0.8137638288879228,0.6122679151393529,-0.2194913183249822,0.05729443988058538,0.21240109898787723,0.18132054896012126,0.34780362037815327,0.31252643068460495,1.0,1.0,18.539635863669165,18.897687795922163,9.04,0.0023498153700014512,0.03399993,0.023949938,2.037102222442627,2.7339937686920166,-2.6210269927978516,-2.730421543121338,2.0837008953094482,0.7228177785873413,0.019164063036441803,0.021218573674559593,1.6624960899353027,1.7270299196243286,-1.159468412399292,-1.1998435258865356
Fluid,24872,24872,9.0823507,1.0,1.0,0.8181445672449633,0.6150845362146796,-0.21922744352895623,0.05726976481009599,0.21180362351579923,0.18093191308184173,0.3480084424604053,0.31275588311960884,1.0,1.0,18.532176653186237,18.89313980884282,9.08,0.002350730899999931,0.03340721,0.023850556,2.038543462753296,2.733936071395874,-2.6217410564422607,-2.7303266525268555,2.080214500427246,0.7204419374465942,0.019128402695059776,0.021251969039440155,1.6642519235610962,1.728326678276062,-1.160974144935608,-1.2007144689559937
Fluid,24872,24872,9.1223516,1.0,1.0,0.8225386619324256,0.6179095195621497,-0.21896533737778087,0.05724233812354469,0.21119656802236558,0.18054689440727067,0.34821278920430665,0.3129863662066539,1.0,1.0,18.524699682397987,18.888583246593345,9.12,0.0023516464200010745,0.03253298,0.023752816,2.039979934692383,2.7338805198669434,-2.6224491596221924,-2.7302181720733643,2.0767483711242676,0.7180696129798889,0.01911766082048416,0.021291159093379974,1.6659985780715942,1.7296184301376343,-1.162475347518921,-1.2015725374221802
Fluid,24872,24872,9.1623526,1.0,1.0,0.8269434756254965,0.6207506452459983,-0.21869907001061584,0.05721211660160282,0.2106216383722589,0.18016534928806383,0.34841349254904797,0.3132179241095954,1.0,1.0,18.517210493213536,18.884006547521416,9.16,0.0023525619499995543,0.03187782,0.02365614,2.041421413421631,2.7338268756866455,-2.623152017593384,-2.7300961017608643,2.073302745819092,0.7157008051872253,0.019122619181871414,0.021335791796445847,1.667750597000122,1.7309062480926514,-1.1639807224273682,-1.2024179697036743
Fluid,24872,24872,9.2023535,1.0,1.0,0.8313449074245165,0.6236007172226092,-0.21843287482020143,0.05717903383488981,0.21003789775891019,0.17978737015656387,0.3486105032248561,0.3134505346260475,1.0,1.0,18.509729546532824,18.879419354466084,9.2,0.0023534774800015867,0.033850376,0.023556825,2.042867660522461,2.7337751388549805,-2.6238484382629395,-2.729961395263672,2.0698742866516113,0.7133354544639587,0.019139934331178665,0.021385569125413895,1.6695075035095215,1.732190728187561,-1.1654860973358154,-1.2032511234283447
Fluid,24872,24872,9.2423544,1.0,1.0,0.8357436599433459,0.6264510507208081,-0.2181674944697144,0.05714308628548822,0.2094780946994873,0.1794129597156732,0.3488094671843283,0.3136841250225323,1.0,1.0,18.502255372465825,18.874835462461295,9.24,0.0023543930100000665,0.033141993,0.023457525,2.0443108081817627,2.733725070953369,-2.6245269775390625,-2.7298145294189453,2.0664572715759277,0.7109735608100891,0.0191678274422884,0.02144026570022106,1.671257495880127,1.7334728240966797,-1.1669838428497314,-1.2040724754333496
Fluid,24872,24872,9.2823553,1.0,1.0,0.8401463683341185,0.6293035344251688,-0.217901989226893,0.057104295304020516,0.20890727184800356,0.1790421359019636,0.34900815319248363,0.31391852118484204,1.0,1.0,18.494778430588415,18.87025287961147,9.28,0.00235530853000121,0.032868,0.023359066,2.0457582473754883,2.7336764335632324,-2.625195026397705,-2.7296557426452637,2.0630428791046143,0.7086150646209717,0.01920648105442524,0.021499698981642723,1.6730085611343384,1.7347530126571655,-1.1684788465499878,-1.2048825025558472
Fluid,24872,24872,9.3223562,1.0,1.0,0.8445423712429823,0.6321655880867465,-0.21763512477756203,0.05706264868863322,0.20834674644779716,0.17867476436893354,0.34920550180462673,0.3141535249888574,1.0,1.0,18.48731325488644,18.86565913368782,9.32,0.0023562240599996898,0.032349154,0.02326179,2.047205924987793,2.7336292266845703,-2.6258411407470703,-2.7294857501983643,2.059623956680298,0.7062597870826721,0.019254503771662712,0.02156374230980873,1.6747480630874634,1.7360317707061768,-1.1699730157852173,-1.2056820392608643
Fluid,24872,24872,9.3623571,1.0,1.0,0.8489408192709661,0.6350380149791256,-0.2173691562496889,0.057018147436551446,0.207781413428356,0.17831078719357601,0.34940473865770355,0.31438902017856385,1.0,1.0,18.47984731730329,18.861050537024408,9.36,0.002357139589999946,0.032540206,0.023167474,2.0486583709716797,2.7335832118988037,-2.6264758110046387,-2.729304552078247,2.05619740486145,0.7039077281951904,0.019310567528009415,0.02163226716220379,1.6764851808547974,1.7373093366622925,-1.171462059020996,-1.2064718008041382
Fluid,24872,24872,9.4023581,1.0,1.0,0.8533424163707651,0.6379192270203696,-0.21710290014301958,0.056970783417350075,0.2072095921841693,0.17795023881295866,0.34960396588962905,0.3146247058679901,1.0,1.0,18.47237862598171,18.856435356818047,9.4,0.002358055109999313,0.031871703,0.02307292,2.0501091480255127,2.7335386276245117,-2.6270911693573,-2.7291128635406494,2.052764415740967,0.7015589475631714,0.019373197108507156,0.021705180406570435,1.6782116889953613,1.7385859489440918,-1.1729562282562256,-1.2072522640228271
Fluid,24872,24872,9.442359,1.0,1.0,0.8577482539214821,0.640803312947129,-0.21683079234841732,0.05692058080916966,0.20667363247961756,0.17759303987541752,0.3497979052578893,0.314860523014458,1.0,1.0,18.464904319208586,18.85181914241646,9.44,0.0023589706400013455,0.03098407,0.02298183,2.0515687465667725,2.7334952354431152,-2.6276819705963135,-2.7289109230041504,2.0493276119232178,0.6992133259773254,0.019441738724708557,0.021782398223876953,1.6799217462539673,1.7398624420166016,-1.1744635105133057,-1.2080239057540894
Fluid,24872,24872,9.4823599,1.0,1.0,0.8621431760901489,0.6436781120088855,-0.21655850347702746,0.056867620747460934,0.20614175984239635,0.17723915827690948,0.3499929081064822,0.31509650484479174,1.0,1.0,18.45744745100223,18.847222199429265,9.48,0.0023598861699998253,0.031710036,0.022892576,2.0530307292938232,2.733452796936035,-2.6282565593719482,-2.7286996841430664,2.0458905696868896,0.6968708038330078,0.019515028223395348,0.021863868460059166,1.6816240549087524,1.7411397695541382,-1.1759635210037231,-1.2087867259979248
Fluid,24872,24872,9.5223608,1.0,1.0,0.8665379983800484,0.6465535339806912,-0.21628509062847398,0.05681198388448925,0.20559373716647017,0.17688848863262355,0.3501890784890466,0.3153327066670953,1.0,1.0,18.44999442111261,18.842629050817393,9.52,0.0023608017000000814,0.031181252,0.022805884,2.0544967651367188,2.7334115505218506,-2.628805637359619,-2.7284791469573975,2.0424530506134033,0.6945313215255737,0.019592251628637314,0.02194949984550476,1.683316707611084,1.7424182891845703,-1.1774494647979736,-1.2095410823822021
Fluid,24872,24872,9.5623617,1.0,1.0,0.8709427346650319,0.6494396306119659,-0.21601019183910086,0.05675374084589934,0.20507240196968252,0.17654097680310696,0.3503837054159098,0.31556923143864757,1.0,1.0,18.44253045916749,18.83802495017317,9.56,0.0023617172199994485,0.030645013,0.022721048,2.0559637546539307,2.7333712577819824,-2.62933349609375,-2.728250026702881,2.0390093326568604,0.6921947598457336,0.019672345370054245,0.022039182484149933,1.6850045919418335,1.7436989545822144,-1.1789212226867676,-1.2102867364883423
Fluid,24872,24872,9.6023626,1.0,1.0,0.8753570046059495,0.6523341695848471,-0.21573620515991745,0.056692945425530154,0.20453233723389388,0.17619665789621022,0.3505779558645024,0.31580622421008414,1.0,1.0,18.435056092885578,18.833413555753236,9.6,0.0023626327499997046,0.031185998,0.022638066,2.0574357509613037,2.7333319187164307,-2.6298434734344482,-2.728013038635254,2.035551071166992,0.6898610591888428,0.01975427195429802,0.02213275618851185,1.6867201328277588,1.744982361793518,-1.1803803443908691,-1.2110236883163452
Fluid,24872,24872,9.6423635,1.0,1.0,0.8797643233596282,0.6552310416696673,-0.21546234157872224,0.056629674692945865,0.2040203787385968,0.17585542704093748,0.35077364319721793,0.31604383363403316,1.0,1.0,18.42759482409648,18.828803439468537,9.64,0.0023635482799999608,0.030513622,0.022558032,2.0589067935943604,2.733293294906616,-2.6303341388702393,-2.7277681827545166,2.0320725440979004,0.6875301003456116,0.019837571308016777,0.02222989685833454,1.6884738206863403,1.7462700605392456,-1.181825876235962,-1.21175217628479
Fluid,24872,24872,9.6823645,1.0,1.0,0.8841757801605413,0.6581389496706793,-0.2151861144333866,0.05656400558066334,0.2034935831703694,0.17551722628709698,0.35096971702239654,0.3162818618319038,1.0,1.0,18.420130761423536,18.824179634782578,9.68,0.002364463810000217,0.032463517,0.022479976,2.06037974357605,2.733255624771118,-2.630808115005493,-2.7275166511535645,2.0285720825195312,0.68520188331604,0.019921481609344482,0.022281518206000328,1.6902345418930054,1.7475626468658447,-1.183261752128601,-1.2124727964401245
Fluid,24872,24872,9.7223654,1.0,1.0,0.8885917349837644,0.6610565279609038,-0.21491088397447744,0.0564960091805877,0.20299014961324516,0.1751819160468391,0.35116595606797346,0.31652026059751326,1.0,1.0,18.412662956867237,18.819545225301102,9.72,0.002365379329999584,0.031547997,0.02240511,2.0618515014648438,2.7332186698913574,-2.63126277923584,-2.7272584438323975,2.025045394897461,0.6828762292861938,0.020005876198410988,0.022321349009871483,1.6919904947280884,1.7488605976104736,-1.1847052574157715,-1.2131856679916382
Fluid,24872,24872,9.7623663,1.0,1.0,0.8930054837412652,0.6639851022862744,-0.21463399654045826,0.05642572111333608,0.20248687862283493,0.1748493617639723,0.3513607495602059,0.3167590960987876,1.0,1.0,18.405199265165628,18.814898392440192,9.76,0.00236629485999984,0.031567678,0.022332983,2.0633249282836914,2.733182907104492,-2.6317026615142822,-2.726994037628174,2.021493434906006,0.680553138256073,0.020090650767087936,0.022362615913152695,1.6937452554702759,1.7501648664474487,-1.1861443519592285,-1.2138912677764893
Fluid,24872,24872,9.8023672,1.0,1.0,0.8974225525112601,0.666912368987346,-0.21435629121462543,0.056353141931441295,0.2019753384175622,0.1745196418233405,0.3515585504937051,0.3169984373085526,1.0,1.0,18.39773201827414,18.810258320076514,9.8,0.0023672103900000963,0.030415518,0.02226023,2.064795970916748,2.7331478595733643,-2.6321234703063965,-2.7267229557037354,2.017920732498169,0.6782326698303223,0.02017674222588539,0.022405266761779785,1.6954962015151978,1.7514759302139282,-1.187569499015808,-1.2145895957946777
Fluid,24872,24872,9.8423681,1.0,1.0,0.9018377256238188,0.6698496270217578,-0.2140793302733734,0.05627829048916789,0.2014900854078471,0.1741927228789374,0.3517552900560402,0.3172384828050901,1.0,1.0,18.39027053023811,18.80560882668972,9.84,0.0023681259200003524,0.02986008,0.022188319,2.0662667751312256,2.7331135272979736,-2.632530450820923,-2.7264459133148193,2.014336347579956,0.6759147644042969,0.02026202157139778,0.022406606003642082,1.6972527503967285,1.7527943849563599,-1.1889845132827759,-1.215280532836914
Fluid,24872,24872,9.882369,1.0,1.0,0.9062525579726661,0.6727962340946138,-0.21380009972244735,0.05620119496464044,0.20099709534343008,0.17386858929201768,0.351952174549392,0.31747926517209124,1.0,1.0,18.382813018746376,18.80094896980174,9.88,0.0023690414399997195,0.029945824,0.022116762,2.0677337646484375,2.7330801486968994,-2.6329193115234375,-2.726327657699585,2.0107526779174805,0.6735995411872864,0.02034592069685459,0.02239709347486496,1.6990100145339966,1.7541205883026123,-1.190392255783081,-1.2159641981124878
Fluid,24872,24872,9.92237,1.0,1.0,0.9106748893770183,0.6757512828268535,-0.21352153856538825,0.0561218930418244,0.20051420792757843,0.17354719539729524,0.35214907604096746,0.3177208579268951,1.0,1.0,18.37534753192694,18.796280516233043,9.92,0.0023699569699999756,0.02942437,0.022046996,2.0691978931427,2.7330479621887207,-2.6332967281341553,-2.7264976501464844,2.007180690765381,0.6712868809700012,0.020429084077477455,0.0224215779453516,1.700768232345581,1.7554545402526855,-1.1917924880981445,-1.216640830039978
Fluid,24872,24872,9.9623709,1.0,1.0,0.9150998886799785,0.6787091061999525,-0.2132439358169935,0.05604040593444467,0.2000205991918508,0.17322847762429083,0.35234690671057056,0.3179632696428949,1.0,1.0,18.367880580892283,18.791610242278296,9.96,0.0023708724999984554,0.03164702,0.021978015,2.0706589221954346,2.7330167293548584,-2.633659839630127,-2.7266647815704346,2.0036330223083496,0.6689767241477966,0.020512791350483894,0.022478340193629265,1.702532172203064,1.7567960023880005,-1.193183422088623,-1.2173107862472534
Fluid,24872,24872,10.0023718,1.0,1.0,0.91952875559772,0.6816795949956437,-0.21296559650215494,0.05595677569999826,0.19955245811747127,0.17291239999501581,0.3525445945183022,0.3182066166610404,1.0,1.0,18.360409927314482,18.786924839709954,10.0,0.0023717879999995972,0.03097698,0.0219092,2.072114944458008,2.7329866886138916,-2.6340103149414062,-2.726827621459961,2.000120162963867,0.6666691303253174,0.02059716358780861,0.022523069754242897,1.7042888402938843,1.758144497871399,-1.1945648193359375,-1.2179744243621826
Fluid,24872,24872,10.0423727,1.0,1.0,0.9239473234844693,0.6846611605525571,-0.21268532041507607,0.05587102206520935,0.1990776367172636,0.17259893406181928,0.3527395233440537,0.3184510015123677,1.0,1.0,18.35295733557364,18.78222909944546,10.04,0.0023727036000007473,0.030554548,0.021840893,2.0735695362091064,2.7329578399658203,-2.6343483924865723,-2.7269861698150635,1.9966459274291992,0.6643639206886292,0.020682163536548615,0.02250724658370018,1.7060487270355225,1.7594990730285645,-1.1959425210952759,-1.2187758684158325
Fluid,24872,24872,10.0823736,1.0,1.0,0.9283639397511355,0.6876477918601503,-0.2124041756759579,0.0557831742410749,0.19859439326748587,0.1722882422555661,0.35293497479398184,0.3186966905717491,1.0,1.0,18.345512226602587,18.777530192792053,10.08,0.0023736191000001128,0.029637754,0.021771349,2.075017213821411,2.7329304218292236,-2.634676456451416,-2.727139949798584,1.99320650100708,0.6620612740516663,0.020668866112828255,0.022492092102766037,1.7078018188476562,1.7608590126037598,-1.1973140239715576,-1.2196284532546997
Fluid,24872,24872,10.1223745,1.0,1.0,0.9327774880189312,0.6906356297927798,-0.21212170098289063,0.05569325810676964,0.1981354801069038,0.17198034970616413,0.3531288913219428,0.31894395751761967,1.0,1.0,18.338075391385058,18.772832640385314,10.12,0.0023745346000012546,0.029158216,0.02170162,2.076462507247925,2.7329041957855225,-2.6349918842315674,-2.7272884845733643,1.9897966384887695,0.6597610712051392,0.020613569766283035,0.022477643564343452,1.7095577716827393,1.7622236013412476,-1.1986823081970215,-1.220474362373352
Fluid,24872,24872,10.1623755,1.0,1.0,0.9371950741597653,0.6936244719466553,-0.2118397707814706,0.05560126616782786,0.19766320519993455,0.17167527964455487,0.35332527222017385,0.31919308734670715,1.0,1.0,18.330635472370062,18.768137355715794,10.16,0.00237545010000062,0.031343974,0.021632936,2.07790470123291,2.732879400253296,-2.6352956295013428,-2.7274317741394043,1.9864083528518677,0.6574634313583374,0.020574074238538742,0.02246399223804474,1.7113195657730103,1.76359224319458,-1.2000465393066406,-1.2213128805160522
Fluid,24872,24872,10.2023764,1.0,1.0,0.9416089361163614,0.6966169344948113,-0.21155940221374553,0.05550716137968845,0.197212442912667,0.17137294884617735,0.35352229955267306,0.31944422369123343,1.0,1.0,18.323204066409065,18.763440327116744,10.2,0.002376365699999994,0.03023883,0.021566464,2.0793356895446777,2.732856035232544,-2.6355926990509033,-2.727569103240967,1.9830321073532104,0.6551682353019714,0.020545264706015587,0.022451212629675865,1.713078260421753,1.7649638652801514,-1.201408863067627,-1.2221434116363525
Fluid,24872,24872,10.2423773,1.0,1.0,0.9460262395655832,0.6996097165285992,-0.21127791275406882,0.05541093805451371,0.1967596382929576,0.1710733659751923,0.35371796703672653,0.3196970635098793,1.0,1.0,18.31577070563044,18.758746227139866,10.24,0.0023772811999993593,0.030120311,0.021498209,2.080761671066284,2.7328341007232666,-2.635880947113037,-2.727700710296631,1.9796561002731323,0.652875542640686,0.02053018845617771,0.022439416497945786,1.714836597442627,1.766337513923645,-1.2027708292007446,-1.222966194152832
Fluid,24872,24872,10.2823782,1.0,1.0,0.9504523441034323,0.7026096761559729,-0.21099686541192558,0.05531260260596785,0.19629504844988463,0.1707764631121525,0.35391375409516035,0.3199513547682351,1.0,1.0,18.30832851926166,18.75404455808245,10.28,0.002378196700000501,0.029116163,0.021431157,2.082178831100464,2.732813596725464,-2.636157989501953,-2.7278263568878174,1.976269245147705,0.6505852341651917,0.02052563987672329,0.022428659722208977,1.7165939807891846,1.7677116394042969,-1.2041311264038086,-1.2237812280654907
Fluid,24872,24872,10.3223791,1.0,1.0,0.9548887904630367,0.7056133138805909,-0.2107161347293431,0.055212169231702544,0.19585418298043103,0.17048231250705032,0.35411048541859763,0.3202069619156026,1.0,1.0,18.300875502638817,18.74934204186838,10.32,0.0023791121999998666,0.028639356,0.021364529,2.0835886001586914,2.7327945232391357,-2.6364266872406006,-2.7279458045959473,1.9728620052337646,0.6482974886894226,0.020533058792352676,0.022321583703160286,1.7183481454849243,1.7690855264663696,-1.205487608909607,-1.2245885133743286
Fluid,24872,24872,10.36238,1.0,1.0,0.9593294133448224,0.7086305829941538,-0.21043684567973658,0.05510966946982295,0.19539783032583752,0.1701908693494603,0.3543097670160923,0.3204637854846245,1.0,1.0,18.29341900670747,18.744620870569964,10.36,0.0023800278000010167,0.030837642,0.021299336,2.0849900245666504,2.7327771186828613,-2.6366870403289795,-2.7280595302581787,1.9694284200668335,0.6460121870040894,0.020554503425955772,0.022165346890687943,1.7201076745986938,1.7704590559005737,-1.2068384885787964,-1.2253879308700562
Fluid,24872,24872,10.4023809,1.0,1.0,0.9637740243898083,0.7116560535663726,-0.21015812083906543,0.05500515556650703,0.1949739289675513,0.1699020597256508,0.3545092999461808,0.32072178828798587,1.0,1.0,18.28595794788623,18.73989092632673,10.4,0.002380943300000382,0.030210484,0.021236712,2.0863826274871826,2.7327611446380615,-2.6369378566741943,-2.7281675338745117,1.9659638404846191,0.6437293887138367,0.0205876175314188,0.022016365081071854,1.7218600511550903,1.7718321084976196,-1.2081867456436157,-1.2261790037155151
Fluid,24872,24872,10.4423819,1.0,1.0,0.9682235960123864,0.7146835748245383,-0.209884584133072,0.05489870074141295,0.19453223775145134,0.16961582473418702,0.3547098135586396,0.32098095787624953,1.0,1.0,18.278492696456258,18.73516335484298,10.44,0.0023818587999997476,0.029967172,0.021175293,2.087761640548706,2.7327466011047363,-2.637181282043457,-2.7282702922821045,1.9624723196029663,0.6414490938186646,0.02063419483602047,0.021874744445085526,1.7236100435256958,1.7732044458389282,-1.209532380104065,-1.226961612701416
Fluid,24872,24872,10.4823828,1.0,1.0,0.9726692787750324,0.7177173087075754,-0.2096119220298917,0.05479035546809037,0.1941008506941583,0.16933218802089675,0.3549103520721589,0.3212417259051788,1.0,1.0,18.271036452363642,18.730430774575225,10.48,0.0023827743999991213,0.028355919,0.021118687,2.0891337394714355,2.7327334880828857,-2.637418270111084,-2.728367567062378,1.9589574337005615,0.6391711831092834,0.02069227211177349,0.021740533411502838,1.7253541946411133,1.7745778560638428,-1.2108757495880127,-1.2277345657348633
Fluid,24872,24872,10.5223837,1.0,1.0,0.9771076786398347,0.7207591435650451,-0.20933908191049724,0.05468014663552051,0.19366542529838982,0.16905084861836064,0.3551104265440742,0.32150379131531986,1.0,1.0,18.26359444755034,18.725689777341753,10.52,0.002383689900000263,0.030284297,0.021064347,2.090500593185425,2.7327215671539307,-2.637646198272705,-2.7284600734710693,1.9554188251495361,0.6368957161903381,0.02076510526239872,0.02161381207406521,1.7270959615707397,1.7759525775909424,-1.2122184038162231,-1.228497862815857
Fluid,24872,24872,10.5623846,1.0,1.0,0.9815419458166952,0.7238089183401885,-0.2090663295204761,0.054568099228251246,0.1932526267924184,0.16877181493753884,0.35530942669689086,0.3217668663694601,1.0,1.0,18.256162287185106,18.72094076359989,10.56,0.0023846053999996286,0.029488599,0.02101029,2.091858386993408,2.7327113151550293,-2.6378636360168457,-2.7285475730895996,1.9518635272979736,0.6346226930618286,0.020849047228693962,0.021494636312127113,1.7288309335708618,1.7773287296295166,-1.2135602235794067,-1.2292519807815552
Fluid,24872,24872,10.6023855,1.0,1.0,0.9859745237986026,0.7268618682581826,-0.20879445407175945,0.05445424159650262,0.192833247472391,0.16849502327225277,0.3555110313185052,0.3220308611659353,1.0,1.0,18.2487358727153,18.716191351241182,10.6,0.0023855209000007704,0.029268298,0.02095788,2.0932111740112305,2.7327022552490234,-2.638076066970825,-2.728630304336548,1.9483038187026978,0.6323521137237549,0.02094413712620735,0.021382981911301613,1.7305668592453003,1.778706669807434,-1.2148914337158203,-1.229997158050537
Fluid,24872,24872,10.6423864,1.0,1.0,0.9904114669442884,0.7299131494820581,-0.20852251197169505,0.054338577814399,0.19240394056338522,0.16822042558210412,0.3557138046286869,0.3222956734424177,1.0,1.0,18.24130590639148,18.7114469450208,10.64,0.002386436500000144,0.028369328,0.020906365,2.094557762145996,2.732694149017334,-2.6382787227630615,-2.728708505630493,1.9447518587112427,0.6300839781761169,0.021010247990489006,0.021278556436300278,1.7322956323623657,1.7800865173339844,-1.2162179946899414,-1.2307335138320923
Fluid,24872,24872,10.6823874,1.0,1.0,0.9948570011447755,0.7329749855288584,-0.20825019434029127,0.0542211285041901,0.19199956131369011,0.16794795417208877,0.35591821246900557,0.32256116268822,1.0,1.0,18.23386714917818,18.706689955031003,10.68,0.0023873519999995096,0.027892767,0.02085562,2.095900058746338,2.732687473297119,-2.638474225997925,-2.7287826538085938,1.9412178993225098,0.6278179883956909,0.020930875092744827,0.021181002259254456,1.7340213060379028,1.7814686298370361,-1.2175369262695312,-1.231461524963379
Fluid,24872,24872,10.7223883,1.0,1.0,0.9992906398434517,0.7360418882037286,-0.2079782276482484,0.054101875182612655,0.19159111959246236,0.1676774831092864,0.35612123909899657,0.3228271919455363,1.0,1.0,18.226448322922213,18.70193074699689,10.72,0.002388267499998875,0.027807893,0.020806497,2.097234010696411,2.7326815128326416,-2.638660192489624,-2.7288527488708496,1.937705159187317,0.6255543231964111,0.020864157006144524,0.0210899468511343,1.735734462738037,1.7828526496887207,-1.2188525199890137,-1.2321809530258179
Fluid,24872,24872,10.7623892,1.0,1.0,1.003727241478627,0.7391124694104961,-0.20770747751496604,0.05398075743801544,0.19117442209337382,0.1674090168379989,0.3563233140182015,0.32309373715214706,1.0,1.0,18.219027520223,18.69717068432918,10.76,0.002389183000000017,0.028040875,0.02075766,2.0985641479492188,2.7326765060424805,-2.638838768005371,-2.72891902923584,1.9342093467712402,0.6232929825782776,0.020811179652810097,0.0210051741451025,1.7374359369277954,1.7842382192611694,-1.2201648950576782,-1.2328922748565674
Fluid,24872,24872,10.8023901,1.0,1.0,1.0081599769455976,0.7421796928215368,-0.20743656577594846,0.053857737275043574,0.19078478500393484,0.16714257106946434,0.3565255635323303,0.32336071130303484,1.0,1.0,18.21161529729511,18.692419268035092,10.8,0.0023900985999993907,0.027338069,0.020708071,2.099888563156128,2.7326724529266357,-2.6390106678009033,-2.728982448577881,1.930722713470459,0.621033787727356,0.020772764459252357,0.02092648670077324,1.7391222715377808,1.7856248617172241,-1.2214701175689697,-1.2335959672927856
Fluid,24872,24872,10.842391,1.0,1.0,1.0125907946155297,0.7452468971193814,-0.20716632403283244,0.05373282077859748,0.19037309990773124,0.16687818348128258,0.35672717003201987,0.3236281720268299,1.0,1.0,18.20420918548249,18.68767210673427,10.84,0.0023910141000005325,0.029403316,0.020657811,2.1012115478515625,2.73266863822937,-2.6391773223876953,-2.729043960571289,1.9272375106811523,0.6187766194343567,0.02075011655688286,0.020853718742728233,1.7407995462417603,1.787011981010437,-1.222771167755127,-1.2342922687530518
Fluid,24872,24872,10.8823919,1.0,1.0,1.0170094989543745,0.7483177797243178,-0.2068956741305585,0.05360597770196203,0.1899908339709131,0.16661580646546584,0.35692970311021815,0.3238961182417777,1.0,1.0,18.19682197380618,18.682922232914063,10.88,0.002391929599999898,0.028718185,0.020608217,2.102529287338257,2.7326653003692627,-2.639336109161377,-2.7291033267974854,1.9237489700317383,0.6165215373039246,0.02074299566447735,0.02078673429787159,1.742453932762146,1.7883992195129395,-1.2240660190582275,-1.2349814176559448
Fluid,24872,24872,10.9223928,1.0,1.0,1.021419793116977,0.751393125529393,-0.20662780635534575,0.05347719331097904,0.18959862121333534,0.16635542156406335,0.35713346150277975,0.3241644188273245,1.0,1.0,18.189449438637727,18.678169098188732,10.92,0.0023928451999992717,0.02830033,0.020557422,2.1038436889648438,2.7326622009277344,-2.6398773193359375,-2.729160785675049,1.9202572107315063,0.6142685413360596,0.020602548494935036,0.020725389942526817,1.744099497795105,1.789785623550415,-1.2253531217575073,-1.2356640100479126
Fluid,24872,24872,10.9623938,1.0,1.0,1.0258266230303594,0.7544737786964488,-0.20635849703732373,0.0533464494977301,0.18919641185327513,0.1660969394725565,0.35733778116884557,0.32443296268423205,1.0,1.0,18.18208510498404,18.67341248760579,10.96,0.002393760699998637,0.027635714,0.020509519,2.105156898498535,2.732659101486206,-2.640597105026245,-2.7292163372039795,1.916765809059143,0.6120176315307617,0.020437151193618774,0.020669547840952873,1.7457255125045776,1.791170597076416,-1.226636528968811,-1.2363405227661133
Fluid,24872,24872,11.0023947,1.0,1.0,1.0302380762327616,0.7575526220494436,-0.20609073999131758,0.0532136686186999,0.18881825875826708,0.16584021975123048,0.3575409583270258,0.32470159790560915,1.0,1.0,18.17471821969941,18.66866258725203,11.0,0.002394676199999779,0.027084999,0.020460974,2.1064696311950684,2.732656240463257,-2.641287088394165,-2.7292702198028564,1.9132767915725708,0.609768807888031,0.020286310464143753,0.020619086921215057,1.7473407983779907,1.792554259300232,-1.227912425994873,-1.237011194229126
Fluid,24872,24872,11.0423956,1.0,1.0,1.0346504309710738,0.7606382208514285,-0.20582380241758752,0.05307882495842162,0.18842607521962454,0.16558557165354962,0.3577450446717714,0.3249701470775436,1.0,1.0,18.167353540572677,18.663907027198555,11.04,0.002395591700000921,0.029218493,0.02039707,2.1077821254730225,2.7326531410217285,-2.6419553756713867,-2.729323387145996,1.909788727760315,0.6075221300125122,0.02015060931444168,0.020573923364281654,1.7489440441131592,1.7939361333847046,-1.2291882038116455,-1.2376765012741089
Fluid,24872,24872,11.0823965,1.0,1.0,1.0390602002181517,0.763731075473035,-0.20555560950699975,0.052941882623831066,0.18805588667522716,0.1653329665184287,0.35794961639069733,0.3252385444749026,1.0,1.0,18.159995466614507,18.65914396531868,11.08,0.0023965073000002945,0.028419504,0.020338692,2.1090919971466064,2.732649803161621,-2.6425905227661133,-2.729375123977661,1.9062994718551636,0.6052777767181396,0.020029651001095772,0.020533941686153412,1.750532865524292,1.7953161001205444,-1.230459213256836,-1.2383363246917725
Fluid,24872,24872,11.1223974,1.0,1.0,1.0434732846617163,0.7668431505258715,-0.20528766555917122,0.0528027810767142,0.18768113883921858,0.16508239764395483,0.35815525339800947,0.32550675570806215,1.0,1.0,18.15263630501056,18.654355876811564,11.12,0.0023974228000014364,0.028340902,0.020279175,2.1104042530059814,2.7326459884643555,-2.643205404281616,-2.729426383972168,1.9028105735778809,0.6030356287956238,0.01992485113441944,0.020499123260378838,1.7521164417266846,1.796694278717041,-1.2317273616790771,-1.2389906644821167
Fluid,24872,24872,11.1623983,1.0,1.0,1.0478762095346175,0.7699576974219255,-0.20502094796374346,0.05266145507910793,0.18729515138906588,0.16483387882704734,0.3583614287408113,0.3257747079900487,1.0,1.0,18.145295198993615,18.649567909584277,11.16,0.0023983382999990255,0.027201816,0.020219058,2.11171293258667,2.7326414585113525,-2.643794059753418,-2.7294771671295166,1.8993252515792847,0.6007956862449646,0.01983599364757538,0.02046944946050644,1.7536885738372803,1.7980701923370361,-1.2329922914505005,-1.239639401435852
Fluid,24872,24872,11.2023993,1.0,1.0,1.0522864151621847,0.7730688059972065,-0.2047548775653118,0.05251784541189728,0.18693414665057648,0.16458735788391107,0.35856742541555364,0.32604222456393533,1.0,1.0,18.137947692944714,18.644789179025565,11.2,0.0023992538000001673,0.026784774,0.02015854,2.113020658493042,2.7326362133026123,-2.6443612575531006,-2.729527473449707,1.8958467245101929,0.5985579490661621,0.01976398006081581,0.020444927737116814,1.7552564144134521,1.7994434833526611,-1.234254002571106,-1.2402828931808472
Fluid,24872,24872,11.2424002,1.0,1.0,1.0566934130195695,0.7761849406413085,-0.20448919292891338,0.05237192877179779,0.1865532097035085,0.16434286900545267,0.3587732765762877,0.32630925043142306,1.0,1.0,18.13060783622885,18.640006518969777,11.24,0.002400169399999541,0.028860422,0.020098096,2.114330768585205,2.7326300144195557,-2.6449134349823,-2.72957706451416,1.89237642288208,0.5963225364685059,0.019710712134838104,0.02042562887072563,1.7568200826644897,1.8008136749267578,-1.2355155944824219,-1.2409210205078125
Fluid,24872,24872,11.2824011,1.0,1.0,1.0610915787991184,0.7793024013934148,-0.20422529463601427,0.05222370079156861,0.18620223221727059,0.16410040868004086,0.35897977642342443,0.32657594214653135,1.0,1.0,18.12328270076747,18.635225999734914,11.28,0.002401084900000683,0.028324783,0.020040223,2.1156351566314697,2.7326228618621826,-2.645442485809326,-2.729625701904297,1.8889137506484985,0.5940890908241272,0.01967407390475273,0.020411524921655655,1.758374571800232,1.8021806478500366,-1.2367762327194214,-1.2415539026260376
Fluid,24872,24872,11.322402,1.0,1.0,1.0654804561249251,0.7824146155850158,-0.20396026609570025,0.052073205108120774,0.1858385182365484,0.1638598963726868,0.3591876850208026,0.3268423501336175,1.0,1.0,18.115974124277777,18.630456755191194,11.32,0.0024020004000000483,0.027715443,0.019983828,2.116940975189209,2.732614755630493,-2.6459505558013916,-2.729673147201538,1.885455846786499,0.5918577313423157,0.019656265154480934,0.020402563735842705,1.7599271535873413,1.8035441637039185,-1.2380331754684448,-1.2421815395355225
Fluid,24872,24872,11.3624029,1.0,1.0,1.069871256754578,0.7855230101927614,-0.20369616147388647,0.05192050844701723,0.18546599560314186,0.1636213184939892,0.35939548075457006,0.3271084968509985,1.0,1.0,18.108665481569222,18.62569618750401,11.36,0.0024029160000011984,0.026882641,0.019928802,2.118243932723999,2.732605457305908,-2.646440029144287,-2.7297191619873047,1.8819997310638428,0.5896283388137817,0.01965617574751377,0.020398736000061035,1.7614694833755493,1.8049039840698242,-1.2392910718917847,-1.2428045272827148
Fluid,24872,24872,11.4024038,1.0,1.0,1.074261998280062,0.7886353665879702,-0.20343223186552792,0.05176571000354822,0.185116969735187,0.16338476175310532,0.3596040701034505,0.32737451720749294,1.0,1.0,18.101359678449718,18.620933687966826,11.4,0.0024038314999987875,0.026461467,0.019874865,2.119544267654419,2.732595205307007,-2.6469128131866455,-2.7297632694244385,1.8785429000854492,0.5874008536338806,0.019674599170684814,0.020400069653987885,1.7630119323730469,1.8062595129013062,-1.2405434846878052,-1.2434227466583252
Fluid,24872,24872,11.4424047,1.0,1.0,1.078664129590312,0.7917420733050067,-0.20316941866213226,0.05160894747146478,0.1847528665896892,0.1631501716518629,0.3598072368084071,0.32764044894796596,1.0,1.0,18.09404221601753,18.616182713349097,11.44,0.0024047469999999294,0.028558383,0.019822676,2.1208417415618896,2.732583999633789,-2.6473729610443115,-2.7298052310943604,1.8750817775726318,0.5851752161979675,0.01971251145005226,0.020406685769557953,1.7645450830459595,1.8076107501983643,-1.2417988777160645,-1.2440366744995117
Fluid,24872,24872,11.4824057,1.0,1.0,1.0830774105501368,0.7948580066017319,-0.20290706878699943,0.05145037260017966,0.18441366434520265,0.1629175261576232,0.36001028597312823,0.3279064004509383,1.0,1.0,18.08671199481715,18.61142234631235,11.48,0.002405662499999295,0.02770069,0.019771837,2.122131824493408,2.732571840286255,-2.6478145122528076,-2.729844808578491,1.8716152906417847,0.5829512476921082,0.01976584829390049,0.020418716594576836,1.766067624092102,1.8089574575424194,-1.243048071861267,-1.2446463108062744
Fluid,24872,24872,11.5224066,1.0,1.0,1.0874911677780026,0.7979755083608349,-0.20264411843257507,0.051290180699629595,0.18406586115700532,0.16268674174432118,0.360212776443281,0.3281723432241354,1.0,1.0,18.07938430228008,18.606664700613944,11.52,0.002406578100000445,0.027633205,0.019722065,2.123422145843506,2.7325589656829834,-2.6482436656951904,-2.729881525039673,1.8681443929672241,0.5807288885116577,0.019834116101264954,0.020436257123947144,1.7675920724868774,1.8103004693984985,-1.2442907094955444,-1.2452518939971924
Fluid,24872,24872,11.5624075,1.0,1.0,1.0919096162093755,0.801098638845646,-0.20238274532759992,0.0511285497571215,0.18370643967730238,0.16245783093373717,0.36041586153377886,0.32843831950782715,1.0,1.0,18.07205338096956,18.60190350494035,11.56,0.0024074935999998104,0.026342269,0.019673714,2.124704599380493,2.7325453758239746,-2.6486597061157227,-2.7299158573150635,1.8646687269210815,0.578508198261261,0.019797584041953087,0.02045939303934574,1.7691023349761963,1.8116406202316284,-1.2455308437347412,-1.2458537817001343
Fluid,24872,24872,11.6024084,1.0,1.0,1.096332285652674,0.804226110809058,-0.2021229240350454,0.05096563612236427,0.18336149334312013,0.16223066569185834,0.36061791148089006,0.32870431164282876,1.0,1.0,18.064719356536557,18.597139934053295,11.6,0.002408409100000952,0.02795037,0.01962666,2.125986337661743,2.7325313091278076,-2.6490678787231445,-2.729947328567505,1.8611873388290405,0.576289176940918,0.019691454246640205,0.02048817090690136,1.7706146240234375,1.8129785060882568,-1.246766448020935,-1.2464520931243896
Fluid,24872,24872,11.6424093,1.0,1.0,1.1007678715467144,0.8073624282958838,-0.2018603101852684,0.05080157629537449,0.18302308639539025,0.16200522416780216,0.36081984253174487,0.328970297820254,1.0,1.0,18.05737143741539,18.59236635238498,11.64,0.0024093246000003177,0.02765111,0.019580051,2.127264976501465,2.7325170040130615,-2.6494624614715576,-2.729975700378418,1.857701301574707,0.5740717649459839,0.01959836483001709,0.020522620528936386,1.7721210718154907,1.8143151998519897,-1.2480005025863647,-1.2470471858978271
Fluid,24872,24872,11.6824102,1.0,1.0,1.105207302864785,0.810504777116586,-0.20159715450259932,0.05063648236811823,0.18268181609490694,0.16178152309571883,0.36102003281136585,0.329236300314821,1.0,1.0,18.050022413355624,18.587588808129325,11.68,0.0024102401999996914,0.02636998,0.019533908,2.1285414695739746,2.7325022220611572,-2.6498465538024902,-2.730001449584961,1.8542073965072632,0.5718559622764587,0.019518859684467316,0.020562641322612762,1.7736161947250366,1.8156516551971436,-1.2492308616638184,-1.2476392984390259
Fluid,24872,24872,11.7224112,1.0,1.0,1.109638434009552,0.8136500198696633,-0.20133540723937896,0.050470438555641484,0.18235623142106866,0.1615595571765207,0.36121892361831826,0.3295023311882362,1.0,1.0,18.04268815978312,18.582811796116882,11.72,0.002411155699999057,0.025810542,0.019488567,2.129814863204956,2.732487440109253,-2.650221824645996,-2.7300240993499756,1.8507018089294434,0.5696417689323425,0.019453037530183792,0.0206080824136734,1.7751082181930542,1.8169890642166138,-1.2504574060440063,-1.2482285499572754
Fluid,24872,24872,11.7624121,1.0,1.0,1.114069771771978,0.8168024193780793,-0.20107460205466268,0.0503035009797901,0.18201494093965792,0.16133925809789162,0.36141914997903685,0.3297684202224065,1.0,1.0,18.035357080996707,18.578028350867193,11.76,0.0024120712000001987,0.025726689,0.019444576,2.1310875415802,2.7324721813201904,-2.6505939960479736,-2.730043649673462,1.847184419631958,0.5674291849136353,0.019401533529162407,0.02065875008702278,1.7766011953353882,1.8183280229568481,-1.2516807317733765,-1.2488151788711548
Fluid,24872,24872,11.802413,1.0,1.0,1.1185004610425162,0.8199567506269212,-0.20081350282895782,0.050135695215988034,0.18168293985423753,0.161120566553246,0.36161823515420843,0.3300346157758253,1.0,1.0,18.028030937643592,18.573248410385958,11.8,0.0024129867999995724,0.025808958,0.019402783,2.132356882095337,2.732457160949707,-2.6509597301483154,-2.730059862136841,1.8436596393585205,0.5652181506156921,0.0193631574511528,0.02071440778672695,1.7780894041061401,1.8196697235107422,-1.252902626991272,-1.2493993043899536
Fluid,24872,24872,11.8424139,1.0,1.0,1.1229336837290695,0.8231100146125058,-0.2005527502731784,0.049967019157900555,0.18135675015922512,0.160903424044128,0.3618169653707499,0.33030096007836085,1.0,1.0,18.020705268750355,18.56847476265215,11.84,0.0024139023000007143,0.02769836,0.019363487,2.1336233615875244,2.7324416637420654,-2.6513185501098633,-2.7300727367401123,1.8401403427124023,0.563008725643158,0.01933879591524601,0.020774733275175095,1.7795732021331787,1.821014642715454,-1.2541261911392212,-1.2499810457229614
Fluid,24872,24872,11.8824148,1.0,1.0,1.1273601758561629,0.8262700735157137,-0.20029060865738021,0.049797442501597164,0.18104464949010404,0.16068781430077558,0.3620154238528337,0.3305675383566937,1.0,1.0,18.01339280172037,18.563696304637546,11.88,0.0024148178000000797,0.027043678,0.019326212,2.1348862648010254,2.732426166534424,-2.651669979095459,-2.7300820350646973,1.8366472721099854,0.5608009099960327,0.019327359274029732,0.020839469507336617,1.781052589416504,1.822363018989563,-1.255347490310669,-1.2505604028701782
Fluid,24872,24872,11.9224157,1.0,1.0,1.131779622853375,0.8294297913453141,-0.20003044516043322,0.04962691691101685,0.1807246960358962,0.16047368170010526,0.36221491307651393,0.3308343814849845,1.0,1.0,18.006092913283457,18.558922394290544,11.92,0.002415733299999445,0.026585953,0.019291103,2.1361477375030518,2.732410430908203,-2.65201997756958,-2.7300875186920166,1.833199143409729,0.5585947036743164,0.019329246133565903,0.02090834453701973,1.782531499862671,1.8237147331237793,-1.2565674781799316,-1.251137375831604
Fluid,24872,24872,11.9624166,1.0,1.0,1.1362007300570358,0.832593751858436,-0.19976817879739858,0.04945539846781482,0.1803934817055157,0.16026096305484597,0.3624155783389185,0.3311014942098869,1.0,1.0,17.998792860583883,18.554147208223927,11.96,0.002416648899998819,0.025567781,0.019257572,2.1374056339263916,2.7323944568634033,-2.6523613929748535,-2.7300894260406494,1.8298028707504272,0.556390106678009,0.019343236461281776,0.020981116220355034,1.7840074300765991,1.8250693082809448,-1.2577868700027466,-1.2517120838165283
Fluid,24872,24872,12.0024176,1.0,1.0,1.1406281219869452,0.8357565452033449,-0.19950656827129412,0.049282854350883455,0.18008551574923246,0.160049616543252,0.3626146998311479,0.3313688580433071,1.0,1.0,17.991486984918875,18.549377368017193,12.0,0.0024175643999999608,0.025176942,0.019225467,2.1386616230010986,2.7323782444000244,-2.6526989936828613,-2.7300875186920166,1.8264546394348145,0.554186999797821,0.01937054842710495,0.02105758525431156,1.7854843139648438,1.826426386833191,-1.2590343952178955,-1.2522847652435303
Fluid,24872,24872,12.0424185,1.0,1.0,1.1450505613515043,0.8389178507496514,-0.19924666049604742,0.04910927756616697,0.17976264758180827,0.1598396298841622,0.3628178660119713,0.3316364481603699,1.0,1.0,17.984191529158036,18.544613638158854,12.04,0.0024184799000011026,0.027216349,0.019194322,2.1399145126342773,2.7323617935180664,-2.653033494949341,-2.730081796646118,1.8231407403945923,0.5519853830337524,0.019410492852330208,0.0211375430226326,1.7869683504104614,1.8277853727340698,-1.2603784799575806,-1.2528554201126099
Fluid,24872,24872,12.0824194,1.0,1.0,1.149473647618171,0.8420845043133749,-0.19898512127120097,0.04893467358072957,0.17946290989319835,0.15963097614650762,0.36301942400522547,0.3319042517925697,1.0,1.0,17.976898534653003,18.53984671445781,12.08,0.002419395400000468,0.026591398,0.019164652,2.1411631107330322,2.7323451042175293,-2.6533620357513428,-2.730072259902954,1.8198438882827759,0.5497852563858032,0.01946117915213108,0.021182261407375336,1.7884464263916016,1.8291456699371338,-1.261720895767212,-1.253424048423767
Fluid,24872,24872,12.1224203,1.0,1.0,1.1538955547512102,0.8452548365693225,-0.19872477661969393,0.04875906627255574,0.17913742758231535,0.1594236406188215,0.36322153815911445,0.33217226871101546,1.0,1.0,17.96960906408806,18.53507723218569,12.12,0.002420311000001618,0.025428887,0.0191364,2.142407178878784,2.732328176498413,-2.653686761856079,-2.7300586700439453,1.8165483474731445,0.5475865006446838,0.0195228960365057,0.021142276003956795,1.789923906326294,1.8305065631866455,-1.2630563974380493,-1.253990650177002
Fluid,24872,24872,12.1624212,1.0,1.0,1.1583103677947304,0.8484284648652343,-0.1984644207782368,0.04858249716922622,0.1788362493457997,0.15921755910035668,0.3634250974546291,0.33244046258624393,1.0,1.0,17.962333414707203,18.530306201381443,12.16,0.0024212264999992072,0.025029302,0.01910947,2.143646001815796,2.7323107719421387,-2.654006242752075,-2.730041027069092,1.8132411241531372,0.5453891158103943,0.019594736397266388,0.021110447123646736,1.7914034128189087,1.8318674564361572,-1.2643893957138062,-1.2545549869537354
Fluid,24872,24872,12.2024221,1.0,1.0,1.1627163812306898,0.85160683806116,-0.19820478665766755,0.04840501942667342,0.17853295359995375,0.15901267627222976,0.3636306619862927,0.3327087707165636,1.0,1.0,17.955074695691145,18.525533157861204,12.2,0.002422142000000349,0.025005892,0.019082988,2.1448800563812256,2.7322933673858643,-2.6543266773223877,-2.7300195693969727,1.8099091053009033,0.5431930422782898,0.019676560536026955,0.021086717024445534,1.7928868532180786,1.8332277536392212,-1.2657115459442139,-1.255117416381836
Fluid,24872,24872,12.2424231,1.0,1.0,1.167125859943391,0.8547860145944163,-0.197946245686294,0.04822668816352694,0.17822967152656127,0.15880895670127135,0.36383704722789056,0.3329771337782257,1.0,1.0,17.94781568837189,18.520762007195838,12.24,0.002423057599999723,0.024936646,0.019056443,2.146108388900757,2.73227596282959,-2.6546406745910645,-2.729994297027588,1.8065413236618042,0.5409982800483704,0.01976732723414898,0.021070988848805428,1.7943758964538574,1.8345874547958374,-1.267030954360962,-1.2556777000427246
Fluid,24872,24872,12.282424,1.0,1.0,1.1715356802213115,0.8579660175775294,-0.19768776615416428,0.048047566008908346,0.1779291085124072,0.15860639111941394,0.36404257214309915,0.333245552650832,1.0,1.0,17.940560792757022,18.515993614371624,12.28,0.0024239731000008646,0.024962902,0.019029297,2.147329568862915,2.7322583198547363,-2.6549501419067383,-2.7299654483795166,1.8031212091445923,0.5388047695159912,0.019866906106472015,0.02106315642595291,1.7958683967590332,1.8359471559524536,-1.2683480978012085,-1.2562363147735596
Fluid,24872,24872,12.3224249,1.0,1.0,1.1759441345769581,0.861148491623515,-0.1974304238702828,0.04786771877982434,0.17763251188389678,0.15840497353109995,0.36424779212617475,0.333514059274871,1.0,1.0,17.933311410217126,18.511223698321857,12.32,0.00242488860000023,0.02481501,0.019002168,2.1485443115234375,2.732240676879883,-2.655258893966675,-2.7299323081970215,1.799635648727417,0.5366125702857971,0.019974417984485626,0.021018868312239647,1.797363042831421,1.837307333946228,-1.2696624994277954,-1.2567931413650513
Fluid,24872,24872,12.3624258,1.0,1.0,1.1803402262140563,0.8643407965696667,-0.19717400649639763,0.04768721369550773,0.17733741854175197,0.15820470965225053,0.3644554586488243,0.3337825328276413,1.0,1.0,17.926081987276994,18.50644299185671,12.36,0.002425804100001372,0.024859877,0.018973645,2.1497538089752197,2.7322230339050293,-2.655564308166504,-2.7298951148986816,1.7960808277130127,0.5344216823577881,0.020089847967028618,0.020937275141477585,1.798864483833313,1.8386682271957397,-1.2709704637527466,-1.2573484182357788
Fluid,24872,24872,12.4024267,1.0,1.0,1.184738701459781,0.8675428711241794,-0.19691822004845472,0.04750613902401012,0.17704331031647005,0.15800561592981566,0.3646637674471585,0.3340509093151377,1.0,1.0,17.918853291440676,18.501651740986727,12.4,0.0024267196999989693,0.024629796,0.018944489,2.1509573459625244,2.7322051525115967,-2.655870199203491,-2.729853868484497,1.79246187210083,0.5322319865226746,0.020213058218359947,0.02086145058274269,1.800371527671814,1.8400300741195679,-1.2722735404968262,-1.2579023838043213
Fluid,24872,24872,12.4424276,1.0,1.0,1.1891449347474163,0.8707501324513452,-0.1966614399328518,0.04732460106012162,0.17675416000466285,0.15780767354046002,0.36487609109974817,0.3343191525158005,1.0,1.0,17.911616917092076,18.49685724581427,12.44,0.002427635200000111,0.024717422,0.018914716,2.152153968811035,2.732187509536743,-2.6561689376831055,-2.7298080921173096,1.7887941598892212,0.5300434231758118,0.02034359984099865,0.020791172981262207,1.8018860816955566,1.8413931131362915,-1.2735681533813477,-1.2584553956985474
Fluid,24872,24872,12.4824286,1.0,1.0,1.1935487245592427,0.8739651740123119,-0.19640621816351214,0.04714270594361157,0.17646291926077812,0.1576108573031264,0.36508746948498394,0.33458721497497695,1.0,1.0,17.90438758000257,18.492052754776083,12.48,0.0024285506999994766,0.024531431,0.01888421,2.1533446311950684,2.7321698665618896,-2.6564674377441406,-2.729757785797119,1.7850979566574097,0.5278561115264893,0.020414015278220177,0.020726269111037254,1.8034025430679321,1.8427574634552002,-1.2748621702194214,-1.2590076923370361
Fluid,24872,24872,12.5224295,1.0,1.0,1.1979491117833325,0.8771873516957791,-0.19614969040427432,0.0469605576418623,0.17617590064486927,0.15741515909308126,0.36530005929780635,0.3348550697761934,1.0,1.0,17.897167154200478,18.487243258519815,12.52,0.0024294662000006184,0.024580408,0.01885285,2.1545300483703613,2.732151985168457,-2.6567633152008057,-2.729703187942505,1.7813938856124878,0.5256698727607727,0.020295292139053345,0.020666558295488358,1.8049246072769165,1.8441227674484253,-1.2761539220809937,-1.2595596313476562
Fluid,24872,24872,12.5624304,1.0,1.0,1.2023534410807113,0.8804100115474598,-0.19589351714689726,0.0467782469910272,0.17588907110743854,0.15722058624797225,0.36551450824639636,0.33512264386906143,1.0,1.0,17.889941701593028,18.48243791606887,12.56,0.002430381799999992,0.024595605,0.018819343,2.1557106971740723,2.7321345806121826,-2.657055377960205,-2.729644298553467,1.7777016162872314,0.5234846472740173,0.020183781161904335,0.02061188593506813,1.8064520359039307,1.845488429069519,-1.277440071105957,-1.2601115703582764
Fluid,24872,24872,12.6024313,1.0,1.0,1.206759634800541,0.8836400689912401,-0.19563952546161426,0.04659586339447876,0.17560591024748656,0.15702716621073623,0.36572930998227593,0.33538991421647046,1.0,1.0,17.8827158931215,18.477624993187778,12.6,0.002431297300001134,0.024524467,0.01878371,2.156881809234619,2.732116937637329,-2.6573479175567627,-2.729581117630005,1.7740436792373657,0.5213004350662231,0.020080139860510826,0.02056216262280941,1.8079832792282104,1.8468538522720337,-1.2787216901779175,-1.260663628578186
Fluid,24872,24872,12.6424322,1.0,1.0,1.2111668723304083,0.8868688403409954,-0.19538665217497672,0.046413507431160794,0.17532317880467696,0.15683489874030482,0.3659451070657654,0.3356568816668686,1.0,1.0,17.87549323140712,18.472817210186406,12.64,0.002432212799998723,0.024494067,0.018746901,2.1580450534820557,2.7320992946624756,-2.6576380729675293,-2.7295138835906982,1.770438313484192,0.5191171765327454,0.019984392449259758,0.020517315715551376,1.80951726436615,1.8482184410095215,-1.2799957990646362,-1.261216163635254
Fluid,24872,24872,12.6824331,1.0,1.0,1.2155789558536194,0.890098516030922,-0.1951350859823294,0.04623129112773595,0.17504607201079084,0.15664376657837795,0.36616255950701043,0.33592351932409875,1.0,1.0,17.868268186235476,18.468010766439477,12.68,0.002433128399999873,0.024288222,0.018708443,2.1592020988464355,2.732081413269043,-2.6579272747039795,-2.7294423580169678,1.7668979167938232,0.5169346928596497,0.019895603880286217,0.02047732286155224,1.8110508918762207,1.8495813608169556,-1.2812646627426147,-1.2617692947387695
Fluid,24872,24872,12.722434,1.0,1.0,1.2199870953176706,0.8933398121303766,-0.19488112162186425,0.04604932207173235,0.1747685857988138,0.15645374715543597,0.3663818849622832,0.33618976647433424,1.0,1.0,17.861053043525292,18.463193436840715,12.72,0.0024340438999992386,0.024249256,0.018668052,2.160355567932129,2.7320637702941895,-2.658210515975952,-2.7293667793273926,1.7634272575378418,0.514752984046936,0.01981462351977825,0.02044210396707058,1.8125901222229004,1.8509416580200195,-1.282529592514038,-1.262323021888733
Fluid,24872,24872,12.762435,1.0,1.0,1.2243975750644964,0.8965924653786521,-0.19462818309065463,0.045867691314984416,0.17449184398594603,0.1562648327447068,0.3666001725554345,0.33645553325880967,1.0,1.0,17.853838497360023,18.458366055663433,12.76,0.0024349594000003805,0.024263777,0.018625427,2.1614999771118164,2.732045888900757,-2.6584925651550293,-2.7292873859405518,1.7600198984146118,0.5125715136528015,0.019741082563996315,0.02041158825159073,1.8141251802444458,1.8522979021072388,-1.2837907075881958,-1.2628777027130127
Fluid,24872,24872,12.8024359,1.0,1.0,1.2288177990280942,0.8998503854858619,-0.19437645653964597,0.045686484342060525,0.1742190561802796,0.1560770357452272,0.36681948208006737,0.33672072822198046,1.0,1.0,17.846613391567633,18.453536642291763,12.8,0.002435874899999746,0.0242428,0.018581025,2.1626365184783936,2.732028007507324,-2.6587746143341064,-2.7292041778564453,1.7566643953323364,0.5103902816772461,0.019675210118293762,0.02038569375872612,1.815658688545227,1.853649377822876,-1.2850449085235596,-1.263433575630188
Fluid,24872,24872,12.8424368,1.0,1.0,1.2332335347862924,0.9031152827971756,-0.1941242015063622,0.045505769695336554,0.17394742870713226,0.15589032983552664,0.3670387291653866,0.33698525883875957,1.0,1.0,17.839398797779996,18.448699558498237,12.84,0.002436790500000896,0.024165506,0.01853481,2.1637673377990723,2.7320101261138916,-2.6590561866760254,-2.7291173934936523,1.7533448934555054,0.5082097053527832,0.01961646042764187,0.02036435343325138,1.817192554473877,1.8549952507019043,-1.2862919569015503,-1.263990879058838
Fluid,24872,24872,12.8824377,1.0,1.0,1.2376491402896832,0.9063792745086091,-0.1938706852765122,0.04532559669806346,0.17367888570582837,0.15570471012174314,0.3672581924974122,0.33724902879131824,1.0,1.0,17.8321878542736,18.443868728380334,12.88,0.002437705999998485,0.024014411,0.018486783,2.1648924350738525,2.731992244720459,-2.6593334674835205,-2.72902774810791,1.7500437498092651,0.5060297846794128,0.019564561545848846,0.02034752257168293,1.8187229633331299,1.8563348054885864,-1.2875356674194336,-1.264549970626831
Fluid,24872,24872,12.9224386,1.0,1.0,1.2420746217067642,0.9096443110604439,-0.19361834252261712,0.04514598910286112,0.17341123886517856,0.15552016155203835,0.3674790291520535,0.33751201941250514,1.0,1.0,17.824967234761203,18.439039481878662,12.92,0.002438621499999627,0.023943832,0.018437056,2.1660103797912598,2.7319741249084473,-2.6596124172210693,-2.7289347648620605,1.7467420101165771,0.5038506388664246,0.019519353285431862,0.020335089415311813,1.8202534914016724,1.8576679229736328,-1.2887717485427856,-1.265110969543457
Fluid,24872,24872,12.9624395,1.0,1.0,1.2465057749841897,0.9129177117211258,-0.1933661735647404,0.04496694659429607,0.17314620651172916,0.15533668582467558,0.36769904351455096,0.33777417053868464,1.0,1.0,17.817743032106673,18.434202434242863,12.96,0.0024395369999989924,0.023884606,0.018385585,2.1671206951141357,2.7319560050964355,-2.6598877906799316,-2.7288389205932617,1.7434254884719849,0.5016723871231079,0.01948026940226555,0.02032696083188057,1.8217802047729492,1.8589946031570435,-1.2900015115737915,-1.2656739950180054
Fluid,24872,24872,13.0024405,1.0,1.0,1.250938649256007,0.9161875323930652,-0.19311456993134915,0.04478846157740127,0.1728840879174821,0.15515428008030874,0.3679208056077334,0.3380354299219155,1.0,1.0,17.810520910879315,18.429375280863066,13.0,0.0024404526000001425,0.023838865,0.018332493,2.1682240962982178,2.731937885284424,-2.660165309906006,-2.7287399768829346,1.7400869131088257,0.49949514865875244,0.01944744400680065,0.020323047414422035,1.82330322265625,1.8603147268295288,-1.291218638420105,-1.2662392854690552
Fluid,24872,24872,13.0424414,1.0,1.0,1.255370116693832,0.9194565084680768,-0.19286443144589274,0.04461050949749307,0.17262170096895582,0.15497293639700438,0.3681438446640282,0.33829576448508264,1.0,1.0,17.80330539251992,18.424553070355167,13.04,0.0024413681000012843,0.023835862,0.018277975,2.1693198680877686,2.731919765472412,-2.6604421138763428,-2.728638172149658,1.7367231845855713,0.497318834066391,0.019420258700847626,0.020323241129517555,1.8248231410980225,1.8616280555725098,-1.2924317121505737,-1.266806960105896
Fluid,24872,24872,13.0824423,1.0,1.0,1.2597923296307603,0.9227359587407823,-0.19261599773289165,0.04443305987599924,0.1723627370382138,0.1547926584306305,0.36836632188975044,0.33855514361059136,1.0,1.0,17.796106114307758,18.419719665907095,13.08,0.00244228360000065,0.023706421,0.018222565,2.170407772064209,2.731901168823242,-2.660721778869629,-2.7285335063934326,1.733333706855774,0.49514341354370117,0.019398849457502365,0.020327435806393623,1.8263410329818726,1.8629343509674072,-1.293637990951538,-1.2673768997192383
Fluid,24872,24872,13.1224432,1.0,1.0,1.2642179623930525,0.9260218420444641,-0.19236691928279998,0.044256062992606114,0.1721036991559211,0.15461344625577678,0.36858702103581836,0.338813548619477,1.0,1.0,17.788906587516045,18.414880895775667,13.12,0.0024431992000000236,0.023581926,0.01816684,2.1714930534362793,2.7318825721740723,-2.660999059677124,-2.728426218032837,1.729918360710144,0.4929688572883606,0.019381960853934288,0.02033555693924427,1.8278515338897705,1.8642332553863525,-1.2948352098464966,-1.267949104309082
Fluid,24872,24872,13.1624441,1.0,1.0,1.2686458244732521,0.9293148010105022,-0.19211918150968246,0.044079458766223566,0.1718490620501083,0.15443529055502364,0.36880889269026645,0.33907096275259707,1.0,1.0,17.781708360561876,18.41003762061437,13.16,0.002444114699999389,0.023593627,0.018110938,2.1725716590881348,2.731863498687744,-2.661278486251831,-2.7283167839050293,1.7264783382415771,0.4907951056957245,0.01936999149620533,0.02034757100045681,1.8293590545654297,1.8655246496200562,-1.296023964881897,-1.2685234546661377
Fluid,24872,24872,13.202445,1.0,1.0,1.2730792767986754,0.9326118423784829,-0.1918718138520644,0.04390318496299542,0.1715938627165549,0.15425819645940733,0.3690302871611587,0.339327367342243,1.0,1.0,17.77450698665884,18.405193695764368,13.2,0.002445030200000531,0.023501985,0.018054944,2.1736459732055664,2.7318437099456787,-2.6615583896636963,-2.7282047271728516,1.7230117321014404,0.48862209916114807,0.019361820071935654,0.020363466814160347,1.8308587074279785,1.8668084144592285,-1.297206997871399,-1.2690997123718262
Fluid,24872,24872,13.2424459,1.0,1.0,1.277519689277777,0.935914490564438,-0.19162360666484746,0.04372718280789988,0.17134177669528997,0.15408216415675002,0.3692518630061928,0.3395827446537278,1.0,1.0,17.76730013848425,18.400346151652847,13.24,0.0024459456999998963,0.023480723,0.017999312,2.17471981048584,2.731823682785034,-2.6618380546569824,-2.728090286254883,1.7195125818252563,0.48644980788230896,0.019357793033123016,0.02019200660288334,1.8323537111282349,1.8680840730667114,-1.2983804941177368,-1.269677758216858
Fluid,24872,24872,13.2824469,1.0,1.0,1.2819646873841188,0.9392251415722253,-0.19137719571236012,0.043551398787183775,0.1710918608032306,0.15390718193190342,0.36947491562222323,0.33983708965543874,1.0,1.0,17.760089590603915,18.395492235768373,13.28,0.0024468613000010464,0.023307197,0.017944258,2.1757891178131104,2.7318029403686523,-2.6621150970458984,-2.727973461151123,1.7159754037857056,0.4842781722545624,0.01935773715376854,0.02003210224211216,1.8338474035263062,1.8693510293960571,-1.2995431423187256,-1.270257592201233
Fluid,24872,24872,13.3224478,1.0,1.0,1.2864039226974033,0.9425530000198813,-0.19112965218223235,0.04337579474897367,0.17084305069871228,0.15373322581671642,0.36969599472155124,0.3400904064236697,1.0,1.0,17.75288977244154,18.39061758643985,13.32,0.002447776800000412,0.023262557,0.017890166,2.176858425140381,2.731781482696533,-2.6623928546905518,-2.7278544902801514,1.712399959564209,0.48210716247558594,0.019353866577148438,0.019893979653716087,1.835331916809082,1.8706088066101074,-1.300699234008789,-1.2708390951156616
Fluid,24872,24872,13.3624487,1.0,1.0,1.2908350121400785,0.9458881144311675,-0.19088344264646856,0.04320034317491919,0.17059648790672044,0.15356027969307767,0.36991541392518584,0.34034269851813254,1.0,1.0,17.745705795234404,18.385738018894166,13.36,0.0024486922999997773,0.023177117,0.01783703,2.177926540374756,2.731759548187256,-2.662670612335205,-2.727733612060547,1.7087916135787964,0.47993695735931396,0.019313156604766846,0.01977742463350296,1.8368111848831177,1.8718572854995728,-1.301849126815796,-1.2714219093322754
Fluid,24872,24872,13.4024496,1.0,1.0,1.2952600101348892,0.9492227068947373,-0.1906382657541696,0.04302502777945669,0.17035119707212953,0.1533883029111083,0.3701370582861871,0.3405940016229436,1.0,1.0,17.738533684662126,18.38086501223054,13.4,0.002449607799999143,0.023133641,0.017784934,2.178992509841919,2.731736898422241,-2.6629462242126465,-2.7276105880737305,1.7051615715026855,0.477767676115036,0.019278714433312416,0.019682224839925766,1.8382872343063354,1.873096227645874,-1.3029876947402954,-1.2720059156417847
Fluid,24872,24872,13.4424505,1.0,1.0,1.2996931455939391,0.9525567776442752,-0.19039276361382476,0.042849840303051986,0.1701082629544062,0.15321726889973197,0.37035530372179815,0.3408443320980159,1.0,1.0,17.731354461064406,18.375997633249977,13.44,0.002450523400000293,0.023070237,0.017733555,2.180060386657715,2.7317135334014893,-2.6632206439971924,-2.7274856567382812,1.7015230655670166,0.47559934854507446,0.019250275567173958,0.01960853859782219,1.8397570848464966,1.8743255138397217,-1.3041176795959473,-1.2725907564163208
Fluid,24872,24872,13.4824514,1.0,1.0,1.304128938045263,0.955893080772879,-0.19014809116318512,0.042674773976766354,0.16986769092543036,0.1530471615943831,0.370573664597115,0.3410936816705784,1.0,1.0,17.724175464420618,18.371130081935494,13.48,0.0024514388999996584,0.023089493,0.01768269,2.1811280250549316,2.731689453125,-2.663494110107422,-2.7273595333099365,1.6978836059570312,0.47343242168426514,0.01922794058918953,0.019556688144803047,1.8412230014801025,1.875544548034668,-1.3052376508712769,-1.2731763124465942
Fluid,24872,24872,13.5224524,1.0,1.0,1.308573985880192,0.9592404789278818,-0.1899027292316809,0.04249982296118627,0.16962740785927874,0.1528779662828461,0.37079091055870494,0.34134204395806733,1.0,1.0,17.716988425079975,18.366252039436667,13.52,0.0024523544000008,0.022997424,0.017632138,2.1821980476379395,2.7316646575927734,-2.663766622543335,-2.72723126411438,1.6942543983459473,0.47126731276512146,0.01921166479587555,0.019526861608028412,1.8426865339279175,1.876753568649292,-1.3063480854034424,-1.2737624645233154
Fluid,24872,24872,13.5624533,1.0,1.0,1.3130217057657394,0.9625946539323124,-0.1896582095563242,0.04232497271117399,0.16939099734936935,0.15270968303933619,0.3710097195836688,0.34158943995776936,1.0,1.0,17.709801610546045,18.361369977851663,13.56,0.002453270000000174,0.022979442,0.01758128,2.1832685470581055,2.7316393852233887,-2.664038896560669,-2.7271008491516113,1.6906274557113647,0.4691042900085449,0.019201546907424927,0.01951916702091694,1.8441482782363892,1.8779526948928833,-1.3074487447738647,-1.2743488550186157
Fluid,24872,24872,13.6024542,1.0,1.0,1.3174606786031906,0.9659649487936868,-0.18941600762501176,0.04215020960602453,0.16915486942366814,0.15254233025627595,0.37122683187137717,0.34183587586326597,1.0,1.0,17.702628438823204,18.35646961418982,13.6,0.0024541854999995394,0.022759503,0.017529909,2.1843385696411133,2.7316136360168457,-2.664311170578003,-2.726968765258789,1.6870081424713135,0.4669436812400818,0.019198179244995117,0.01953384280204773,1.8456073999404907,1.8791424036026,-1.3085434436798096,-1.2749353647232056
Fluid,24872,24872,13.6424551,1.0,1.0,1.3218915921779122,0.9693416582257496,-0.18917338534624759,0.041975522925792666,0.16892067317257167,0.15237592494445645,0.37144405072092485,0.34208137628417085,1.0,1.0,17.695467667052046,18.351565554790767,13.64,0.002455100999998905,0.02265185,0.017478008,2.1854090690612793,2.7315874099731445,-2.6645805835723877,-2.72715163230896,1.6834051609039307,0.46478572487831116,0.019200952723622322,0.019571172073483467,1.8470638990402222,1.8803226947784424,-1.3096261024475098,-1.2755218744277954
Fluid,24872,24872,13.682456,1.0,1.0,1.326327755774287,0.9727175822279714,-0.1889314176062367,0.04180091186377153,0.16868551285837377,0.1522104850406742,0.3716599135119871,0.34232597462462155,1.0,1.0,17.688303550979107,18.346667099186906,13.68,0.0024560165000000467,0.0226854,0.01742533,2.1864817142486572,2.731560707092285,-2.6648504734039307,-2.7273736000061035,1.679826021194458,0.4626306891441345,0.01921037957072258,0.019631216302514076,1.8485164642333984,1.881494402885437,-1.3107017278671265,-1.2761082649230957
Fluid,24872,24872,13.7224569,1.0,1.0,1.3307643184634284,0.9760982713879449,-0.18869044194613568,0.041626397415458795,0.16845651188399194,0.1520460351785461,0.37187745298339736,0.3425696945804363,1.0,1.0,17.68114254251482,18.34176765626249,13.72,0.0024569320999994204,0.022610774,0.017372122,2.187554359436035,2.7315335273742676,-2.665118455886841,-2.727592706680298,1.6762769222259521,0.4604787826538086,0.019227266311645508,0.019713761284947395,1.8499644994735718,1.8826576471328735,-1.3117671012878418,-1.2766942977905273
Fluid,24872,24872,13.7624578,1.0,1.0,1.3351978375224955,0.9794815536373934,-0.18845009783686212,0.04145201361591662,0.168228198066231,0.1518825702920398,0.3720945580432879,0.3428125276731633,1.0,1.0,17.67398894189753,18.336870416543537,13.76,0.0024578476000005622,0.022557762,0.017318187,2.1886284351348877,2.73150634765625,-2.665381908416748,-2.727808713912964,1.6727609634399414,0.4583298861980438,0.019251681864261627,0.019817950204014778,1.8514091968536377,1.883812665939331,-1.3128247261047363,-1.2772799730300903
Fluid,24872,24872,13.8024588,1.0,1.0,1.339630627206234,0.9828726573398843,-0.1882102689904807,0.04127781285900454,0.1680005933510828,0.15172008913005566,0.3723125858940773,0.34305444112553174,1.0,1.0,17.666839563106564,18.33196747743957,13.8,0.0024587630999999277,0.022435073,0.01726375,2.1897027492523193,2.7314789295196533,-2.6656458377838135,-2.7280213832855225,1.6692789793014526,0.45618394017219543,0.019283395260572433,0.019942399114370346,1.8528536558151245,1.8849596977233887,-1.313873291015625,-1.2778651714324951
Fluid,24872,24872,13.8424597,1.0,1.0,1.3440621490890414,0.9862686044475328,-0.18797085106712652,0.041103845787072546,0.16777532472433662,0.15155858811191453,0.3725290442435841,0.34329539877732274,1.0,1.0,17.659694733440244,18.327062258002613,13.84,0.002459678599999293,0.022322346,0.017208885,2.190777063369751,2.7314515113830566,-2.6659059524536133,-2.7282307147979736,1.6658295392990112,0.4540409743785858,0.019322453066706657,0.020085429772734642,1.854293704032898,1.8860982656478882,-1.3149164915084839,-1.2784500122070312
Fluid,24872,24872,13.8824606,1.0,1.0,1.3484956364564364,0.9896599890775696,-0.1877323120848582,0.04093017538406743,0.16755202998029445,0.1513980638322529,0.3727454465867015,0.34353535448522,1.0,1.0,17.652550139431785,18.32216561732088,13.88,0.002460594199998667,0.022367066,0.01715385,2.191850423812866,2.73142409324646,-2.6661672592163086,-2.7284369468688965,1.6624096632003784,0.45190101861953735,0.019369253888726234,0.020244522020220757,1.8557305335998535,1.8872283697128296,-1.315954327583313,-1.2790344953536987
Fluid,24872,24872,13.9224615,1.0,1.0,1.3529305209094993,0.9930514515590706,-0.1874951755101668,0.04075686368164443,0.16732826267332246,0.15123849392337763,0.37296074000907675,0.3437742717130623,1.0,1.0,17.645406853082903,18.317270780077468,13.92,0.0024615096999998087,0.022151535,0.01709904,2.192925214767456,2.7313971519470215,-2.6664252281188965,-2.7286393642425537,1.6590148210525513,0.449764221906662,0.019423525780439377,0.020417222753167152,1.857163429260254,1.888350248336792,-1.316988468170166,-1.2796183824539185
Fluid,24872,24872,13.9624624,1.0,1.0,1.3573644420981832,0.9964444035941559,-0.18725734126835117,0.04058396262971965,0.16710685934020994,0.15107985124213338,0.37317611456314337,0.3440121264137496,1.0,1.0,17.638268547527428,18.31237786837658,13.96,0.002462425199999174,0.02213554,0.017044842,2.194000482559204,2.731370210647583,-2.6666786670684814,-2.7288382053375244,1.6556397676467896,0.44763055443763733,0.019485075026750565,0.020601296797394753,1.8585938215255737,1.8894641399383545,-1.3180190324783325,-1.280202031135559
Fluid,24872,24872,14.0024633,1.0,1.0,1.3617982591120872,0.9998395688087266,-0.1870196647473365,0.04041151772021059,0.16688524444507247,0.1509221137868107,0.37339287513671576,0.3442489322667133,1.0,1.0,17.63113392070391,18.307486861493665,14.0,0.0024633408000003243,0.022039784,0.016991444,2.195075035095215,2.731343984603882,-2.6669254302978516,-2.7290327548980713,1.6522774696350098,0.4455000162124634,0.019554199650883675,0.020794730633497238,1.8600268363952637,1.8905707597732544,-1.3190433979034424,-1.280785083770752
Fluid,24872,24872,14.0424643,1.0,1.0,1.366240604508749,1.0032299281402914,-0.18678366496563484,0.04023958230466034,0.16666875467363093,0.15076525352329698,0.3736097605913595,0.34448468811828686,1.0,1.0,17.623991528942334,18.30260595266134,14.04,0.002464256300001466,0.022022014,0.016939264,2.1961474418640137,2.7313179969787598,-2.6671712398529053,-2.7292232513427734,1.6489194631576538,0.4433723986148834,0.019630994647741318,0.020995669066905975,1.8614585399627686,1.8916702270507812,-1.3200644254684448,-1.2813676595687866
Fluid,24872,24872,14.0824652,1.0,1.0,1.3706935470784352,1.0066140336727152,-0.18654882750781754,0.040068194192998056,0.16645183485283208,0.15060923763025993,0.3738255741051709,0.3447194227931915,1.0,1.0,17.616838257578877,18.297737001816763,14.08,0.0024651717999990552,0.021972666,0.016888354,2.1972177028656006,2.731292486190796,-2.6674115657806396,-2.7294092178344727,1.6455559730529785,0.4412476718425751,0.0197149608284235,0.021202392876148224,1.8628857135772705,1.8927627801895142,-1.3210822343826294,-1.281949758529663
Fluid,24872,24872,14.1224661,1.0,1.0,1.375159472060215,1.0099949034243119,-0.18631521032618203,0.039897371541520586,0.1662368683565178,0.1504540309170965,0.374041860110473,0.34495316333776915,1.0,1.0,17.609671471931037,18.29287563333867,14.12,0.002466087300000197,0.021917451,0.016838852,2.198284864425659,2.7312676906585693,-2.667647123336792,-2.72959041595459,1.6421773433685303,0.43912577629089355,0.01980629190802574,0.02141369879245758,1.8643107414245605,1.8938485383987427,-1.3220975399017334,-1.2825311422348022
Fluid,24872,24872,14.162467,1.0,1.0,1.3796280530530514,1.0133750291047479,-0.18608056223312822,0.03972710462511137,0.16602181928171203,0.1502996125530653,0.37425805122653133,0.34518595995599116,1.0,1.0,17.602507072539527,18.2880195651878,14.16,0.002467002899999571,0.0219092,0.01679092,2.199352741241455,2.73124361038208,-2.667877435684204,-2.729766368865967,1.6387790441513062,0.43700674176216125,0.01990482769906521,0.02140207774937153,1.8657352924346924,1.894927740097046,-1.323110580444336,-1.2831119298934937
Fluid,24872,24872,14.2024679,1.0,1.0,1.3840976790688144,1.01675869302495,-0.18584643187597072,0.03955736707137516,0.16581379232557306,0.15014596768178887,0.3744738510408273,0.3454178640015265,1.0,1.0,17.595346869859483,18.28316198107743,14.2,0.0024679184000007126,0.021709029,0.016744638,2.2004177570343018,2.731220006942749,-2.668102741241455,-2.7299370765686035,1.6353594064712524,0.43489035964012146,0.020010678097605705,0.021331854164600372,1.8671613931655884,1.8960002660751343,-1.3241219520568848,-1.2836920022964478
Fluid,24872,24872,14.2424688,1.0,1.0,1.3885771802061926,1.0201483490441057,-0.1856123907850565,0.039388123644775286,0.16560073209184784,0.14999308470427217,0.3746884378234231,0.3456489248862558,1.0,1.0,17.588177814825666,18.278299444547685,14.24,0.002468833900000078,0.021848677,0.016700163,2.201482057571411,2.731196880340576,-2.668321371078491,-2.730102062225342,1.6319152116775513,0.43277645111083984,0.02012331411242485,0.0212621558457613,1.8685851097106934,1.897066593170166,-1.3251303434371948,-1.2842713594436646
Fluid,24872,24872,14.2824697,1.0,1.0,1.3930568945514636,1.0235339438766051,-0.1853801112899403,0.039219324391493414,0.1653917697992957,0.14984094766588704,0.37490380264136997,0.34587919750417695,1.0,1.0,17.581013473600926,18.27344692917106,14.28,0.002469749500001228,0.021647785,0.016658202,2.202543258666992,2.7311742305755615,-2.6685361862182617,-2.7302613258361816,1.6284438371658325,0.430664986371994,0.020242294296622276,0.021192926913499832,1.8700069189071655,1.8981274366378784,-1.3261321783065796,-1.2848496437072754
Fluid,24872,24872,14.3224707,1.0,1.0,1.3975421675872644,1.0269246443330475,-0.18514885302753262,0.039050921977336776,0.16518460335765645,0.1496895316922477,0.37511806594828834,0.34610871101768065,1.0,1.0,17.57384684627253,18.268591660592822,14.32,0.0024706650000005936,0.021641808,0.016618237,2.2036032676696777,2.731152296066284,-2.668743133544922,-2.730414867401123,1.6249465942382812,0.4285559356212616,0.02036752738058567,0.021124139428138733,1.8714288473129272,1.8991833925247192,-1.3271358013153076,-1.2854268550872803
Fluid,24872,24872,14.3624716,1.0,1.0,1.4020314810798729,1.0303184602503783,-0.18491706431220037,0.038882870237133625,0.16498011805141993,0.1495388191211765,0.37533147513024284,0.3463374893357878,1.0,1.0,17.5666787625126,18.26373594134672,14.36,0.002471580499999959,0.021478763,0.01658038,2.2046618461608887,2.731130599975586,-2.6689443588256836,-2.7305619716644287,1.6214264631271362,0.42644909024238586,0.02049580030143261,0.021055802702903748,1.8728474378585815,1.9002354145050049,-1.3281382322311401,-1.2860028743743896
Fluid,24872,24872,14.4024725,1.0,1.0,1.406526747247034,1.033707772899804,-0.184686268519193,0.03871512538119887,0.1647760385280309,0.14938879521551968,0.3755453035476399,0.34656556167402436,1.0,1.0,17.559507471681524,18.258891514122926,14.4,0.0024724959999993246,0.021511167,0.016544487,2.2057223320007324,2.731109619140625,-2.669140100479126,-2.730703115463257,1.6178858280181885,0.4243442118167877,0.020587999373674393,0.02098793536424637,1.8742650747299194,1.901284098625183,-1.329134464263916,-1.2865773439407349
Fluid,24872,24872,14.4424734,1.0,1.0,1.4110276320256043,1.0371009044914161,-0.18445520604222193,0.038547651431244376,0.1645736052398113,0.14923946804826227,0.37575830185032266,0.3467929639350566,1.0,1.0,17.552332993756156,18.254046735252818,14.44,0.0024734116000004747,0.021362297,0.01651056,2.206782341003418,2.7310891151428223,-2.669329881668091,-2.730837821960449,1.6143258810043335,0.4222412705421448,0.020683638751506805,0.02092055231332779,1.8756824731826782,1.9023300409317017,-1.3301303386688232,-1.287150263786316
Fluid,24872,24872,14.4824743,1.0,1.0,1.415537559806773,1.0404989400536968,-0.18422462201983877,0.038380412020306856,0.16437024349502827,0.14909083529806255,0.37597011422723325,0.3470197404270483,1.0,1.0,17.545151007025908,18.249199935403734,14.48,0.00247432709999984,0.021332636,0.016478434,2.20784330368042,2.731069326400757,-2.669511556625366,-2.730966091156006,1.6107481718063354,0.42014017701148987,0.020782342180609703,0.0208536759018898,1.8770936727523804,1.9033735990524292,-1.3311272859573364,-1.2877215147018433
Fluid,24872,24872,14.5224752,1.0,1.0,1.4200434676471136,1.0439055814294622,-0.1839954392004228,0.03821337423726183,0.1641708259695728,0.1489428929546767,0.37618228452710956,0.34724594468878234,1.0,1.0,17.53797778442152,18.244344747979067,14.52,0.002475242600000982,0.021203032,0.016448056,2.2089040279388428,2.7310497760772705,-2.6696889400482178,-2.731088161468506,1.6071562767028809,0.41804075241088867,0.02088376134634018,0.020787330344319344,1.8785048723220825,1.9044153690338135,-1.3321205377578735,-1.288291096687317
Fluid,24872,24872,14.5624762,1.0,1.0,1.4245369800776642,1.0473198029342976,-0.1837668594764744,0.03804650073499566,0.16397137186708977,0.1487956389510868,0.3763966160867406,0.34747163608517584,1.0,1.0,17.530825205346172,18.239483517786052,14.56,0.0024761581000003474,0.021173347,0.016419623,2.209965467453003,2.7310307025909424,-2.6698596477508545,-2.73120379447937,1.6035585403442383,0.415942907333374,0.02098839543759823,0.020721547305583954,1.8799182176589966,1.9054555892944336,-1.3331090211868286,-1.2888588905334473
Fluid,24872,24872,14.6024771,1.0,1.0,1.4290262535901377,1.0507381056141007,-0.1835386094681643,0.03787974462610477,0.16377381185619666,0.14864906405614572,0.37661095485765983,0.3476968715989596,1.0,1.0,17.52368291922036,18.234621332001556,14.6,0.002477073699999721,0.021169674,0.01639328,2.2110304832458496,2.7310121059417725,-2.670022964477539,-2.7313129901885986,1.599968671798706,0.41384658217430115,0.02109520696103573,0.02065635658800602,1.881328821182251,1.9064948558807373,-1.3340953588485718,-1.2894248962402344
Fluid,24872,24872,14.642478,1.0,1.0,1.4335118588917792,1.0541621158349863,-0.1833119623960035,0.037713066729587845,0.1635785294301573,0.14850314813131338,0.37682390262209425,0.3479216820732711,1.0,1.0,17.51654957448144,18.229755396454156,14.64,0.0024779891999990866,0.021076607,0.016368726,2.21209454536438,2.7309939861297607,-2.6701812744140625,-2.7314159870147705,1.596405029296875,0.41175171732902527,0.021204030141234398,0.020591864362359047,1.882736325263977,1.9075332880020142,-1.3350803852081299,-1.2899889945983887
Fluid,24872,24872,14.6824789,1.0,1.0,1.4379909372240747,1.0575957154706956,-0.18308623339539368,0.03754643183057764,0.16337757870038488,0.14835787013907917,0.3770365126365435,0.34814609888968023,1.0,1.0,17.509429146945187,18.224880501383485,14.68,0.0024789047000002284,0.02268354,0.016346015,2.213163137435913,2.730976104736328,-2.6703333854675293,-2.7315127849578857,1.5928826332092285,0.4096582531929016,0.02131478488445282,0.020528191700577736,1.8841427564620972,1.9085710048675537,-1.3360631465911865,-1.2905510663986206
Fluid,24872,24872,14.7224798,1.0,1.0,1.442475115784578,1.061030722028837,-0.18286109033931922,0.0373797953367262,0.16317453839616647,0.14821320661956527,0.37724944446568637,0.3483701516874633,1.0,1.0,17.502306543082124,18.220006504025097,14.72,0.002479820299999602,0.021447936,0.016324453,2.2142319679260254,2.7309584617614746,-2.6704812049865723,-2.7316031455993652,1.5894114971160889,0.4075660705566406,0.021426556631922722,0.020465508103370667,1.8855454921722412,1.9096078872680664,-1.3370429277420044,-1.291110873222351
Fluid,24872,24872,14.7624807,1.0,1.0,1.4469678744835177,1.0644662918255001,-0.18263668900026148,0.03721310979551577,0.16298993816292204,0.14806915677400306,0.3774628867420802,0.34859383502957314,1.0,1.0,17.495176138851797,18.215135375435,14.76,0.002480735800000744,0.020951314,0.016303254,2.2153027057647705,2.7309410572052,-2.670620918273926,-2.731687545776367,1.5859922170639038,0.4054751992225647,0.02153954654932022,0.02040395885705948,1.886946201324463,1.9106441736221313,-1.3380193710327148,-1.2916682958602905
Fluid,24872,24872,14.8024817,1.0,1.0,1.4514541211570366,1.067911349571017,-0.18241289279537634,0.03704631834938863,0.16279663330585964,0.1479257405433,0.3776753356934111,0.3488171517708408,1.0,1.0,17.488058054627388,18.210256753415685,14.8,0.0024816513000001095,0.02271724,0.01628184,2.2163760662078857,2.730923891067505,-2.6707546710968018,-2.7317659854888916,1.5826181173324585,0.40338602662086487,0.021653415635228157,0.0203437190502882,1.8883438110351562,1.911679983139038,-1.3389936685562134,-1.2922234535217285
Fluid,24872,24872,14.8424826,1.0,1.0,1.4559348065858462,1.0713643094755234,-0.18218955786208965,0.036879356675528184,0.16259850098908155,0.14778300764095476,0.3778889631664028,0.3490401166157596,1.0,1.0,17.480950633863728,18.205372658562684,14.84,0.002482566799999475,0.021350924,0.016259996,2.2174503803253174,2.7309067249298096,-2.670884609222412,-2.7318382263183594,1.5792818069458008,0.4012989401817322,0.021753299981355667,0.02028494141995907,1.8897360563278198,1.912714958190918,-1.3399665355682373,-1.2927764654159546
Fluid,24872,24872,14.8824835,1.0,1.0,1.460404568234407,1.074818674735735,-0.18196624239276887,0.036712183817608796,0.1624168041097039,0.14764099115700227,0.3781017568220893,0.3492627353728144,1.0,1.0,17.47386200445647,18.200490820116457,14.88,0.0024834823999988487,0.020909367,0.016237924,2.2185275554656982,2.7308895587921143,-2.6710100173950195,-2.7319040298461914,1.575969934463501,0.39921465516090393,0.02169497311115265,0.020227786153554916,1.891126275062561,1.91374933719635,-1.340938925743103,-1.2933269739151
Fluid,24872,24872,14.9224844,1.0,1.0,1.4648677827900607,1.0782698050071728,-0.18174442748152383,0.036544749688209734,0.16222615638491988,0.14749970884303792,0.3783139801103553,0.349485021984876,1.0,1.0,17.466786292827027,18.19561860932534,14.92,0.0024843978999999905,0.02288329,0.016216153,2.2196054458618164,2.730872392654419,-2.6711275577545166,-2.731963872909546,1.57266366481781,0.3971336781978607,0.02163529582321644,0.020172467455267906,1.892511248588562,1.9147826433181763,-1.3419090509414673,-1.2938753366470337
Fluid,24872,24872,14.9624853,1.0,1.0,1.469326987186377,1.0817262412634674,-0.18152368144520423,0.036376998160991804,0.16203035596701512,0.1473591445516687,0.3785266263270537,0.3497069964172067,1.0,1.0,17.45971932323771,18.19074395564485,14.96,0.002485313399999356,0.02110402,0.016195457,2.2206830978393555,2.7308549880981445,-2.6712441444396973,-2.7320187091827393,1.5693426132202148,0.3950560688972473,0.021573824808001518,0.02011910267174244,1.8938889503479004,1.915814995765686,-1.3428786993026733,-1.2944213151931763
Fluid,24872,24872,15.0024862,1.0,1.0,1.4737781915423525,1.0851872616642808,-0.18130317979751215,0.036208881241988046,0.1618507898981953,0.14721927340633703,0.3787389768502668,0.34992867578874526,1.0,1.0,17.452666434761642,18.18586947941711,15.0,0.002486228900000498,0.02062645,0.016175883,2.221763849258423,2.73083758354187,-2.6713523864746094,-2.7320685386657715,1.5659878253936768,0.3929816484451294,0.02151353284716606,0.020067811012268066,1.8952633142471313,1.9168460369110107,-1.3438454866409302,-1.2949650287628174
Fluid,24872,24872,15.0424871,1.0,1.0,1.478220460971552,1.0886551166997553,-0.18108331859004695,0.036040362690498436,0.16166296886241535,0.14708009344269812,0.37895106158680397,0.3501500738729025,1.0,1.0,17.445629554264183,18.18098998758025,15.04,0.002487144500001648,0.022362955,0.016156914,2.2228450775146484,2.7308197021484375,-2.6714556217193604,-2.732113838195801,1.5625859498977661,0.39090996980667114,0.02145576849579811,0.020018689334392548,1.896633505821228,1.9178757667541504,-1.3448128700256348,-1.2955063581466675
Fluid,24872,24872,15.0824881,1.0,1.0,1.4826514198763325,1.0921304300269397,-0.18086368277389692,0.03587141604261307,0.16147025082642005,0.14694160392803574,0.37916535309152116,0.35037120522525916,1.0,1.0,17.438610935602284,18.1761046565204,15.08,0.002488059999999237,0.021073338,0.01613818,2.2239253520965576,2.730801582336426,-2.6715588569641113,-2.7321548461914062,1.5591332912445068,0.388840913772583,0.02140120416879654,0.019971737638115883,1.897995114326477,1.918904423713684,-1.345776915550232,-1.2960455417633057
Fluid,24872,24872,15.122489,1.0,1.0,1.4870971369504575,1.095610146869696,-0.1806443554204745,0.03570202385198508,0.1612935923910875,0.14680382281756907,0.37937890394416884,0.35059207929909575,1.0,1.0,17.43157752762657,18.171218401636484,15.12,0.002488975500000379,0.020612823,0.016118983,2.225003480911255,2.730783462524414,-2.671653985977173,-2.732191801071167,1.5556318759918213,0.38677409291267395,0.021352769806981087,0.01992700807750225,1.8993531465530396,1.9199320077896118,-1.3467422723770142,-1.2965823411941528
Fluid,24872,24872,15.1624899,1.0,1.0,1.4915380865370411,1.0990926985442508,-0.18042625093509054,0.03553218011938733,0.16110773676474352,0.14666676661141945,0.37959062535579763,0.3508126867276394,1.0,1.0,17.424556324090094,18.16633338044793,15.16,0.0024898910999997526,0.022133911,0.016099198,2.226081132888794,2.730764627456665,-2.6717448234558105,-2.732224941253662,1.55208420753479,0.3847092092037201,0.021311981603503227,0.019884541630744934,1.900704264640808,1.92095947265625,-1.347708821296692,-1.2971168756484985
Fluid,24872,24872,15.2024908,1.0,1.0,1.4959741306667647,1.1025800952741651,-0.18020963723541064,0.03536188859781912,0.1609185568382619,0.146530445316961,0.37980436096723547,0.3510330145872767,1.0,1.0,17.41754682649175,18.161446213990633,15.2,0.0024908066000008944,0.020956004,0.016078917,2.227154493331909,2.730745792388916,-2.67183518409729,-2.7322542667388916,1.548492431640625,0.38264620304107666,0.021278169006109238,0.019844399765133858,1.9020488262176514,1.921987533569336,-1.3486756086349487,-1.297676920890808
Fluid,24872,24872,15.2424917,1.0,1.0,1.5004116327588009,1.106080418137976,-0.17999174442344,0.035191150790756826,0.16074453187282936,0.14639486527723736,0.38001618833727235,0.35125305762736553,1.0,1.0,17.410539825655096,18.156543216470663,15.24,0.00249172210000026,0.02059636,0.016058484,2.2282261848449707,2.730726480484009,-2.671919107437134,-2.7322804927825928,1.544864296913147,0.38058480620384216,0.021253013983368874,0.019806664437055588,1.9033877849578857,1.9230167865753174,-1.3496453762054443,-1.2982945442199707
Fluid,24872,24872,15.2824926,1.0,1.0,1.504853167876879,1.109586529606208,-0.1797756742202043,0.035019972151784595,0.1605621514226774,0.14626002339527897,0.38022970736681155,0.3514727994005148,1.0,1.0,17.403531996641714,18.151635351576733,15.28,0.0024926376000014017,0.022187121,0.0160385,2.2292943000793457,2.7307069301605225,-2.6719987392425537,-2.7323038578033447,1.5412142276763916,0.379683256149292,0.021236402913928032,0.019771412014961243,1.904723882675171,1.9240480661392212,-1.3506137132644653,-1.2989060878753662
Fluid,24872,24872,15.3224936,1.0,1.0,1.509299402836999,1.1130972643883765,-0.17956104951304971,0.03484836713152995,0.16037409590869056,0.1461259044997991,0.3804448758925189,0.35169223604486155,1.0,1.0,17.396523001953963,18.146725403261783,15.32,0.002493553199998999,0.02097769,0.016019296,2.230356216430664,2.730687141418457,-2.672078847885132,-2.7323248386383057,1.5375620126724243,0.37897956371307373,0.02122691459953785,0.019738711416721344,1.9060535430908203,1.9250823259353638,-1.3515836000442505,-1.299511432647705
Fluid,24872,24872,15.3624945,1.0,1.0,1.5137449812450674,1.1166151758874256,-0.1793460326446279,0.03467635281177896,0.16020238310387422,0.14599248317353986,0.3806588163452072,0.3519113640316263,1.0,1.0,17.389519296799797,18.14181234948541,15.36,0.002494468700000141,0.020378068,0.01600092,2.231415271759033,2.7306668758392334,-2.6721558570861816,-2.7323434352874756,1.5339299440383911,0.3782780170440674,0.021225688979029655,0.019708599895238876,1.9073747396469116,1.9261199235916138,-1.3525596857070923,-1.3001102209091187
Fluid,24872,24872,15.4024954,1.0,1.0,1.5181947298260179,1.1201339708970663,-0.17913174903891113,0.03450396646715248,0.16002305648538254,0.14585972392836322,0.38087285095886075,0.3521301880856853,1.0,1.0,17.382514258871204,18.13690432015628,15.4,0.0024953841999995063,0.021980485,0.01598345,2.232473134994507,2.7306466102600098,-2.6722238063812256,-2.732360363006592,1.5303311347961426,0.37757885456085205,0.021232137456536293,0.019681081175804138,1.9086908102035522,1.927161693572998,-1.3535382747650146,-1.3007025718688965
Fluid,24872,24872,15.4424963,1.0,1.0,1.5226460484532158,1.123658878859396,-0.1789169081437063,0.03433126428195396,0.1598367339238104,0.14572759006075361,0.3810877492922747,0.3523487194210714,1.0,1.0,17.37550959126211,18.13199447847402,15.44,0.002496299700000648,0.02081932,0.015966618,2.233527660369873,2.730626106262207,-2.6722958087921143,-2.732375383377075,1.5267668962478638,0.3768822252750397,0.02119751274585724,0.019656090065836906,1.9099969863891602,1.9282082319259644,-1.3545186519622803,-1.3012886047363281
Fluid,24872,24872,15.4824972,1.0,1.0,1.527103619954812,1.1271906812906562,-0.17870327428034452,0.03415832070177843,0.15966968662219333,0.1455960463713459,0.3813003615581869,0.3525668978370195,1.0,1.0,17.36850076056861,18.127080964252244,15.48,0.002497215300000022,0.020200485,0.015949963,2.234578847885132,2.730605363845825,-2.6723625659942627,-2.732388496398926,1.5232312679290771,0.37618839740753174,0.021072091534733772,0.019633494317531586,1.9112921953201294,1.9292597770690918,-1.3555076122283936,-1.3018685579299927
Fluid,24872,24872,15.5224981,1.0,1.0,1.5315661335083954,1.130724214076466,-0.17849181417365917,0.03398522156676839,0.15948983641274228,0.14546507173418535,0.38151282975368855,0.35278469184820266,1.0,1.0,17.36148993732769,18.12217005612805,15.52,0.0024981308000011637,0.021748468,0.015932884,2.235626220703125,2.7305848598480225,-2.6724250316619873,-2.7324001789093018,1.51971435546875,0.37549740076065063,0.02095174416899681,0.01961321197450161,1.9125808477401733,1.9303169250488281,-1.3564990758895874,-1.3024425506591797
Fluid,24872,24872,15.562499,1.0,1.0,1.5360296298150287,1.1342628324795843,-0.17827853622889872,0.03381207019591512,0.159306235330679,0.14533465863818087,0.3817270982253176,0.35300207741744166,1.0,1.0,17.354482354248173,18.117256822885903,15.56,0.002499046299998753,0.02073976,0.015914593,2.2366726398468018,2.7305641174316406,-2.6724889278411865,-2.732409715652466,1.5162051916122437,0.37480947375297546,0.020836861804127693,0.019595135003328323,1.9138579368591309,1.9313796758651733,-1.3574928045272827,-1.3030109405517578
Fluid,24872,24872,15.6025,1.0,1.0,1.5405027182558992,1.1378010691939495,-0.17806555061751883,0.03363898502325477,0.1591417483437085,0.14520481621023373,0.3819419656341622,0.35321899327581735,1.0,1.0,17.347466624868225,18.112347511069572,15.6,0.002499961899999903,0.020214172,0.015894322,2.237717390060425,2.730543375015259,-2.6725494861602783,-2.732417583465576,1.512697696685791,0.3741246163845062,0.02072911150753498,0.019579187035560608,1.9151246547698975,1.9324476718902588,-1.3584882020950317,-1.3035738468170166
Fluid,24872,24872,15.6425009,1.0,1.0,1.5449764490753912,1.1413402079925548,-0.17785378839408542,0.033466089708894135,0.15896634604879523,0.14507556078735656,0.3821563057015927,0.35343538606921415,1.0,1.0,17.34045300601801,18.10744039766579,15.64,0.0025008773999992684,0.021767793,0.01587141,2.238760471343994,2.730522871017456,-2.6726067066192627,-2.7324233055114746,1.5091842412948608,0.37344294786453247,0.020629609003663063,0.01956525258719921,1.9163804054260254,1.9335205554962158,-1.359487771987915,-1.3041317462921143
Fluid,24872,24872,15.6825018,1.0,1.0,1.5494493813348953,1.1448802328903709,-0.1776433213394337,0.033293518974380154,0.1587869693144998,0.1449469101039951,0.3823710770210753,0.35365118255435724,1.0,1.0,17.33344398510345,18.102536035719005,15.68,0.00250179290000041,0.020562312,0.015845764,2.2397992610931396,2.7305026054382324,-2.672666549682617,-2.732426881790161,1.5056577920913696,0.37276363372802734,0.020539425313472748,0.01955323852598667,1.9176256656646729,1.9345976114273071,-1.3604909181594849,-1.3046847581863403
Fluid,24872,24872,15.7225027,1.0,1.0,1.5539288485576315,1.1484269514933778,-0.17743168122603847,0.03312139693544575,0.15862359443721988,0.1448188748678876,0.3825847711300887,0.3538663052893669,1.0,1.0,17.326429264803874,18.097626962052853,15.72,0.0025027083999997757,0.020098163,0.015817557,2.2408382892608643,2.730482578277588,-2.6727213859558105,-2.7324278354644775,1.5021101236343384,0.37208616733551025,0.02045944519340992,0.019543055444955826,1.9188600778579712,1.9356780052185059,-1.3614990711212158,-1.3052334785461426
Fluid,24872,24872,15.7625036,1.0,1.0,1.558408099722405,1.1519853902763348,-0.17722262714627823,0.032949833584462296,0.15845230692292417,0.14469145161653013,0.38279687930105194,0.354080681658668,1.0,1.0,17.31941741158549,18.09270851347139,15.76,0.0025036240000009258,0.021559613,0.01578733,2.2418742179870605,2.7304627895355225,-2.6727731227874756,-2.732426166534424,1.4985347986221313,0.37141159176826477,0.020391015335917473,0.019534625113010406,1.9200854301452637,1.9367610216140747,-1.362510323524475,-1.305777907371521
Fluid,24872,24872,15.8025045,1.0,1.0,1.562883186109258,1.155548270468691,-0.17701334648558845,0.03277892186990904,0.1582740706803673,0.14456463813829368,0.3830114889443555,0.3542942475220201,1.0,1.0,17.31241550185589,18.08778962814068,15.8,0.002504539499998515,0.020450415,0.015754994,2.2429072856903076,2.7304437160491943,-2.672830104827881,-2.732421875,1.4949314594268799,0.3707396686077118,0.020334860309958458,0.019527899101376534,1.9213027954101562,1.9378459453582764,-1.3635220527648926,-1.3063185214996338
Fluid,24872,24872,15.8425055,1.0,1.0,1.5673584081730527,1.1591081171960735,-0.17680562957449308,0.03260873235452377,0.15811256454804007,0.1444384354834998,0.38322397833118316,0.35450694606951105,1.0,1.0,17.30541824362753,18.08287844659048,15.84,0.0025054549999996567,0.019944096,0.015720977,2.243938684463501,2.7304251194000244,-2.6728832721710205,-2.732414722442627,1.49130380153656,0.3700704574584961,0.02029135264456272,0.019522862508893013,1.9225133657455444,1.9389315843582153,-1.3645374774932861,-1.3068557977676392
Fluid,24872,24872,15.8825064,1.0,1.0,1.5718327720596412,1.1626638824828583,-0.17659856943113095,0.032439309425907246,0.15794460069874633,0.14431284809832265,0.3834368999475229,0.35471873448545926,1.0,1.0,17.29842689586399,18.077976611964992,15.88,0.002506370499999022,0.021536868,0.01568545,2.244968891143799,2.7304067611694336,-2.6730074882507324,-2.7324039936065674,1.4876614809036255,0.36940354108810425,0.02026006020605564,0.019519314169883728,1.9237200021743774,1.9400172233581543,-1.365553855895996,-1.3073896169662476
Fluid,24872,24872,15.9225073,1.0,1.0,1.576305945752026,1.1662252761877743,-0.17639124437980105,0.03227067571154344,0.15776906207344057,0.14418785857093924,0.38364868556695747,0.3549295884454999,1.0,1.0,17.29144203041711,18.073071150121752,15.92,0.0025072861000001723,0.020374551,0.015649263,2.2459969520568848,2.73038911819458,-2.673194408416748,-2.7323901653289795,1.4840168952941895,0.36873865127563477,0.02024015225470066,0.019517213106155396,1.924919843673706,1.9411019086837769,-1.3665719032287598,-1.3079203367233276
Fluid,24872,24872,15.9625082,1.0,1.0,1.5807767424993018,1.169793767692874,-0.17618474410463958,0.032102841223374694,0.15761037089392524,0.1440634586492295,0.38386098370332195,0.3551394932611165,1.0,1.0,17.284465229292703,18.068161135722143,15.96,0.0025082015999995377,0.019845845,0.015612365,2.2470250129699707,2.7303719520568848,-2.6733808517456055,-2.7323732376098633,1.4803838729858398,0.3680759072303772,0.020231448113918304,0.019516512751579285,1.9261183738708496,1.942185401916504,-1.3675906658172607,-1.308448076248169
Fluid,24872,24872,16.0025082,1.0,1.0,1.5852501098452239,1.17336650043007,-0.17597917938957136,0.03193580506138213,0.15744194313515325,0.14393964199958584,0.38407021512157097,0.35534843558737844,1.0,1.0,17.277489305731184,18.063251730405696,16.0,0.002508163499999938,0.021331623,0.015574874,2.248051643371582,2.7303550243377686,-2.6735665798187256,-2.732353925704956,1.4767768383026123,0.36741507053375244,0.020233051851391792,0.01951717771589756,1.9273152351379395,1.9432677030563354,-1.3686107397079468,-1.308972954750061
Fluid,24872,24872,16.0425014,1.0,1.0,1.5897190290736085,1.1769447605076215,-0.17577455763545524,0.03176956318633978,0.15726817428522608,0.14381639624281703,0.3842816555715348,0.35555640553539825,1.0,1.0,17.270523662005793,18.058341687785425,16.04,0.002501449600000427,0.020153379,0.015537061,2.2490768432617188,2.7303385734558105,-2.6737477779388428,-2.7323317527770996,1.4732109308242798,0.3667631149291992,0.020243890583515167,0.01951916702091694,1.928513765335083,1.9443490505218506,-1.3696268796920776,-1.309495210647583
Fluid,24872,24872,16.0824947,1.0,1.0,1.594182991428644,1.180531704407872,-0.17556987584826236,0.03160410578221552,0.1571102705505554,0.1436937121408861,0.3844923786981093,0.35576339752064806,1.0,1.0,17.263568369856827,18.053424755010088,16.08,0.0024947357000009163,0.019600248,0.015499177,2.2501027584075928,2.7303223609924316,-2.67392897605896,-2.7323074340820312,1.4697006940841675,0.36614158749580383,0.020263107493519783,0.01952245831489563,1.9297125339508057,1.9454296827316284,-1.3706440925598145,-1.310015082359314
Fluid,24872,24872,16.122488,1.0,1.0,1.5986386023986252,1.1841186895256135,-0.1753662650093877,0.0314394125459376,0.15694558530885352,0.14357157833129827,0.3847020938860356,0.3559694178220775,1.0,1.0,17.256627472354193,18.048512764761554,16.12,0.0024880218999996373,0.02136395,0.015461321,2.2511308193206787,2.730306625366211,-2.674109697341919,-2.732280731201172,1.4662516117095947,0.3655226528644562,0.02028975822031498,0.01952701061964035,1.9309146404266357,1.946509838104248,-1.3716604709625244,-1.310532569885254
Fluid,24872,24872,16.1624813,1.0,1.0,1.6030768996202371,1.18770768463612,-0.17516193362611177,0.031275461120971314,0.15677465993817266,0.14344998420689142,0.38491270641118613,0.3561744767596807,1.0,1.0,17.24971102134481,18.04360264570393,16.16,0.0024813080000001264,0.020174164,0.015423672,2.2521588802337646,2.7302908897399902,-2.6742870807647705,-2.7322518825531006,1.4628560543060303,0.36490899324417114,0.020323164761066437,0.019532790407538414,1.9321175813674927,1.9475898742675781,-1.3726762533187866,-1.3110477924346924
Fluid,24872,24872,16.2024746,1.0,1.0,1.607509333922616,1.1913054063846342,-0.17495824627989925,0.031112218685010816,0.1566195221243821,0.14332891743430665,0.3851228779536768,0.3563785962336318,1.0,1.0,17.242807302416693,18.03868543319512,16.2,0.0024745941000006155,0.019689275,0.015386516,2.253188133239746,2.7302756309509277,-2.674463987350464,-2.7322216033935547,1.4595017433166504,0.36429837346076965,0.020363232120871544,0.019539769738912582,1.9333261251449585,1.9486699104309082,-1.3736909627914429,-1.3115609884262085
Fluid,24872,24872,16.2424679,1.0,1.0,1.6119382325252,1.1949027048599155,-0.17475639810140592,0.030949652479705693,0.1564554444352604,0.14320836713453397,0.38533038957555266,0.35658180156243835,1.0,1.0,17.235912910110507,18.033772179803574,16.24,0.0024678802000011046,0.021194015,0.015350078,2.254218339920044,2.730260133743286,-2.674640655517578,-2.732189893722534,1.4561710357666016,0.36369067430496216,0.020364942029118538,0.0195112656801939,1.9345370531082153,1.949750542640686,-1.3747048377990723,-1.3120720386505127
Fluid,24872,24872,16.2824612,1.0,1.0,1.6163659006145725,1.1985064749915773,-0.17455339589104987,0.03078772587163674,0.15628575195271394,0.14308832424372883,0.38554005248570183,0.3567841365623331,1.0,1.0,17.2290256329003,18.028853885803088,16.28,0.0024611663999998257,0.020123191,0.015314706,2.2552504539489746,2.7302448749542236,-2.6748130321502686,-2.732156991958618,1.4528460502624512,0.36308586597442627,0.02033013291656971,0.01947987824678421,1.9357523918151855,1.9508321285247803,-1.3757144212722778,-1.312581181526184
Fluid,24872,24872,16.3224545,1.0,1.0,1.6207971756764727,1.2021093006528432,-0.1743511736022217,0.030626407061634903,0.15613387319637986,0.1429687778586171,0.3857487059611698,0.3569856462578786,1.0,1.0,17.22214007396796,18.023941897605923,16.32,0.002454452500000315,0.019546852,0.01528067,2.256282329559326,2.730229616165161,-2.67498517036438,-2.7321231365203857,1.4495083093643188,0.3624839186668396,0.020296970382332802,0.01945236138999462,1.9369722604751587,1.9519155025482178,-1.3767236471176147,-1.3130884170532227
Fluid,24872,24872,16.3624477,1.0,1.0,1.6252305038863275,1.2057125887373972,-0.17415045720908742,0.0304656594760426,0.1559715986368059,0.14284970897028804,0.38595608058557934,0.35718638632847116,1.0,1.0,17.21525631943252,18.01903283923874,16.36,0.002447738600000804,0.021072892,0.015248221,2.2573156356811523,2.7302143573760986,-2.675158739089966,-2.732088088989258,1.4461420774459839,0.3618846535682678,0.020265357568860054,0.01942857913672924,1.9381955862045288,1.953000783920288,-1.3777318000793457,-1.3135936260223389
Fluid,24872,24872,16.402441,1.0,1.0,1.6296686629383388,1.2093136867173726,-0.17394967389404,0.030305429503600836,0.15580635471666401,0.14273110614427814,0.3861643638715222,0.3573864175496058,1.0,1.0,17.20837032346336,18.014130988815815,16.4,0.0024410248000030776,0.019781318,0.0152172595,2.2583491802215576,2.730198860168457,-2.6753287315368652,-2.7320523262023926,1.4427343606948853,0.3612876832485199,0.020234905183315277,0.01940845511853695,1.9394229650497437,1.954088568687439,-1.3787376880645752,-1.3140968084335327
Fluid,24872,24872,16.4424343,1.0,1.0,1.6341144027975014,1.2129157118519651,-0.17375024203360473,0.030145663055706616,0.15565379796071585,0.1426129658509827,0.3863720851443786,0.3575857806067333,1.0,1.0,17.201477932101778,18.009232888443364,16.44,0.002434310900000014,0.019419625,0.015187439,2.259382963180542,2.7301833629608154,-2.6754989624023438,-2.7320163249969482,1.4392752647399902,0.360693097114563,0.02020614966750145,0.019391922280192375,1.9406522512435913,1.9551787376403809,-1.3797428607940674,-1.3145979642868042
Fluid,24872,24872,16.4824276,1.0,1.0,1.6385688233523328,1.2165272438268306,-0.17355141650058978,0.029986319650232972,0.15549695852622103,0.14249528680095883,0.38657884434633893,0.35778451096513103,1.0,1.0,17.19457900750365,18.004326779154496,16.48,0.002427597000000503,0.020951552,0.015158239,2.2604167461395264,2.7301676273345947,-2.6756675243377686,-2.731980085372925,1.4357600212097168,0.36010098457336426,0.020179077982902527,0.019378874450922012,1.941887617111206,1.9562715291976929,-1.3807487487792969,-1.3150972127914429
Fluid,24872,24872,16.5224209,1.0,1.0,1.64302494604318,1.2201424942418304,-0.17335082761335877,0.02982736992221068,0.1553320943821406,0.14237806879492623,0.3867864901584758,0.3579826162787166,1.0,1.0,17.18768241931557,17.999420563328798,16.52,0.002420883199999224,0.019723928,0.015129637,2.2614519596099854,2.730151653289795,-2.6758334636688232,-2.7319436073303223,1.4321885108947754,0.3595113158226013,0.020153626799583435,0.01936926878988743,1.9431259632110596,1.9573664665222168,-1.3817529678344727,-1.3155946731567383
Fluid,24872,24872,16.5624142,1.0,1.0,1.647478243268907,1.2237608798179114,-0.17315050079297795,0.02966878662034438,0.15518380104008153,0.14226130657281455,0.3869928086398125,0.35818011022036694,1.0,1.0,17.180794063508607,17.99451444585364,16.56,0.0024141692999997133,0.019261274,0.015102142,2.26248836517334,2.730135440826416,-2.6759986877441406,-2.7319066524505615,1.428572654724121,0.35892486572265625,0.020130161195993423,0.019363047555088997,1.9443687200546265,1.958463191986084,-1.382755994796753,-1.3160905838012695
Fluid,24872,24872,16.6024075,1.0,1.0,1.651933920781349,1.2273804703695543,-0.1729522172532959,0.029510536071286925,0.15502970711173517,0.1421450137704564,0.38719951207963743,0.3583770467644536,1.0,1.0,17.173908180460433,17.98961053649188,16.6,0.0024074554000002024,0.020835295,0.015075292,2.263523578643799,2.730118989944458,-2.6761629581451416,-2.731869697570801,1.4249320030212402,0.35834208130836487,0.020108679309487343,0.019360166043043137,1.945615530014038,1.9595617055892944,-1.3837555646896362,-1.3165849447250366
Fluid,24872,24872,16.6424007,1.0,1.0,1.6563886273107473,1.2309988975657176,-0.1727553675894875,0.029352593867736695,0.15486618932818855,0.14202919134508607,0.3874059802868888,0.3585734713300255,1.0,1.0,17.167028226320213,17.984711785414625,16.64,0.0024007415999989234,0.019648258,0.015049302,2.2645561695098877,2.730102300643921,-2.676325798034668,-2.731832504272461,1.4212857484817505,0.3577617406845093,0.020089054480195045,0.019360577687621117,1.9468610286712646,1.9606622457504272,-1.3847546577453613,-1.3170777559280396
Fluid,24872,24872,16.682394,1.0,1.0,1.6608472180212313,1.2346171010638356,-0.17255827301611268,0.029194925137669393,0.15471906487025075,0.14191383079078376,0.3876119735047561,0.35876941198128287,1.0,1.0,17.16014795308713,17.97981726266288,16.68,0.0023940276999994126,0.019146381,0.0150244655,2.2655892372131348,2.7300853729248047,-2.676487445831299,-2.7317957878112793,1.4176486730575562,0.3571833372116089,0.02007151022553444,0.019364234060049057,1.9481128454208374,1.9617652893066406,-1.385750412940979,-1.3175692558288574
Fluid,24872,24872,16.7223873,1.0,1.0,1.665308498652927,1.2382356470854614,-0.17236157772987998,0.0290374892761397,0.1545645811667066,0.14179892043044492,0.387818136179873,0.35896489326145564,1.0,1.0,17.153269094721455,17.97492772116466,16.72,0.0023873137999999017,0.02069436,0.015000992,2.26662278175354,2.7300679683685303,-2.676647901535034,-2.7317588329315186,1.414033055305481,0.35660678148269653,0.02005617320537567,0.019371116533875465,1.949366807937622,1.9628709554672241,-1.3867452144622803,-1.3180594444274902
Fluid,24872,24872,16.7623806,1.0,1.0,1.6697721938262948,1.2418590789423296,-0.17216476428692595,0.028880242780288314,0.1544055411489977,0.14168443882530246,0.3880238419485815,0.35915993073918956,1.0,1.0,17.146392245544195,17.970037373134506,16.76,0.0023805999999986227,0.019513756,0.014978951,2.2676544189453125,2.730050563812256,-2.6768057346343994,-2.731721878051758,1.4104506969451904,0.35603222250938416,0.02004302106797695,0.019381174817681313,1.9506199359893799,1.963979721069336,-1.3877366781234741,-1.3185486793518066
Fluid,24872,24872,16.8023739,1.0,1.0,1.6742383529162972,1.2454907113799105,-0.17196881530779312,0.028723138056805698,0.15425679860031488,0.14157035948800617,0.38822938738464974,0.35935454962057556,1.0,1.0,17.13951801724586,17.96513871469464,16.8,0.002373886099999112,0.019436445,0.014958247,2.2686853408813477,2.730032444000244,-2.6769630908966064,-2.731684684753418,1.4069111347198486,0.3554651737213135,0.020032139495015144,0.019394369795918465,1.9518760442733765,1.965091586112976,-1.388727068901062,-1.3190370798110962
Fluid,24872,24872,16.8423672,1.0,1.0,1.6787047750662865,1.2491253810296115,-0.17177237039294882,0.028566119028030676,0.15410627508899943,0.1414566681550767,0.3884360135230892,0.3595487801637119,1.0,1.0,17.132649459690096,17.960240205544373,16.84,0.002367172199999601,0.01936207,0.0149387475,2.2697155475616455,2.7300143241882324,-2.6771180629730225,-2.731647491455078,1.4034183025360107,0.3549572229385376,0.020023589953780174,0.019410649314522743,1.9531337022781372,1.9662067890167236,-1.3897123336791992,-1.319524884223938
Fluid,24872,24872,16.8823605,1.0,1.0,1.6831724368845573,1.2527606317668496,-0.17157733051300897,0.028409120161385876,0.15395802815362988,0.14134337360787647,0.38864191979372353,0.3597426542464608,1.0,1.0,17.125784559355704,17.95534721909324,16.88,0.0023604584000018747,0.020470537,0.0149200745,2.270742416381836,2.7299954891204834,-2.6772732734680176,-2.73160982131958,1.399967074394226,0.35445141792297363,0.020017443224787712,0.019429925829172134,1.9543936252593994,1.9673250913619995,-1.3906937837600708,-1.320012092590332
Fluid,24872,24872,16.9223537,1.0,1.0,1.687640297957243,1.2563968873716718,-0.17138190891095456,0.028252077420431152,0.15380153819328804,0.14123049777127855,0.38884783251361554,0.3599362112955293,1.0,1.0,17.11892442693278,17.950457273725146,16.92,0.002353744499998811,0.01942312,0.014901747,2.27176833152771,2.729976177215576,-2.6774234771728516,-2.731571912765503,1.3965460062026978,0.35394811630249023,0.0200134739279747,0.01945210061967373,1.9556522369384766,1.9684467315673828,-1.3916712999343872,-1.320499062538147
Fluid,24872,24872,16.962347,1.0,1.0,1.6920995351223513,1.2600378693585563,-0.1711875524841006,0.028094934837742273,0.1536550292439385,0.14111807375935728,0.38905180055683214,0.3601294892555733,1.0,1.0,17.112080031248027,17.94556453171249,16.96,0.0023470305999993,0.021083761,0.01488374,2.2727928161621094,2.7299563884735107,-2.6775753498077393,-2.7315335273742676,1.3931392431259155,0.3534471392631531,0.02001234143972397,0.01947711780667305,1.9569147825241089,1.9695712327957153,-1.3926464319229126,-1.3209857940673828
Fluid,24872,24872,17.0023403,1.0,1.0,1.696562859811202,1.26368532602213,-0.17099394370214915,0.027937641357580645,0.15350772706679724,0.14100613096082176,0.3892568740463464,0.36032252016294436,1.0,1.0,17.10523524208443,17.94066618404499,17.0,0.002340316800001574,0.020944426,0.014866257,2.2738125324249268,2.729936122894287,-2.677725076675415,-2.731494665145874,1.3897271156311035,0.35294827818870544,0.019997183233499527,0.019504904747009277,1.9581763744354248,1.9706984758377075,-1.393615484237671,-1.321472406387329
Fluid,24872,24872,17.0423336,1.0,1.0,1.7010287093030145,1.2673345693895333,-0.1708015526318593,0.027780160087410296,0.15336059323055493,0.1408946851191874,0.38946155911608266,0.36051532212870857,1.0,1.0,17.09839269546651,17.93577042811551,17.04,0.002333602900002063,0.020872416,0.014849592,2.2748284339904785,2.729915142059326,-2.677872896194458,-2.7314553260803223,1.3862924575805664,0.3524516820907593,0.01986512914299965,0.01953541301190853,1.9594405889511108,1.971827745437622,-1.3945789337158203,-1.321959137916565
Fluid,24872,24872,17.0823269,1.0,1.0,1.7054982380260866,1.2709804149540254,-0.1706092687414006,0.027622463300838545,0.15321485113660183,0.14078373834281085,0.38966826472141897,0.3607079073038917,1.0,1.0,17.0915495070586,17.930883950322876,17.08,0.002326889000002552,0.021049289,0.014833792,2.2758419513702393,2.729893445968628,-2.6780190467834473,-2.731415271759033,1.3828283548355103,0.35195720195770264,0.019749866798520088,0.019568558782339096,1.9607055187225342,1.9729583263397217,-1.3955367803573608,-1.3224461078643799
Fluid,24872,24872,17.1223202,1.0,1.0,1.7099734304787078,1.2746313659892585,-0.17041733806373416,0.027464536747341898,0.15306911465297604,0.14067327884951802,0.38987355542605423,0.3609002933665373,1.0,1.0,17.084704868814192,17.925995603390696,17.12,0.0023201751999977205,0.020955412,0.014819325,2.2768514156341553,2.7298715114593506,-2.678164005279541,-2.731374502182007,1.3793306350708008,0.3514648377895355,0.019651371985673904,0.01960429921746254,1.9619698524475098,1.9740897417068481,-1.3964940309524536,-1.3229334354400635
Fluid,24872,24872,17.1623135,1.0,1.0,1.7144468284393566,1.278296049939631,-0.1702258120115769,0.027306362316455727,0.15292305300948647,0.14056328731301745,0.39007810477029536,0.36109250474962745,1.0,1.0,17.07786755900783,17.921093470070975,17.16,0.0023134612999982096,0.020862792,0.014805995,2.277858257293701,2.729848861694336,-2.6783061027526855,-2.731332540512085,1.3757966756820679,0.35097452998161316,0.019569123163819313,0.019642608240246773,1.9632331132888794,1.9752215147018433,-1.3974480628967285,-1.3234211206436157
Fluid,24872,24872,17.2023067,1.0,1.0,1.7189222568050622,1.2819699780807905,-0.17003345934664182,0.027147933489970452,0.15277729168592394,0.14045374106575942,0.3902830069767319,0.3612845641775061,1.0,1.0,17.071033164901955,17.916184004210475,17.2,0.0023067474000022514,0.020595003,0.014793938,2.2788631916046143,2.729825496673584,-2.6784465312957764,-2.731289863586426,1.372222661972046,0.350486159324646,0.019502749666571617,0.019683457911014557,1.9644967317581177,1.9763532876968384,-1.398396611213684,-1.3239091634750366
Fluid,24872,24872,17.2423,1.0,1.0,1.7233967699317023,1.2856466005912734,-0.16984270606785334,0.026989248129348973,0.1526334299618302,0.14034461854660782,0.3904892369282092,0.36147649457586284,1.0,1.0,17.064205215958086,17.911275882320645,17.24,0.0023000336000009725,0.020595878,0.014783128,2.27986216545105,2.729801893234253,-2.678586721420288,-2.73124623298645,1.36860990524292,0.3499995768070221,0.019451666623353958,0.019726820290088654,1.9657610654830933,1.9774847030639648,-1.3993395566940308,-1.3243978023529053
Fluid,24872,24872,17.2822933,1.0,1.0,1.727877095781938,1.2893301195230475,-0.1696525099055213,0.026830301207726018,0.15249033163991527,0.14023590131154137,0.39069468029431337,0.361668325629837,1.0,1.0,17.05737562519287,17.90636550153172,17.28,0.002293319699997909,0.02071196,0.014773173,2.280857563018799,2.7297775745391846,-2.678725481033325,-2.7312018871307373,1.3649648427963257,0.3495147228240967,0.019415417686104774,0.01977265067398548,1.9670268297195435,1.9786157608032227,-1.4002776145935059,-1.3248870372772217
Fluid,24872,24872,17.3222866,1.0,1.0,1.732352558493608,1.2930272478387985,-0.16946233997160995,0.026671090433041538,0.1523477331200934,0.14012757830323885,0.39090145599753784,0.36186008770917266,1.0,1.0,17.05055718005528,17.901443452572813,17.32,0.002286605799998398,0.020582184,0.014764162,2.2818491458892822,2.729753017425537,-2.6788628101348877,-2.731156826019287,1.3613038063049316,0.3490314483642578,0.019393522292375565,0.0198209211230278,1.9682954549789429,1.979745864868164,-1.4012107849121094,-1.3253769874572754
Fluid,24872,24872,17.3622799,1.0,1.0,1.7368266281244265,1.2967202755559133,-0.1692712707824901,0.026511618254772766,0.15220549980116468,0.14001963386310928,0.39110826558564016,0.3620518083886212,1.0,1.0,17.043744658342547,17.896530940529615,17.36,0.0022798920000006717,0.020435844,0.014755951,2.2828383445739746,2.7297279834747314,-2.67899751663208,-2.7311108112335205,1.3576548099517822,0.34854915738105774,0.019385606050491333,0.019871583208441734,1.969564437866211,1.980875015258789,-1.4021408557891846,-1.3258676528930664
Fluid,24872,24872,17.4022732,1.0,1.0,1.7412977908783658,1.3004136043038994,-0.16908176769046385,0.02635188948095861,0.15206398652953654,0.13991205918552618,0.39131377430479936,0.36224351194923776,1.0,1.0,17.0369413741036,17.891623744400185,17.4,0.002273178100001161,0.020329988,0.014748496,2.2838215827941895,2.7297027111053467,-2.6791317462921143,-2.7310640811920166,1.3540462255477905,0.34806790947914124,0.01939091831445694,0.019924629479646683,1.9708331823349,1.9820027351379395,-1.4030671119689941,-1.3263591527938843
Fluid,24872,24872,17.4422665,1.0,1.0,1.7457643761831685,1.304113065114911,-0.16889169554684572,0.026191908105741738,0.1519238946604551,0.13980484370990867,0.39151944052782467,0.3624352313374672,1.0,1.0,17.030149406771752,17.886714694411012,17.44,0.0022664641999980972,0.020601638,0.014741849,2.2848024368286133,2.7296769618988037,-2.6792638301849365,-2.731016159057617,1.3504987955093384,0.34758761525154114,0.019409529864788055,0.01997998356819153,1.9721026420593262,1.9831286668777466,-1.4039889574050903,-1.3268516063690186
Fluid,24872,24872,17.4822598,1.0,1.0,1.7502367055791026,1.307814434939525,-0.16870243511201716,0.026031670584314916,0.1517837086230236,0.13969798130851963,0.39172475250274147,0.3626269916935691,1.0,1.0,17.02335577457424,17.88180578065555,17.48,0.002259750400000371,0.020378822,0.014735971,2.2857792377471924,2.7296507358551025,-2.6793956756591797,-2.7309675216674805,1.3470200300216675,0.3471083343029022,0.019440654665231705,0.020037632435560226,1.9733730554580688,1.9842523336410522,-1.404906153678894,-1.3273448944091797
Fluid,24872,24872,17.522253,1.0,1.0,1.7547195182602504,1.311519626547604,-0.16851263887844078,0.025871168793292626,0.1516440294295952,0.13959146392050603,0.3919308917480151,0.362818819561699,1.0,1.0,17.016553581316934,17.87689575528976,17.52,0.00225303650000086,0.020387316,0.014730807,2.286752939224243,2.7296242713928223,-2.679525852203369,-2.7309184074401855,1.3436059951782227,0.3466298580169678,0.01948380284011364,0.020068926736712456,1.9746445417404175,1.9853733777999878,-1.4058188199996948,-1.3278392553329468
Fluid,24872,24872,17.5622463,1.0,1.0,1.7592029444493165,1.3152307454491006,-0.1683236654747434,0.02571038907467504,0.15150563240127057,0.1394852870200117,0.3921371399682746,0.3630107390044595,1.0,1.0,17.009753436319848,17.871981589768854,17.56,0.002246322600001349,0.020316033,0.01472635,2.2877230644226074,2.729597568511963,-2.6796553134918213,-2.7308685779571533,1.3402467966079712,0.346152126789093,0.01953841559588909,0.02008296549320221,1.9759138822555542,1.986491322517395,-1.4067268371582031,-1.3283345699310303
Fluid,24872,24872,17.6022396,1.0,1.0,1.7636913434365478,1.3189412435379482,-0.16813470436235467,0.02554931993416222,0.15136757045144011,0.13937944363245197,0.3923431269683898,0.363202764087289,1.0,1.0,17.002952250072372,17.86707201248275,17.6,0.0022396088000000702,0.020345217,0.014722381,2.288689613342285,2.7295706272125244,-2.6797826290130615,-2.730818271636963,1.3369333744049072,0.34567514061927795,0.019604135304689407,0.020096467807888985,1.9771822690963745,1.9876059293746948,-1.4076323509216309,-1.3288309574127197
Fluid,24872,24872,17.6422329,1.0,1.0,1.768184912472071,1.3226530294621874,-0.16794592271124284,0.0253879471329134,0.15123187164951568,0.1392739176863715,0.3925486087327567,0.3633949002616828,1.0,1.0,16.99615033982689,17.862161532461393,17.64,0.0022328949000005593,0.020385286,0.014718996,2.2896528244018555,2.7295432090759277,-2.6799099445343018,-2.730767250061035,1.3336557149887085,0.3451988697052002,0.019680164754390717,0.02010938711464405,1.9784469604492188,1.9887170791625977,-1.4085321426391602,-1.3293284177780151
Fluid,24872,24872,17.6822262,1.0,1.0,1.7726830641437255,1.3263648940362875,-0.16775797276273724,0.025226264294858778,0.15109511936374306,0.1391686961631,0.3927548562320268,0.36358713756691985,1.0,1.0,16.989348826856236,17.857254439628786,17.68,0.0022261810000010485,0.02024024,0.01471593,2.290611982345581,2.729515552520752,-2.6800363063812256,-2.7307162284851074,1.3303992748260498,0.3447234630584717,0.01976606994867325,0.020121704787015915,1.9797080755233765,1.9898250102996826,-1.4094274044036865,-1.3298269510269165
Fluid,24872,24872,17.7222195,1.0,1.0,1.7771811005242293,1.3300728586124624,-0.16756981076301147,0.025064266752451658,0.15095812307722237,0.13906376665948159,0.39296071998227383,0.36377945764702546,1.0,1.0,16.98255280702204,17.852354497359702,17.72,0.0022194671999997695,0.020140188,0.014713032,2.2915682792663574,2.729487419128418,-2.6801624298095703,-2.7306647300720215,1.327147126197815,0.34424906969070435,0.019861334934830666,0.02013338729739189,1.980965495109558,1.9909300804138184,-1.4103176593780518,-1.3303265571594238
Fluid,24872,24872,17.7622128,1.0,1.0,1.7816823506074382,1.333780542962827,-0.16738280471201342,0.02490195086772259,0.150821558888729,0.1389591205387651,0.39316717312450855,0.36397183590461635,1.0,1.0,16.975758543540596,17.847457674374798,17.76,0.002212753299996706,0.020041153,0.014710092,2.292520523071289,2.729459047317505,-2.6802873611450195,-2.7306129932403564,1.3238807916641235,0.3437754511833191,0.019965264946222305,0.02014441415667534,1.982216715812683,1.9920326471328735,-1.411200761795044,-1.3308273553848267
Fluid,24872,24872,17.802206,1.0,1.0,1.7861896726067008,1.3374891512559868,-0.1671958894464126,0.02473931178485333,0.15068681868726022,0.1388547533972386,0.3933737177622531,0.36416423560614714,1.0,1.0,16.96896246638318,17.84256368879338,17.8,0.0022060394000007477,0.02011435,0.0147069115,2.293469190597534,2.7294301986694336,-2.6804120540618896,-2.7305610179901123,1.3205794095993042,0.34330257773399353,0.020077433437108994,0.02015477791428566,1.983461856842041,1.9931330680847168,-1.4120795726776123,-1.3313292264938354
Fluid,24872,24872,17.8421993,1.0,1.0,1.7907045337245768,1.3411966143567151,-0.16700848725959286,0.024576349482275772,0.15055091988014332,0.13875066670333028,0.39358096068003656,0.3643566240764562,1.0,1.0,16.96216173258653,17.837675216555326,17.84,0.0021993255999994687,0.01999574,0.01470329,2.2944154739379883,2.7294013500213623,-2.680534839630127,-2.730509042739868,1.3172227144241333,0.34283047914505005,0.020197352394461632,0.020164495334029198,1.9847019910812378,1.9942313432693481,-1.4129506349563599,-1.3318322896957397
Fluid,24872,24872,17.8821926,1.0,1.0,1.7952275682224397,1.3449018059075304,-0.16682190904241018,0.02441306732820833,0.15042021348410436,0.13864686439703788,0.3937871420907249,0.36454896537799475,1.0,1.0,16.955354994767422,17.832793494346788,17.88,0.002192611699999958,0.020031596,0.014699091,2.2953579425811768,2.729372024536133,-2.680659055709839,-2.730456590652466,1.3137978315353394,0.3423590064048767,0.02032419480383396,0.020173562690615654,1.9859321117401123,1.9953272342681885,-1.4138168096542358,-1.33233642578125
Fluid,24872,24872,17.9221859,1.0,1.0,1.799748126317918,1.3486028747899832,-0.16663556682604497,0.024249466596067613,0.15028511498435845,0.13854334990079967,0.39399343742947396,0.3647412260008797,1.0,1.0,16.9485548288349,17.827922629846103,17.92,0.0021858977999968943,0.019828634,0.014694308,2.2962968349456787,2.729342222213745,-2.680781602859497,-2.7304041385650635,1.3103022575378418,0.3418882489204407,0.02035386487841606,0.020182007923722267,1.987155556678772,1.996420979499817,-1.414673924446106,-1.3328417539596558
Fluid,24872,24872,17.9621792,1.0,1.0,1.8042671244667092,1.3523026994284248,-0.16644948436141338,0.024085557152211293,0.150151951407538,0.13844013335581673,0.3941994741613164,0.36493337996573016,1.0,1.0,16.94176222745841,17.823058250557,17.96,0.002179183999999168,0.019801082,0.0146886315,2.2972323894500732,2.7293124198913574,-2.6809043884277344,-2.730351209640503,1.30674147605896,0.34141820669174194,0.020310301333665848,0.02018984593451023,1.9883701801300049,1.9975124597549438,-1.415522813796997,-1.333348035812378
Fluid,24872,24872,18.0021725,1.0,1.0,1.8087881605064995,1.3560026429890069,-0.16626369078698214,0.023921346080562247,0.15001927390434003,0.13833722458898018,0.39440600972750284,0.36512540252337156,1.0,1.0,16.934971895314522,17.818199794021748,18.0,0.002172470099999657,0.019893015,0.014682158,2.2981646060943604,2.7292821407318115,-2.6810269355773926,-2.7302982807159424,1.3031258583068848,0.3409488797187805,0.02027277462184429,0.020197104662656784,1.989576816558838,1.9986019134521484,-1.4163627624511719,-1.3338555097579956
Fluid,24872,24872,18.0421658,1.0,1.0,1.81330910950379,1.3597020030106266,-0.16607802990433737,0.023756846602066714,0.14988825661296504,0.13823462833463787,0.39461188671231034,0.36531728021709137,1.0,1.0,16.928186652360527,17.813345369321812,18.04,0.0021657562000001462,0.01986619,0.01467496,2.2990925312042236,2.7292516231536865,-2.681149959564209,-2.7302448749542236,1.2994704246520996,0.34048038721084595,0.02024143561720848,0.02020382322371006,1.9907746315002441,1.9996891021728516,-1.4171949625015259,-1.3343638181686401
Fluid,24872,24872,18.082159,1.0,1.0,1.8178327443117435,1.363409406320059,-0.1658932586650732,0.023592075870778852,0.14975749052346266,0.13813235530389809,0.39481796058596963,0.36550900338499087,1.0,1.0,16.921403223695997,17.808484371259077,18.08,0.00215904240000242,0.019834632,0.0146669345,2.300015449523926,2.7292211055755615,-2.6812734603881836,-2.7301909923553467,1.2957909107208252,0.3400126099586487,0.02021630108356476,0.020210025832057,1.9919646978378296,2.0007741451263428,-1.4180163145065308,-1.334873080253601
Fluid,24872,24872,18.1221523,1.0,1.0,1.8223574757516607,1.367122298158264,-0.16570940008763288,0.02342705300547202,0.14962850050130802,0.13803043707171153,0.39502482621827484,0.3657005568620502,1.0,1.0,16.914623141978936,17.80362179182319,18.12,0.0021523284999993564,0.019751444,0.0146576585,2.300933837890625,2.7291901111602783,-2.6813979148864746,-2.7301366329193115,1.2921077013015747,0.3395456075668335,0.020197639241814613,0.02021576464176178,1.9931479692459106,2.001856803894043,-1.4188288450241089,-1.3353830575942993
Fluid,24872,24872,18.1621456,1.0,1.0,1.8268837083325187,1.3708390686661058,-0.1655258337063222,0.023261800125057353,0.1494986543241809,0.1379288931105534,0.3952311281494884,0.36589192284320926,1.0,1.0,16.907845699507234,17.798759848099884,18.16,0.0021456145999998455,0.019613096,0.014647386,2.301847457885742,2.729158878326416,-2.6815223693847656,-2.730081796646118,1.288440227508545,0.3390800952911377,0.020185358822345734,0.020221075043082237,1.9943232536315918,2.002936601638794,-1.419633388519287,-1.3358937501907349
Fluid,24872,24872,18.2021389,1.0,1.0,1.831409545039687,1.3745615259795567,-0.16534363631959145,0.023096342919764028,0.14936858301165393,0.13782772459326406,0.3954369997278069,0.3660830707100917,1.0,1.0,16.901072845998858,17.793896922980064,18.2,0.0021389008000021192,0.019657956,0.014635927,2.3027546405792236,2.7291274070739746,-2.681647539138794,-2.7300262451171875,1.2848025560379028,0.3386495113372803,0.020179802551865578,0.020225979387760162,1.9954907894134521,2.0040135383605957,-1.4204292297363281,-1.3364049196243286
Fluid,24872,24872,18.2421322,1.0,1.0,1.8359283887532354,1.3782898332112326,-0.16516214494500991,0.02293068811239902,0.1492402209323223,0.13772693813323733,0.39564215109764445,0.3662739644269123,1.0,1.0,16.89431267349848,17.789029625996626,18.24,0.0021321869000026084,0.019537989,0.014623681,2.303657293319702,2.729095697402954,-2.6817739009857178,-2.7299702167510986,1.281201958656311,0.33822134137153625,0.0201809573918581,0.02023053728044033,1.9966511726379395,2.005086898803711,-1.4212169647216797,-1.336916446685791
Fluid,24872,24872,18.2821255,1.0,1.0,1.8404460100238897,1.382025740947352,-0.16498014082705353,0.022764839485992224,0.14911195041616884,0.1376265268101084,0.3958483575375182,0.3664645643130278,1.0,1.0,16.887558747810274,17.784159160783798,18.28,0.0021254729999995448,0.01957915,0.014610955,2.304555654525757,2.7290637493133545,-2.6818995475769043,-2.7299132347106934,1.2776398658752441,0.3377952575683594,0.020188402384519577,0.020234812051057816,1.997807502746582,2.0061566829681396,-1.4219931364059448,-1.337428092956543
Fluid,24872,24872,18.3221188,1.0,1.0,1.844968802264416,1.3857650475691716,-0.16479718927524487,0.022598794307610654,0.14898546318863284,0.13752648390174432,0.3960538349675305,0.3666548376509428,1.0,1.0,16.880802370682144,17.779289175763164,18.32,0.002118759199998266,0.019543938,0.014597972,2.3054490089416504,2.729031801223755,-2.6820240020751953,-2.729855537414551,1.2741130590438843,0.3373713791370392,0.020202042534947395,0.020238906145095825,1.9989560842514038,2.0072221755981445,-1.4227616786956787,-1.3379396200180054
Fluid,24872,24872,18.362112,1.0,1.0,1.8494983125998785,1.3895152082117321,-0.16461605299618043,0.02243255330675038,0.14885926323479426,0.13742679856665463,0.3962605128855536,0.36684472641169213,1.0,1.0,16.874042437252182,17.774409898437845,18.36,0.0021120453000023076,0.019468095,0.014584475,2.306337594985962,2.728999376296997,-2.6821508407592773,-2.729797124862671,1.2706130743026733,0.33694738149642944,0.020222023129463196,0.020242871716618538,2.0001003742218018,2.0082831382751465,-1.4235202074050903,-1.3384507894515991
Fluid,24872,24872,18.4021053,1.0,1.0,1.8540251059045458,1.393272102951725,-0.16443472453907532,0.02226612684755784,0.14873356212970876,0.1373274702191306,0.39646791720838054,0.36703417537075034,1.0,1.0,16.867292184045976,17.769527282543066,18.4,0.0021053314000027967,0.019319857,0.014570154,2.307219982147217,2.7289669513702393,-2.6822779178619385,-2.7297379970550537,1.2671327590942383,0.3365252912044525,0.020248280838131905,0.020246822386980057,2.0012404918670654,2.009338855743408,-1.4242687225341797,-1.3389614820480347
Fluid,24872,24872,18.4420986,1.0,1.0,1.8585561959932768,1.397032034054921,-0.16425246442023156,0.02209952714012432,0.14860727302749555,0.1372284959469544,0.3966738411260965,0.3672231305573367,1.0,1.0,16.860542745711374,17.764646807239153,18.44,0.002098617599997965,0.019505458,0.014555326,2.3080976009368896,2.7289345264434814,-2.682443380355835,-2.729678153991699,1.263667345046997,0.3361060321331024,0.020280031487345695,0.020250828936696053,2.0023744106292725,2.0103893280029297,-1.4250104427337646,-1.3394713401794434
Fluid,24872,24872,18.4820919,1.0,1.0,1.8630945878682175,1.4007947599567696,-0.1640709222276005,0.021932772636783827,0.14848250936695526,0.13712987863605774,0.39688008226003574,0.36741154623665845,1.0,1.0,16.853788512816724,17.759766828825942,18.48,0.002091903699998454,0.019335894,0.014539786,2.3089685440063477,2.7289018630981445,-2.6826958656311035,-2.7296173572540283,1.260215163230896,0.3356899917125702,0.020317649468779564,0.020254988223314285,2.0035059452056885,2.0114340782165527,-1.4257415533065796,-1.3399803638458252
Fluid,24872,24872,18.5220852,1.0,1.0,1.867632942934234,1.40456029968149,-0.16389127418852087,0.021765881136836213,0.14835739923943939,0.13703162019259643,0.39708630616608637,0.36759938700107164,1.0,1.0,16.847039801662625,17.754887029610096,18.52,0.0020851897999989433,0.019331291,0.014523481,2.3098318576812744,2.7288689613342285,-2.68294095993042,-2.72955584526062,1.2567776441574097,0.33527714014053345,0.020361153408885002,0.020259352400898933,2.0046334266662598,2.012495756149292,-1.426464319229126,-1.340488314628601
Fluid,24872,24872,18.5620785,1.0,1.0,1.8721709805166207,1.408329257520622,-0.163710679521912,0.021598872913397554,0.1482323091057027,0.1369337225153871,0.39729103395678517,0.36778660852003064,1.0,1.0,16.840295057773744,17.750008606707485,18.56,0.002078476000001217,0.019216064,0.014506435,2.31069016456604,2.7288360595703125,-2.683176040649414,-2.7294936180114746,1.2533570528030396,0.33486735820770264,0.02040984109044075,0.02026398852467537,2.005755662918091,2.013735771179199,-1.4271806478500366,-1.340995192527771
Fluid,24872,24872,18.6020718,1.0,1.0,1.8767149920195698,1.4121043065868635,-0.16353122524281466,0.02143176546965565,0.14810141946520716,0.13683618374148504,0.39749773113229797,0.3679731704129916,1.0,1.0,16.833547265324878,17.74512787511702,18.6,0.0020717620999981534,0.017906351,0.0144889,2.31154203414917,2.7288031578063965,-2.6834025382995605,-2.729430675506592,1.2499550580978394,0.33446046710014343,0.02046377956867218,0.020159533247351646,2.006875514984131,2.014974355697632,-1.4278863668441772,-1.3415007591247559
Fluid,24872,24872,18.642065,1.0,1.0,1.8812561187456438,1.4158769427808746,-0.16335260836313856,0.02126458429064315,0.14797678379629234,0.13673900273789094,0.39770252894274644,0.36815904489814527,1.0,1.0,16.82680778474277,17.740253110509396,18.64,0.0020650481999986425,0.017855661,0.014470834,2.3123879432678223,2.7287700176239014,-2.6836206912994385,-2.7293670177459717,1.24657142162323,0.334056556224823,0.0205227117985487,0.019968833774328232,2.0079946517944336,2.0162100791931152,-1.4285831451416016,-1.3420050144195557
Fluid,24872,24872,18.6820583,1.0,1.0,1.8857868733557468,1.4196538614658103,-0.1631737174636438,0.021097369362570492,0.14785531956150388,0.136642173326018,0.3979076273411459,0.3683442027109413,1.0,1.0,16.820085775971066,17.73537599482541,18.68,0.0020583344000009163,0.01773761,0.014452314,2.3132293224334717,2.7287371158599854,-2.683830499649048,-2.729302406311035,1.2432048320770264,0.33365511894226074,0.020586753264069557,0.0197798740118742,2.009110689163208,2.0174412727355957,-1.4292737245559692,-1.3425078392028809
Fluid,24872,24872,18.7220516,1.0,1.0,1.890320064820552,1.4234296726171487,-0.16299598610380642,0.020930165280856075,0.1477322036874636,0.13654569365947195,0.39811268911415565,0.3685286121048197,1.0,1.0,16.813365756449265,17.730503739901163,18.72,0.0020516205000014054,0.017787594,0.014433361,2.3140666484832764,2.7287039756774902,-2.684033155441284,-2.7292370796203613,1.2398496866226196,0.3332558870315552,0.020655618980526924,0.01959354057908058,2.0102267265319824,2.0186662673950195,-1.4299564361572266,-1.343009114265442
Fluid,24872,24872,18.7620449,1.0,1.0,1.8948499947728124,1.42719951443087,-0.16281775156856507,0.02076301702682256,0.14761236737457986,0.1364495616354379,0.39831876195867033,0.368712241627055,1.0,1.0,16.806653532156727,17.725642348052833,18.76,0.002044906599998342,0.017767595,0.014414097,2.314899444580078,2.728671073913574,-2.684227228164673,-2.729170322418213,1.2364978790283203,0.33285871148109436,0.02067342773079872,0.019410770386457443,2.0113444328308105,2.019883155822754,-1.4306291341781616,-1.3435087203979492
Fluid,24872,24872,18.8020382,1.0,1.0,1.8993730504479287,1.4309762500216874,-0.1626406844717831,0.020595967737495318,0.14749054069579579,0.13635377196194265,0.39852269263826484,0.36889505266480843,1.0,1.0,16.799953804019182,17.7207777887995,18.8,0.002038192699998831,0.017663201,0.014394696,2.3157284259796143,2.728638172149658,-2.6844143867492676,-2.729102373123169,1.2331387996673584,0.3324635326862335,0.020651713013648987,0.01923251710832119,2.012460708618164,2.021089792251587,-1.431298017501831,-1.3440066576004028
Fluid,24872,24872,18.8420315,1.0,1.0,1.9038912025640564,1.434755038480068,-0.16246249341592328,0.020429057914921854,0.14736997389507797,0.13625832649212044,0.39872706772737565,0.3690770119930918,1.0,1.0,16.793263821902478,17.71591557559955,18.84,0.0020314789000011046,0.017613214,0.014375094,2.3165571689605713,2.7286055088043213,-2.6845943927764893,-2.729032278060913,1.2297602891921997,0.3320702016353607,0.02063239924609661,0.01905965432524681,2.013577938079834,2.022284507751465,-1.4319584369659424,-1.3445029258728027
Fluid,24872,24872,18.8820248,1.0,1.0,1.9084089122798489,1.4385382723367959,-0.16228489006145352,0.020262327028576846,0.14725032060123422,0.13616322610307402,0.398930434094697,0.36925808144779576,1.0,1.0,16.78657765130055,17.711052876877684,18.88,0.0020247650000015938,0.017666796,0.014355136,2.317384719848633,2.7285728454589844,-2.684767246246338,-2.7289602756500244,1.2263503074645996,0.3316787779331207,0.020615430548787117,0.018892953172326088,2.0146985054016113,2.023465156555176,-1.4326128959655762,-1.3449972867965698
Fluid,24872,24872,18.9220181,1.0,1.0,1.9129245892255249,1.442321842466358,-0.16210733104437133,0.02009580400143323,0.14713911790975592,0.13606847119441237,0.39913570883740834,0.3694382288749736,1.0,1.0,16.77989829161728,17.706194768326963,18.92,0.00201805109999853,0.0174012,0.014335216,2.318211078643799,2.7285406589508057,-2.6849331855773926,-2.7288858890533447,1.2229011058807373,0.33128929138183594,0.020600799471139908,0.018733156844973564,2.0158212184906006,2.0246315002441406,-1.4332585334777832,-1.3454896211624146
Fluid,24872,24872,18.9620113,1.0,1.0,1.9174455067936305,1.4461012127528614,-0.1619316367058263,0.019929510444578236,0.14702525280158993,0.1359740576782315,0.3993397583390284,0.36961743262649005,1.0,1.0,16.77321819808177,17.701345984864442,18.96,0.002011337300000804,0.017173974,0.014315311,2.3190362453460693,2.728508472442627,-2.6850948333740234,-2.728808879852295,1.2194105386734009,0.3309018611907959,0.020588386803865433,0.018580934032797813,2.0169458389282227,2.0257837772369385,-1.4338997602462769,-1.3459798097610474
Fluid,24872,24872,19.0020046,1.0,1.0,1.9219692119228453,1.4498832979873635,-0.16175588544774333,0.019763460039676682,0.1469048104447697,0.13587997916865113,0.39954329323639315,0.36979567196763397,1.0,1.0,16.76653981091854,17.696497730347613,19.0,0.002004623400001293,0.019168787,0.014295982,2.31986141204834,2.7284765243530273,-2.685250759124756,-2.728729486465454,1.2158828973770142,0.3305162489414215,0.020578285679221153,0.018436769023537636,2.018073320388794,2.0269217491149902,-1.4345356225967407,-1.3464678525924683
Fluid,24872,24872,19.0419979,1.0,1.0,1.926487690216069,1.4536671715393708,-0.1615795331503611,0.019597655907662718,0.14678761248950703,0.13578622783442865,0.3997463985273634,0.36997292570126405,1.0,1.0,16.75987393586112,17.691652734435305,19.04,0.001997909500001782,0.019189494,0.01427728,2.3206868171691895,2.728444814682007,-2.6854000091552734,-2.728647470474243,1.2123275995254517,0.33013230562210083,0.020570404827594757,0.018300719559192657,2.0192015171051025,2.0280463695526123,-1.4351680278778076,-1.3469535112380981
Fluid,24872,24872,19.0819912,1.0,1.0,1.931002336334441,1.4574506622790542,-0.1614036508785957,0.019432089347530115,0.146668086575219,0.13569279127001185,0.399949115025685,0.37014918416551973,1.0,1.0,16.75321844512529,17.686812862835346,19.08,0.001991195700000503,0.019090574,0.014259449,2.3215126991271973,2.7284133434295654,-2.6855435371398926,-2.7285633087158203,1.2087583541870117,0.3297498822212219,0.02056470513343811,0.01817290112376213,2.0203323364257812,2.0291571617126465,-1.4357948303222656,-1.3474366664886475
Fluid,24872,24872,19.1219845,1.0,1.0,1.9355127733069815,1.4612321435954143,-0.16122894719037648,0.01926675020549632,0.14655038416484503,0.13559966525958594,0.4001528532215394,0.37032445083116383,1.0,1.0,16.746572754953636,17.681980001980104,19.12,0.0019844817999974396,0.019060219,0.01424248,2.322338104248047,2.728381872177124,-2.685683012008667,-2.7284770011901855,1.2051873207092285,0.3293688893318176,0.020561113953590393,0.018053457140922546,2.021467685699463,2.030254364013672,-1.4364163875579834,-1.3479173183441162
Fluid,24872,24872,19.1619778,1.0,1.0,1.9400272075214198,1.4650154123982404,-0.1610546121777332,0.0191016211859665,0.14642187936774292,0.135506851815949,0.40035514798967226,0.3704987432945124,1.0,1.0,16.739927534928235,17.677148469815727,19.16,0.0019777679000014814,0.017124439,0.014226405,2.323164939880371,2.7283506393432617,-2.6858181953430176,-2.728388547897339,1.201628565788269,0.3289892375469208,0.020559493452310562,0.017942536622285843,2.0226058959960938,2.0313377380371094,-1.437038540840149,-1.3483953475952148
Fluid,24872,24872,19.2019711,1.0,1.0,1.9445415515017679,1.4687989032044018,-0.16088155850374417,0.018936672880685443,0.14630265840281,0.13541433004545267,0.40055828704506835,0.3706720834891299,1.0,1.0,16.73328710035635,17.672320927903368,19.2,0.0019710541000002024,0.017070003,0.014211514,2.3239901065826416,2.7283196449279785,-2.685950756072998,-2.7282981872558594,1.1980966329574585,0.32861071825027466,0.020559977740049362,0.017840145155787468,2.023747205734253,2.032407522201538,-1.4376561641693115,-1.3488706350326538
Fluid,24872,24872,19.2419643,1.0,1.0,1.9490529112514912,1.4725853923393804,-0.1607082859695562,0.01877186737854864,0.1461863315605968,0.1353220867075298,0.4007609851857271,0.37084450479198316,1.0,1.0,16.72665526114234,17.66749349962135,19.24,0.0019643402000006915,0.01710378,0.014198001,2.3248164653778076,2.7282886505126953,-2.6860783100128174,-2.728205919265747,1.1946005821228027,0.32823190093040466,0.020562496036291122,0.017746200785040855,2.024890661239624,2.0334632396698,-1.438271403312683,-1.3493432998657227
Fluid,24872,24872,19.2819576,1.0,1.0,1.9535519670485448,1.4763801010207087,-0.16053607901285027,0.018607162233234175,0.14607113791703363,0.1352301121961377,0.40096378685347267,0.37101605020986356,1.0,1.0,16.72004334926222,17.662660290781574,19.28,0.001957626299997628,0.017110346,0.014185772,2.3256425857543945,2.728257417678833,-2.686201572418213,-2.728111743927002,1.1911427974700928,0.32785215973854065,0.020567022264003754,0.01766066439449787,2.0260369777679443,2.0345044136047363,-1.4388834238052368,-1.3498132228851318
Fluid,24872,24872,19.3219509,1.0,1.0,1.958043839180048,1.4801791517825138,-0.16036483721111447,0.018442522752826363,0.14595500573172301,0.13513839145591822,0.4011674330084345,0.3711867808107445,1.0,1.0,16.713443838234845,17.6578240620626,19.32,0.0019509124999999017,0.01701359,0.014174837,2.3264687061309814,2.72822642326355,-2.686321258544922,-2.728015661239624,1.1877186298370361,0.32747289538383484,0.020573493093252182,0.017583465203642845,2.0271854400634766,2.0355312824249268,-1.4394935369491577,-1.350280523300171
Fluid,24872,24872,19.3619442,1.0,1.0,1.9625416724705975,1.4839766751580787,-0.16019269731732294,0.018277904863210785,0.14584035633596773,0.13504691197332888,0.4013706572104802,0.37135676715124677,1.0,1.0,16.706842420568186,17.65299063142606,19.36,0.0019441986000003908,0.016910914,0.014165231,2.3272955417633057,2.7281951904296875,-2.686436176300049,-2.7279179096221924,1.1843183040618896,0.3270992040634155,0.02058185636997223,0.017514530569314957,2.0283353328704834,2.036543130874634,-1.4401012659072876,-1.3507450819015503
Fluid,24872,24872,19.4019375,1.0,1.0,1.9670373084088235,1.4877695529980848,-0.1600206323930445,0.018113273807617677,0.14572468424565196,0.13495566736099163,0.4015721295851094,0.3715260769043766,1.0,1.0,16.700248290024682,17.64816698965899,19.4,0.00193748470000088,0.016988182,0.014156778,2.3281235694885254,2.728163719177246,-2.68654727935791,-2.727818489074707,1.1809284687042236,0.3267277777194977,0.020592104643583298,0.017453758046030998,2.0294854640960693,2.0375399589538574,-1.4407073259353638,-1.3512067794799805
Fluid,24872,24872,19.4419308,1.0,1.0,1.9715318301823284,1.4915607839471958,-0.15984963434377175,0.01794859836989071,0.14560922563205428,0.13486466619821763,0.4017749523929972,0.3716947879272112,1.0,1.0,16.693659550816193,17.643350149224755,19.44,0.001930770899999601,0.016893415,0.014149069,2.328951597213745,2.728132486343384,-2.6866555213928223,-2.727717161178589,1.1775360107421875,0.32635697722435,0.020604189485311508,0.01740102469921112,2.0306382179260254,2.0385215282440186,-1.4413118362426758,-1.351665735244751
Fluid,24872,24872,19.4819241,1.0,1.0,1.9760316656160093,1.4953502051361969,-0.15967846051518209,0.017783855273780447,0.14549725516913437,0.1347739241957208,0.4019771242376826,0.3718629774878438,1.0,1.0,16.687070038261886,17.638540434680134,19.48,0.00192405700000009,0.016864838,0.014142023,2.329780340194702,2.7281007766723633,-2.6867599487304688,-2.727613925933838,1.174131155014038,0.3259858191013336,0.020618101581931114,0.01735619083046913,2.0317909717559814,2.0394880771636963,-1.4419156312942505,-1.3521217107772827
Fluid,24872,24872,19.5219173,1.0,1.0,1.9805342748448167,1.4991352864466876,-0.15950686844970313,0.01761902596809907,0.14538493362134375,0.13468346340853174,0.4021788588049518,0.3720307201816738,1.0,1.0,16.68048249331269,17.633740262112536,19.52,0.0019173431000005792,0.016853034,0.014135456,2.3306100368499756,2.7280690670013428,-2.6868605613708496,-2.7275092601776123,1.1707098484039307,0.32561537623405457,0.02063378319144249,0.017318997532129288,2.032944440841675,2.040440082550049,-1.4425179958343506,-1.3525745868682861
Fluid,24872,24872,19.5619106,1.0,1.0,1.985034843252546,1.5029192800753526,-0.15933641115655647,0.01745410324977492,0.14527201791176791,0.13459329579968213,0.4023813601565223,0.372198083290852,1.0,1.0,16.673902627546788,17.628944794535062,19.56,0.001910629300002853,0.016931893,0.014129619,2.3314406871795654,2.728037118911743,-2.6869590282440186,-2.727402687072754,1.1672712564468384,0.32524749636650085,0.020651191473007202,0.0172891728579998,2.0340991020202637,2.0413780212402344,-1.4431184530258179,-1.3530244827270508
Fluid,24872,24872,19.6019039,1.0,1.0,1.989532039920476,1.5067027913386528,-0.15916722219381904,0.017289085188163425,0.14516010909145366,0.13450342892070327,0.40258339378441943,0.3723651235939871,1.0,1.0,16.667331963365353,17.62415365263671,19.6,0.0019039153999997893,0.01679181,0.014124278,2.332270860671997,2.7280051708221436,-2.6870555877685547,-2.727294445037842,1.163817048072815,0.32488101720809937,0.020670317113399506,0.017266497015953064,2.0352542400360107,2.0423028469085693,-1.4437180757522583,-1.353471279144287
Fluid,24872,24872,19.6418972,1.0,1.0,1.994021118070027,1.5104921948145542,-0.15899831372538506,0.017123989279487675,0.14504684549732383,0.13441387161826096,0.40278501870724825,0.3725318800535901,1.0,1.0,16.660775603378422,17.619360807050114,19.64,0.0018972015000002784,0.016867356,0.014119289,2.3331024646759033,2.727973222732544,-2.6871488094329834,-2.727184534072876,1.160347580909729,0.32451552152633667,0.020691046491265297,0.017250744625926018,2.036409378051758,2.043214797973633,-1.444319725036621,-1.3539152145385742
Fluid,24872,24872,19.6818905,1.0,1.0,1.9985066314889997,1.514281535372148,-0.1588287709544262,0.016958846671979465,0.1449366295549943,0.13432462853893287,0.40298678200494364,0.372698381942796,1.0,1.0,16.654228407955507,17.61457005780623,19.68,0.0018904876999989995,0.016700212,0.014114356,2.3339364528656006,2.7279410362243652,-2.6872384548187256,-2.7270729541778564,1.156861424446106,0.32415106892585754,0.02071330137550831,0.017241720110177994,2.037565231323242,2.044114828109741,-1.4449183940887451,-1.3543561697006226
Fluid,24872,24872,19.7218838,1.0,1.0,2.0029846049496562,1.5180740304208717,-0.15865966070448081,0.01679370255545309,0.1448256804867824,0.1342357005091218,0.40318765709809196,0.3728646452004379,1.0,1.0,16.647695769677785,17.609779611915283,19.72,0.0018837737999994886,0.016608417,0.014109422,2.3347723484039307,2.7279093265533447,-2.6873269081115723,-2.7269885540008545,1.1533576250076294,0.3237871527671814,0.020736997947096825,0.017239224165678024,2.0387203693389893,2.0450034141540527,-1.44551682472229,-1.3547946214675903
Fluid,24872,24872,19.7618771,1.0,1.0,2.0074625041670453,1.5218703688845308,-0.15849125106995543,0.016628603167123744,0.14471419385627474,0.13414709112748033,0.40338953440900793,0.3730306679054438,1.0,1.0,16.64116922945944,17.604989700625662,19.76,0.0018770598999999777,0.016832683,0.014104234,2.3356103897094727,2.727877616882324,-2.687412977218628,-2.726926803588867,1.1498411893844604,0.32342228293418884,0.02076209895312786,0.017243141308426857,2.039876699447632,2.0458807945251465,-1.4461135864257812,-1.3552305698394775
Fluid,24872,24872,19.8018703,1.0,1.0,2.0119375122473144,1.5256723155112955,-0.15832238606366206,0.01646359989269202,0.14460300211734764,0.13405880265933307,0.40359093319000033,0.37319643969474786,1.0,1.0,16.63465237515883,17.600195125641644,19.8,0.0018703460999986987,0.016619135,0.014098758,2.3364508152008057,2.727846145629883,-2.6874961853027344,-2.7269089221954346,1.1463204622268677,0.32305869460105896,0.02078857272863388,0.017253350466489792,2.041031837463379,2.046747922897339,-1.4467092752456665,-1.3556640148162842
Fluid,24872,24872,19.8418636,1.0,1.0,2.0164195638524234,1.5294829244526478,-0.15815450299475278,0.016298741606897208,0.14449449308604798,0.13397083061402162,0.4037917522378747,0.3733619356049918,1.0,1.0,16.628133571734573,17.595391988792617,19.84,0.0018636321999991878,0.016640123,0.014093296,2.3372929096221924,2.7278149127960205,-2.68757963180542,-2.7269132137298584,1.1428050994873047,0.32269608974456787,0.020816275849938393,0.01726975291967392,2.042184591293335,2.0476057529449463,-1.4473069906234741,-1.3560951948165894
Fluid,24872,24872,19.8818569,1.0,1.0,2.0209101072635702,1.5332925880710129,-0.15798708055617472,0.01613406821020156,0.14438399760533052,0.13388316914689033,0.40399243386241085,0.3735271276664526,1.0,1.0,16.621610029117974,17.590597082369197,19.88,0.001856918299999677,0.016625693,0.014088002,2.3381378650665283,2.7277841567993164,-2.687661647796631,-2.7269160747528076,1.1393036842346191,0.32233384251594543,0.02084519900381565,0.017292244359850883,2.0433363914489746,2.0484557151794434,-1.447904109954834,-1.3565243482589722
Fluid,24872,24872,19.9218502,1.0,1.0,2.0253994788169485,1.5371010683002926,-0.15782015473639394,0.015969621336079196,0.1442751381141857,0.13379580128406846,0.40419385039518557,0.3736919893108765,1.0,1.0,16.61509304669326,17.585808162042742,19.92,0.001850204499998398,0.016644444,0.0140828425,2.3389832973480225,2.7277536392211914,-2.68774151802063,-2.7269179821014404,1.1358212232589722,0.3219718039035797,0.02073141559958458,0.017320744693279266,2.0444867610931396,2.0492990016937256,-1.4485000371932983,-1.3569512367248535
Fluid,24872,24872,19.9618435,1.0,1.0,2.029888274794617,1.540907979892298,-0.15765258997064072,0.015805437266569012,0.14416651587477078,0.1337087137058309,0.40439569480836085,0.3738564942316444,1.0,1.0,16.608582851356847,17.58102376162335,19.96,0.001843490599998887,0.016626365,0.014077767,2.339832305908203,2.7277233600616455,-2.6878199577331543,-2.7269186973571777,1.1323543787002563,0.3216097056865692,0.02055235207080841,0.017355110496282578,2.0456345081329346,2.0501363277435303,-1.4490959644317627,-1.3573763370513916
Fluid,24872,24872,20.0018368,1.0,1.0,2.0343796402555907,1.5447127196821966,-0.15748482589934537,0.015641553222820948,0.14405872751766952,0.13362189498168334,0.40459666013059864,0.3740206248611927,1.0,1.0,16.602075598446184,17.57624589192902,20.0,0.0018367766999993762,0.016525226,0.0140725225,2.3406825065612793,2.727693557739258,-2.6878976821899414,-2.7269182205200195,1.1288936138153076,0.3212474584579468,0.020378408953547478,0.017395270988345146,2.0467793941497803,2.050969362258911,-1.449691891670227,-1.3577994108200073
