body,n_cpp,n_taichi,t,com_x_cpp,com_x_taichi,com_y_cpp,com_y_taichi,com_z_cpp,com_z_taichi,nu_finite_fraction_cpp,nu_finite_fraction_taichi,nu_mean_cpp,nu_mean_taichi,strainRateNorm_finite_fraction_cpp,strainRateNorm_finite_fraction_taichi,strainRateNorm_mean_cpp,strainRateNorm_mean_taichi,t_taichi,time_error,v_mean_cpp,v_mean_taichi,x_max_cpp,x_max_taichi,x_min_cpp,x_min_taichi,y_max_cpp,y_max_taichi,y_min_cpp,y_min_taichi,z_max_cpp,z_max_taichi,z_min_cpp,z_min_taichi
Bingham,51564,51564,0.0,0.939982368089906,0.939982368089906,5.447934698905025,5.447934698905025,-0.18233457792713023,-0.18233457792713023,1.0,1.0,0.0,10.0,1.0,1.0,0.0,0.0,0.0,0.0,0.0,0.0,2.9000000953674316,2.9000000953674316,-0.9000000357627869,-0.9000000357627869,6.849999904632568,6.849999904632568,3.200000047683716,3.200000047683716,2.25,2.25,-2.25,-2.25
HerschelBulkley,51564,51564,0.0,-4.060017628144852,-4.060017628144852,5.447934698905025,5.447934698905025,-0.18233457792713023,-0.18233457792713023,1.0,1.0,0.0,10.0,1.0,1.0,0.0,0.0,0.0,0.0,0.0,0.0,-2.0999999046325684,-2.0999999046325684,-5.900000095367432,-5.900000095367432,6.849999904632568,6.849999904632568,3.200000047683716,3.200000047683716,2.25,2.25,-2.25,-2.25
Bingham,51564,51564,0.041,0.939982368089906,0.939982368089906,5.43870360835937,5.439694466384478,-0.18233457792713023,-0.18233457792713023,1.0,1.0,10.0,10.0,1.0,1.0,0.0,0.0,0.04,0.0009999936818999994,0.40221003,0.3924,2.9000000953674316,2.9000000953674316,-0.9000000357627869,-0.9000000357627869,6.840768814086914,6.84175968170166,3.1907689571380615,3.1917595863342285,2.25,2.25,-2.25,-2.25
HerschelBulkley,51564,51564,0.041,-4.060017628144852,-4.060017628144852,5.43870360835937,5.439694466384478,-0.18233457792713023,-0.18233457792713023,1.0,1.0,10.0,10.0,1.0,1.0,0.0,0.0,0.04,0.0009999936818999994,0.40221003,0.3924,-2.0999999046325684,-2.0999999046325684,-5.900000095367432,-5.900000095367432,6.840768814086914,6.84175968170166,3.1907689571380615,3.1917595863342285,2.25,2.25,-2.25,-2.25
Bingham,51564,51564,0.081,0.939982368089906,0.939982368089906,5.413786463478188,5.415757737059116,-0.18233457792713023,-0.18233457792713023,1.0,1.0,10.0,10.0,1.0,1.0,0.0,0.0,0.08,0.001000000238399995,0.7946099,0.7848,2.9000000953674316,2.9000000953674316,-0.9000000357627869,-0.9000000357627869,6.81585168838501,6.8178229331970215,3.165851354598999,3.167823314666748,2.25,2.25,-2.25,-2.25
HerschelBulkley,51564,51564,0.081,-4.060017628144852,-4.060017628144852,5.413786463478188,5.415757737059116,-0.18233457792713023,-0.18233457792713023,1.0,1.0,10.0,10.0,1.0,1.0,0.0,0.0,0.08,0.001000000238399995,0.7946099,0.7848,-2.0999999046325684,-2.0999999046325684,-5.900000095367432,-5.900000095367432,6.81585168838501,6.8178229331970215,3.165851354598999,3.167823314666748,2.25,2.25,-2.25,-2.25
Bingham,51564,51564,0.121,0.939982368089906,0.939982368089906,5.373173289039712,5.376125407065425,-0.18233457792713023,-0.18233457792713023,1.0,1.0,10.0,10.0,1.0,1.0,0.0,0.0,0.12,0.0010000216960000113,1.1870097,1.1771995,2.9000000953674316,2.9000000953674316,-0.9000000357627869,-0.9000000357627869,6.775238513946533,6.778190612792969,3.1252381801605225,3.128190755844116,2.25,2.25,-2.25,-2.25
HerschelBulkley,51564,51564,0.121,-4.060017628144852,-4.060017628144852,5.373173289039712,5.376125407065425,-0.18233457792713023,-0.18233457792713023,1.0,1.0,10.0,10.0,1.0,1.0,0.0,0.0,0.12,0.0010000216960000113,1.1870097,1.1771995,-2.0999999046325684,-2.0999999046325684,-5.900000095367432,-5.900000095367432,6.775238513946533,6.778190612792969,3.1252381801605225,3.128190755844116,2.25,2.25,-2.25,-2.25
Bingham,51564,51564,0.161,0.939982368089906,0.939982368089906,5.316864052844209,5.3207970379248,-0.18233457792713023,-0.18233457792713023,1.0,1.0,10.0,10.0,1.0,1.0,0.0,0.0,0.16,0.0009999835489999942,1.5794094,1.5695986,2.9000000953674316,2.9000000953674316,-0.9000000357627869,-0.9000000357627869,6.718929290771484,6.722862243652344,3.0689287185668945,3.072862386703491,2.25,2.25,-2.25,-2.25
HerschelBulkley,51564,51564,0.161,-4.060017628144852,-4.060017628144852,5.316864052844209,5.3207970379248,-0.18233457792713023,-0.18233457792713023,1.0,1.0,10.0,10.0,1.0,1.0,0.0,0.0,0.16,0.0009999835489999942,1.5794094,1.5695986,-2.0999999046325684,-2.0999999046325684,-5.900000095367432,-5.900000095367432,6.718929290771484,6.722862243652344,3.0689287185668945,3.072862386703491,2.25,2.25,-2.25,-2.25
Bingham,51564,51564,0.2009999,0.939982368089906,0.939982368089906,5.244858317115884,5.2497726350192755,-0.18233457792713023,-0.18233457792713023,1.0,1.0,10.0,10.0,1.0,1.0,0.0,0.0,0.2,0.000999945401999991,1.9718091,1.9619976,2.9000000953674316,2.9000000953674316,-0.9000000357627869,-0.9000000357627869,6.646923542022705,6.6518378257751465,2.9969232082366943,3.001838207244873,2.25,2.25,-2.25,-2.25
HerschelBulkley,51564,51564,0.2009999,-4.060017628144852,-4.060017628144852,5.244858317115884,5.2497726350192755,-0.18233457792713023,-0.18233457792713023,1.0,1.0,10.0,10.0,1.0,1.0,0.0,0.0,0.2,0.000999945401999991,1.9718091,1.9619976,-2.0999999046325684,-2.0999999046325684,-5.900000095367432,-5.900000095367432,6.646923542022705,6.6518378257751465,2.9969232082366943,3.001838207244873,2.25,2.25,-2.25,-2.25
Bingham,51564,51564,0.2409999,0.939982368089906,0.939982368089906,5.157156575041444,5.163052630270991,-0.18233457792713023,-0.18233457792713023,1.0,1.0,10.0,10.0,1.0,1.0,0.0,0.0,0.24,0.0009999072550000154,2.36421,2.3543966,2.9000000953674316,2.9000000953674316,-0.9000000357627869,-0.9000000357627869,6.5592217445373535,6.565117835998535,2.90922212600708,2.9151179790496826,2.25,2.25,-2.25,-2.25
HerschelBulkley,51564,51564,0.2409999,-4.060017628144852,-4.060017628144852,5.157156575041444,5.163052630270991,-0.18233457792713023,-0.18233457792713023,1.0,1.0,10.0,10.0,1.0,1.0,0.0,0.0,0.24,0.0009999072550000154,2.36421,2.3543966,-2.0999999046325684,-2.0999999046325684,-5.900000095367432,-5.900000095367432,6.5592217445373535,6.565117835998535,2.90922212600708,2.9151179790496826,2.25,2.25,-2.25,-2.25
Bingham,51564,51564,0.2809999,0.939982368089906,0.939982368089906,5.053758773799272,5.060636138520223,-0.18233457792713023,-0.18233457792713023,1.0,1.0,10.0,10.0,1.0,1.0,0.0,0.0,0.28,0.0009998691079999844,2.7566106,2.7467957,2.9000000953674316,2.9000000953674316,-0.9000000357627869,-0.9000000357627869,6.45582389831543,6.462701320648193,2.8058247566223145,2.81270170211792,2.25,2.25,-2.25,-2.25
HerschelBulkley,51564,51564,0.2809999,-4.060017628144852,-4.060017628144852,5.053758773799272,5.060636138520223,-0.18233457792713023,-0.18233457792713023,1.0,1.0,10.0,10.0,1.0,1.0,0.0,0.0,0.28,0.0009998691079999844,2.7566106,2.7467957,-2.0999999046325684,-2.0999999046325684,-5.900000095367432,-5.900000095367432,6.45582389831543,6.462701320648193,2.8058247566223145,2.81270170211792,2.25,2.25,-2.25,-2.25
Bingham,51564,51564,0.3209998,0.9399778559149192,0.9399820990689431,4.934764856021941,4.942536531662832,-0.1823011635460983,-0.18232962087149565,1.0,1.0,9.999506755515478,9.998851009120713,1.0,1.0,0.0010042464662523786,0.0010294113835929684,0.32,0.0009998309609999811,3.1434875,3.1381705,2.9000000953674316,2.9000000953674316,-0.8999239802360535,-0.9000028371810913,6.33673095703125,6.3445892333984375,2.6867311000823975,2.694589376449585,2.25,2.25,-2.2453415393829346,-2.2500030994415283
HerschelBulkley,51564,51564,0.3209998,-4.060021431097815,-4.060018555616428,4.934767568992704,4.942539793961765,-0.18230069610583347,-0.18232910500768965,1.0,1.0,10.0,10.0,1.0,1.0,0.0012064882830523044,0.000944251394922219,0.32,0.0009998309609999811,3.1433465,3.1380317,-2.0999999046325684,-2.0999999046325684,-5.899914264678955,-5.900003910064697,6.33673095703125,6.3445892333984375,2.6867311000823975,2.694589376449585,2.25,2.25,-2.245669364929199,-2.2500038146972656
Bingham,51564,51564,0.3609998,0.9399259843291916,0.9399668314514579,4.800632347036727,4.808881470853941,-0.18209028010825293,-0.18228133891709508,1.0,1.0,9.999120477209283,9.998710139419561,1.0,1.0,0.003270589431912769,0.0015850012393340115,0.36,0.0009997928140000334,3.5134914,3.5232801,2.9000000953674316,2.9000000953674316,-0.8993663191795349,-0.9000179767608643,6.201953887939453,6.210781097412109,2.5519416332244873,2.560781240463257,2.25,2.25,-2.245882749557495,-2.2550735473632812
HerschelBulkley,51564,51564,0.3609998,-4.060073864824342,-4.060037420326981,4.800660560563116,4.80889132264032,-0.18208308929901118,-0.18228204565971556,1.0,1.0,10.0,10.0,1.0,1.0,0.003453218154550834,0.00172575041771392,0.36,0.0009997928140000334,3.513009,3.5231907,-2.0999999046325684,-2.0999999046325684,-5.899380207061768,-5.900014877319336,6.2019572257995605,6.210781097412109,2.5519416332244873,2.560781240463257,2.25,2.25,-2.247788667678833,-2.246563196182251
Bingham,51564,51564,0.4009998,0.939929651265749,0.9399485063618712,4.652252188161479,4.660193074573493,-0.1813082715636095,-0.18200507344897948,1.0,1.0,9.999396354665159,9.998928380848485,1.0,1.0,0.007381590313166652,0.004138854940452647,0.4,0.0009997546669999746,3.8616443,3.8913274,2.900001287460327,2.9000000953674316,-0.9070196747779846,-0.8998799324035645,6.0516510009765625,6.061279773712158,2.401456356048584,2.4112770557403564,2.250000238418579,2.25,-2.24341082572937,-2.2515954971313477
HerschelBulkley,51564,51564,0.4009998,-4.060072656992232,-4.060069373928079,4.65228092478093,4.660199684289806,-0.18130528854890737,-0.18200891681176734,1.0,1.0,10.0,10.0,1.0,1.0,0.007243955904110412,0.004294546109375974,0.4,0.0009997546669999746,3.8619044,3.8921077,-2.099998712539673,-2.0999999046325684,-5.907496929168701,-5.899839878082275,6.051644802093506,6.061280250549316,2.401456356048584,2.4112770557403564,2.250000238418579,2.25,-2.2453043460845947,-2.244037628173828
Bingham,51564,51564,0.4428858,0.9401715467160963,0.9400578193887438,4.483403057759288,4.497369871097173,-0.17896628291599706,-0.18106020595093894,1.0,1.0,9.998663620428713,9.996751851212288,1.0,1.0,0.013615793182166323,0.009184399825848458,0.44,0.00288578629499997,4.1685824,4.2355504,2.900023937225342,2.9000000953674316,-0.9374872446060181,-0.9542272686958313,5.8799967765808105,5.896166801452637,2.2405779361724854,2.245558023452759,2.2500157356262207,2.25,-2.2407426834106445,-2.2488956451416016
HerschelBulkley,51564,51564,0.4428858,-4.059835873922785,-4.059975073230469,4.483415190682142,4.49736157668385,-0.17897766634697032,-0.1810779009914029,1.0,1.0,10.0,10.0,1.0,1.0,0.013824002841881027,0.008266664106818375,0.44,0.00288578629499997,4.169005,4.235516,-2.099975109100342,-2.0999999046325684,-5.9376373291015625,-5.950299263000488,5.879953384399414,5.896170616149902,2.2405896186828613,2.245558023452759,2.2500171661376953,2.25,-2.242534875869751,-2.2412197589874268
Bingham,51564,51564,0.4813174,0.9406054045652712,0.9403894563342797,4.318985357474859,4.321523513437732,-0.17445571628704915,-0.17898379495157749,1.0,1.0,9.99407911355913,9.993782164998999,1.0,1.0,0.02723553644067587,0.016576388047736368,0.48,0.0013174307350000136,4.3702755,4.546596,2.9059457778930664,2.900378465652466,-0.9592000842094421,-0.9986369609832764,5.715445518493652,5.716256141662598,2.1946122646331787,2.1617045402526855,2.250298500061035,2.250000476837158,-2.237959861755371,-2.241251230239868
HerschelBulkley,51564,51564,0.4813174,-4.059407311204924,-4.0596535654343935,4.318983275062146,4.321532930809776,-0.17448612104598546,-0.1790162764766585,1.0,1.0,10.0,9.999957222424747,1.0,1.0,0.025911008384403186,0.01747704596227168,0.48,0.0013174307350000136,4.3701944,4.545158,-2.0940418243408203,-2.0995984077453613,-5.960203647613525,-5.990085124969482,5.715368270874023,5.716272830963135,2.1952011585235596,2.1710355281829834,2.2503178119659424,2.250000476837158,-2.2396318912506104,-2.229764461517334
Bingham,51564,51564,0.5234337,0.9411091677599804,0.9408501497013189,4.132872045086368,4.135320166168808,-0.16518351513352159,-0.17483301429534676,1.0,1.0,9.993341940875826,9.984735332697008,1.0,1.0,0.047560420363936644,0.03275597769101201,0.52,0.0034336853030000336,4.483643,4.7579618,2.916494369506836,2.9436678886413574,-0.9783453345298767,-1.0142306089401245,5.532709121704102,5.524067401885986,2.123371124267578,2.064176559448242,2.2593493461608887,2.2504098415374756,-2.232998847961426,-2.2400059700012207
HerschelBulkley,51564,51564,0.5234337,-4.058915293625444,-4.059207306110908,4.132930993289391,4.135484532142534,-0.16521579768300595,-0.17486315682677375,1.0,1.0,10.0,9.999954982915812,1.0,1.0,0.04598654375560767,0.030910810855210132,0.52,0.0034336853030000336,4.48149,4.7522,-2.0834977626800537,-2.0821611881256104,-5.979367733001709,-6.005249500274658,5.532697677612305,5.524118900299072,2.1235859394073486,2.082629442214966,2.259573221206665,2.2505879402160645,-2.2343482971191406,-2.2218050956726074
Bingham,51564,51564,0.5624222,0.9414815590049935,0.941282497365555,3.9616381061815993,3.944868386679537,-0.15077846514690782,-0.16667851846619644,1.0,1.0,9.990692924046645,9.975675440333497,1.0,1.0,0.07295695342569371,0.056052560582061026,0.56,0.0024222159389999387,4.3808565,4.7987127,2.916440010070801,2.961550235748291,-0.9815743565559387,-1.018913745880127,5.3671650886535645,5.324558258056641,2.064577579498291,1.9888876676559448,2.2890498638153076,2.259507179260254,-2.2250750064849854,-2.239590883255005
HerschelBulkley,51564,51564,0.5624222,-4.058559696258765,-4.0588093914346475,3.961764008197484,3.9452655999527884,-0.1508180406928841,-0.16668760743817815,1.0,1.0,10.0,9.99999124888591,1.0,1.0,0.0709662695541543,0.05536539255019378,0.56,0.0024222159389999387,4.380252,4.791324,-2.083228826522827,-2.061568260192871,-5.982601165771484,-6.008971691131592,5.3672685623168945,5.324751853942871,2.0652804374694824,1.9909300804138184,2.289196252822876,2.2612602710723877,-2.225508213043213,-2.21931529045105
Bingham,51564,51564,0.6030704,0.9421038952483817,0.9418677177510719,3.808561674558703,3.7642206468359105,-0.12614525345076502,-0.15041902431182372,1.0,1.0,9.978827805494506,9.935679357791047,1.0,1.0,0.1128898156961711,0.1238984478735159,0.6,0.003070378304000032,3.3218215,4.2500815,2.908975124359131,2.965106248855591,-0.9728206992149353,-1.019437313079834,5.1999077796936035,5.126287460327148,2.0169363021850586,1.902904987335205,2.331266164779663,2.304750680923462,-2.216613531112671,-2.238497495651245
HerschelBulkley,51564,51564,0.6030704,-4.057930431399443,-4.058283848394832,3.8087046329492966,3.76514556324285,-0.1262106388244011,-0.15047804591414965,1.0,1.0,9.999924906081922,9.99978932682588,1.0,1.0,0.11171371090509648,0.12109041003377204,0.6,0.003070378304000032,3.3219106,4.228434,-2.0903329849243164,-2.059427499771118,-5.973796844482422,-6.009803771972656,5.200051307678223,5.126709938049316,2.0181424617767334,1.9153859615325928,2.3311808109283447,2.3084959983825684,-2.218937397003174,-2.2184810638427734
Bingham,51564,51564,0.6412606,0.9424087609867672,0.9424155622563685,3.722462171432203,3.628158586804431,-0.09068560252852685,-0.11784978808452842,1.0,1.0,9.993512196702572,9.946215741931073,1.0,1.0,0.08073032503700148,0.1363940683763618,0.64,0.0012606239319999935,1.978779,3.0376108,2.9003090858459473,2.965212345123291,-0.9616031050682068,-1.0195568799972534,5.074423789978027,4.939425468444824,1.9712202548980713,1.8587062358856201,2.3636369705200195,2.3821046352386475,-2.215003490447998,-2.2371301651000977
HerschelBulkley,51564,51564,0.6412606,-4.057555086798021,-4.0577659655806535,3.722642029562134,3.629773774372487,-0.09079371289938067,-0.11823933700187877,1.0,1.0,10.0,9.99992828820048,1.0,1.0,0.0801757235692512,0.13399720148299657,0.64,0.0012606239319999935,1.9777826,3.0193064,-2.098806381225586,-2.0585691928863525,-5.962606906890869,-6.010476589202881,5.074606418609619,4.940296173095703,1.9702986478805542,1.8682856559753418,2.36330509185791,2.386714220046997,-2.2168643474578857,-2.217376708984375
Bingham,51564,51564,0.6814846,0.9425947197381608,0.9429168709125257,3.6751221966317162,3.5441415690994735,-0.051879582825879476,-0.07219628916744515,1.0,1.0,9.998274714700209,9.959910381553282,1.0,1.0,0.04913969352487021,0.11593518953523596,0.68,0.0014846396449998966,1.2928224,2.144026,2.891589403152466,2.965512990951538,-0.951275110244751,-1.0198472738265991,4.994296073913574,4.782068252563477,1.9368441104888916,1.7879492044448853,2.3801791667938232,2.4664499759674072,-2.2127320766448975,-2.235654354095459
HerschelBulkley,51564,51564,0.6814846,-4.057308810841592,-4.0572170626108255,3.675309923157349,3.5460851381700964,-0.05201336861196018,-0.07305073138507535,1.0,1.0,10.0,9.999989816136546,1.0,1.0,0.04914336596673415,0.1125619686927333,0.68,0.0014846396449998966,1.2929505,2.1328676,-2.1074488162994385,-2.058377981185913,-5.9523186683654785,-6.010967254638672,4.9944915771484375,4.783370018005371,1.9367374181747437,1.7883144617080688,2.379676580429077,2.472097158432007,-2.2146365642547607,-2.2161624431610107
Bingham,51564,51564,0.720583,0.9428060008712041,0.9435139636805233,3.647794754508302,3.4914875650491886,-0.020274979664242503,-0.024877602937189724,1.0,1.0,9.997724990775925,9.966825919539794,1.0,1.0,0.03551485165520909,0.09718104165032303,0.72,0.0005830216409999922,0.954388,1.657782,2.885009288787842,2.9657931327819824,-0.9442071914672852,-1.0202938318252563,4.9478654861450195,4.668825626373291,1.930459976196289,1.6922175884246826,2.387923240661621,2.546234369277954,-2.2111711502075195,-2.2343087196350098
HerschelBulkley,51564,51564,0.720583,-4.057066791117325,-4.056593182111728,3.6479508887735683,3.49343301922825,-0.020391187270137272,-0.02597525508054523,1.0,1.0,10.0,9.99998558439634,1.0,1.0,0.03567723538383416,0.09356918137213747,0.72,0.0005830216409999922,0.9559969,1.6564721,-2.1140663623809814,-2.0583114624023438,-5.945284366607666,-6.011313438415527,4.94798469543457,4.670364856719971,1.9312256574630737,1.6934492588043213,2.3873202800750732,2.552544355392456,-2.2135238647460938,-2.2149598598480225
Bingham,51564,51564,0.7606471,0.9430053577549972,0.9440422400883777,3.627719966700926,3.4541801584533554,0.0052251665819001555,0.0183034106105667,1.0,1.0,9.997590943818391,9.96828473642955,1.0,1.0,0.028642264737463164,0.08669535766691241,0.76,0.000647058486999974,0.7505779,1.3655788,2.880169153213501,2.966076374053955,-0.9396761059761047,-1.020909070968628,4.9146294593811035,4.602528095245361,1.9213714599609375,1.587731957435608,2.3926713466644287,2.6288304328918457,-2.210498809814453,-2.2333827018737793
HerschelBulkley,51564,51564,0.7606471,-4.056849081765393,-4.056039619701031,3.627819189851662,3.4560111564260487,0.005148947318371219,0.017093153723386677,1.0,1.0,10.0,9.999896404732283,1.0,1.0,0.0288638582732347,0.08556843419990925,0.76,0.000647058486999974,0.7519993,1.3657962,-2.119065046310425,-2.058204174041748,-5.940759658813477,-6.011587142944336,4.914610385894775,4.603921890258789,1.9201830625534058,1.5993337631225586,2.3919832706451416,2.631643056869507,-2.212562084197998,-2.21380615234375
Bingham,51564,51564,0.8022918,0.943145147401618,0.9444472499484796,3.6101168369767866,3.4250915470758407,0.026213690451070703,0.05655825529636862,1.0,1.0,9.998165855321899,9.963969973439658,1.0,1.0,0.02480421456806022,0.08544039691511947,0.8,0.0022917509079999343,0.63675934,1.158777,2.8764495849609375,2.9663712978363037,-0.9366552233695984,-1.0215078592300415,4.8854804039001465,4.557207107543945,1.9091978073120117,1.521484136581421,2.3967888355255127,2.7390260696411133,-2.2093827724456787,-2.2325363159179688
HerschelBulkley,51564,51564,0.8022918,-4.056694623520687,-4.055584792664141,3.610220943856818,3.4268700059122725,0.02615261072227388,0.055337038433370914,1.0,1.0,10.0,9.999883918994874,1.0,1.0,0.024800559038278734,0.08179079007403214,0.8,0.0022917509079999343,0.636463,1.1591266,-2.1229093074798584,-2.055149555206299,-5.9377570152282715,-6.011839389801025,4.885419845581055,4.5582990646362305,1.9081581830978394,1.5344033241271973,2.396022319793701,2.739476203918457,-2.209550619125366,-2.2127130031585693
Bingham,51564,51564,0.844722,0.9431953180132356,0.9447154036992306,3.5930535339900405,3.4009509303901595,0.04386005472105587,0.09036930575270101,1.0,1.0,9.99934166552865,9.970721082538354,1.0,1.0,0.024716859583490472,0.07704826103549782,0.84,0.004721972942000052,0.57019794,1.0109991,2.873295783996582,2.9701099395751953,-0.9342400431632996,-1.0220825672149658,4.85697078704834,4.529346942901611,1.8973804712295532,1.4581127166748047,2.4004476070404053,2.872359037399292,-2.207270383834839,-2.2315635681152344
HerschelBulkley,51564,51564,0.844722,-4.056636886922746,-4.055262746627628,3.59316986219423,3.4026790992582607,0.04379578288705374,0.08915674979452691,1.0,1.0,10.0,10.0,1.0,1.0,0.02481091323749754,0.07618277207828848,0.84,0.004721972942000052,0.57081705,1.0119132,-2.1261343955993652,-2.027900218963623,-5.935369491577148,-6.0120930671691895,4.8569159507751465,4.529874324798584,1.8965636491775513,1.475219488143921,2.399609088897705,2.8772733211517334,-2.206817626953125,-2.211674451828003
Bingham,51564,51564,0.8847219,0.9431733830233218,0.9448479996596232,3.5780633941354028,3.379504411721394,0.058466126397655305,0.12036754398590671,1.0,1.0,9.999882539279817,9.972503116735082,1.0,1.0,0.021813669873176664,0.07269855895829018,0.88,0.004721934795000049,0.51030666,0.9067094,2.870769739151001,3.000808000564575,-0.9324197173118591,-1.0226283073425293,4.831063270568848,4.510770797729492,1.8883763551712036,1.4069477319717407,2.403533935546875,3.004929780960083,-2.2052977085113525,-2.230541944503784
HerschelBulkley,51564,51564,0.8847219,-4.056654497059791,-4.0550864208762745,3.578172579572991,3.381147600010473,0.058411721575705816,0.11911849737969714,1.0,1.0,10.0,9.999886994642631,1.0,1.0,0.02215047904591538,0.07312083980728312,0.88,0.004721934795000049,0.51074094,0.9074011,-2.128743886947632,-1.9959626197814941,-5.933568000793457,-6.012354850769043,4.831002235412598,4.511792182922363,1.888574242591858,1.4170173406600952,2.4026594161987305,3.0139517784118652,-2.20448899269104,-2.2106871604919434
Bingham,51564,51564,0.9247219,0.9431098772644432,0.9448637117347283,3.5641679013453262,3.359740566205372,0.07150855499967408,0.14719147873606028,1.0,1.0,9.999985849503151,9.973951482034646,1.0,1.0,0.021045374733099205,0.06865832767393974,0.92,0.004721896647999935,0.465783,0.82341415,2.868598699569702,3.0346388816833496,-0.9309056401252747,-1.023154854774475,4.806522846221924,4.4914069175720215,1.8820289373397827,1.323548674583435,2.406447172164917,3.170638084411621,-2.2035131454467773,-2.229231834411621
HerschelBulkley,51564,51564,0.9247219,-4.056714818980878,-4.0550319951103635,3.564271494520801,3.3613854158924306,0.07147151918013005,0.14589712955483986,1.0,1.0,10.0,10.0,1.0,1.0,0.021299802446808853,0.06637279056060173,0.92,0.004721896647999935,0.46610588,0.8211387,-2.131129741668701,-1.9621831178665161,-5.932071685791016,-6.012625217437744,4.8064494132995605,4.492945194244385,1.8808364868164062,1.3071396350860596,2.4055724143981934,3.150609016418457,-2.202428102493286,-2.2097463607788086
Bingham,51564,51564,0.9647219,0.9430254419982509,0.944798626171039,3.551172865194472,3.3412605251354868,0.08323538347200655,0.17135096116503387,1.0,1.0,10.0,9.979708208366922,1.0,1.0,0.020249302993666708,0.06328315807248226,0.96,0.0047218585010000425,0.43033287,0.75503993,2.866687059402466,3.0691707134246826,-0.9296510219573975,-1.0236849784851074,4.784218788146973,4.471302032470703,1.8725603818893433,1.2189843654632568,2.409554958343506,3.33634614944458,-2.201931953430176,-2.227731943130493
HerschelBulkley,51564,51564,0.9647219,-4.056792487753953,-4.055089101191868,3.551265583539266,3.3429802596966702,0.08322176613046017,0.1699923679585399,1.0,1.0,10.0,10.0,1.0,1.0,0.020414700080982437,0.06180687346041091,0.96,0.0047218585010000425,0.43097132,0.75261325,-2.133125066757202,-1.9298404455184937,-5.930829048156738,-6.031302452087402,4.784232139587402,4.473479270935059,1.871705412864685,1.2013931274414062,2.4087765216827393,3.3121864795684814,-2.2006213665008545,-2.208845615386963
Bingham,51564,51564,1.0047219,0.9429381192669457,0.944651102125473,3.5389097638167546,3.323834600554307,0.09398537966221265,0.19326080706935553,1.0,1.0,10.0,9.980409017150446,1.0,1.0,0.01992119566448078,0.059548871202237896,1.0,0.004721879959999953,0.4038653,0.6978536,2.865042209625244,3.101569414138794,-0.9285995364189148,-1.024213433265686,4.7638936042785645,4.450303077697754,1.8644633293151855,1.0890167951583862,2.412768840789795,3.504642963409424,-2.200518846511841,-2.226372480392456
HerschelBulkley,51564,51564,1.0047219,-4.056870939330997,-4.055233701294863,3.538988309149394,3.3256282471799468,0.09400169498518067,0.19187723980492208,1.0,1.0,10.0,10.0,1.0,1.0,0.020057745898416454,0.057248264676055316,1.0,0.004721879959999953,0.4045813,0.69641244,-2.134761333465576,-1.9001930952072144,-5.929784774780273,-6.048290729522705,4.763876438140869,4.453676700592041,1.8637478351593018,1.0979361534118652,2.411982297897339,3.5018255710601807,-2.199021100997925,-2.2079803943634033
Bingham,51564,51564,1.0447218,0.9428538047264703,0.9444190467696665,3.527255387711623,3.307338852976617,0.10405191087163569,0.21325845371320365,1.0,1.0,9.999937530254137,9.981638250078799,1.0,1.0,0.020045954585273095,0.05657808732287677,1.04,0.004721841809999905,0.3833858,0.6487331,2.863589286804199,3.1326992511749268,-0.9276682138442993,-1.0247445106506348,4.7442779541015625,4.42836856842041,1.8575072288513184,1.0003550052642822,2.415870189666748,3.7002761363983154,-2.198765993118286,-2.2252304553985596
HerschelBulkley,51564,51564,1.0447218,-4.056949130314,-4.055430273892354,3.527324234766084,3.3091562196766096,0.10409531874538025,0.2118862815588557,1.0,1.0,10.0,10.0,1.0,1.0,0.020186404268663555,0.05436439359820257,1.04,0.004721841809999905,0.38400704,0.6487098,-2.1362218856811523,-1.8714663982391357,-5.928859710693359,-6.061139106750488,4.744239807128906,4.433766841888428,1.85774827003479,0.9848878979682922,2.4150824546813965,3.694380760192871,-2.1973676681518555,-2.2071471214294434
Bingham,51564,51564,1.0847218,0.9427714194805467,0.9441223971837116,3.516134192983152,3.291650958600254,0.1136233841994301,0.23161912046007646,1.0,1.0,10.0,9.984660690617833,1.0,1.0,0.01981746561551243,0.05268965761688309,1.08,0.004721803669999858,0.36696678,0.6067185,2.8622560501098633,3.164536476135254,-0.9268308877944946,-1.0309233665466309,4.725276947021484,4.405569076538086,1.8542886972427368,0.8867064118385315,2.418943405151367,3.895909309387207,-2.1969032287597656,-2.224195718765259
HerschelBulkley,51564,51564,1.0847218,-4.057029028530127,-4.055665551159641,3.5161883198727595,3.293457006152334,0.11369015838924688,0.23028441829237833,1.0,1.0,10.0,9.999992951846698,1.0,1.0,0.019469392478557015,0.052004749546902665,1.08,0.004721803669999858,0.36770624,0.6073433,-2.137579917907715,-1.8380094766616821,-5.928030014038086,-6.070522785186768,4.725219249725342,4.4138336181640625,1.8536303043365479,0.8947209715843201,2.418161392211914,3.9035468101501465,-2.1953930854797363,-2.2063422203063965
Bingham,51564,51564,1.1247218,0.9426950200368168,0.9437818001462994,3.5054525235456433,3.2767065856029247,0.12281915718771781,0.24857846005124198,1.0,1.0,10.0,9.98663400340724,1.0,1.0,0.019880608620239458,0.05111994940168167,1.12,0.00472176551999981,0.35391456,0.56954896,2.8610596656799316,3.2258589267730713,-0.9260707497596741,-1.03528892993927,4.706789970397949,4.382266521453857,1.8466308116912842,0.7662965655326843,2.4220306873321533,4.0915422439575195,-2.1951467990875244,-2.223210573196411
HerschelBulkley,51564,51564,1.1247218,-4.057106431304008,-4.055937126518156,3.505490253519285,3.278464758732988,0.12290761080849338,0.2473000039558479,1.0,1.0,10.0,10.0,1.0,1.0,0.0198291644684685,0.049435908573737246,1.12,0.00472176551999981,0.3547374,0.57137305,-2.138861656188965,-1.8073326349258423,-5.927272796630859,-6.078378200531006,4.70670747756958,4.393803119659424,1.8458176851272583,0.7888580560684204,2.4212489128112793,4.112712860107422,-2.1935157775878906,-2.2055630683898926
Bingham,51564,51564,1.1647217,0.9426307030569677,0.9434020751103999,3.4951435086008797,3.262468474388779,0.1317165062302186,0.2643262069522451,1.0,1.0,10.0,9.987340177569376,1.0,1.0,0.020069961161106393,0.049718038169974804,1.16,0.004721727369999984,0.34285438,0.5375094,2.859992027282715,3.301466941833496,-0.9253881573677063,-1.0430874824523926,4.6887125968933105,4.359020709991455,1.839542269706726,0.6569951772689819,2.425092935562134,4.2900519371032715,-2.1934635639190674,-2.222259044647217
HerschelBulkley,51564,51564,1.1647217,-4.057175015064163,-4.0562399742412065,3.4951626076148816,3.2641565176467533,0.1318244024940759,0.26313589964701833,1.0,1.0,10.0,10.0,1.0,1.0,0.020283238981983413,0.04788131638969554,1.16,0.004721727369999984,0.34352407,0.5397367,-2.138301134109497,-1.7766647338867188,-5.926590442657471,-6.086298942565918,4.6886067390441895,4.3736066818237305,1.8388028144836426,0.6672991514205933,2.424302339553833,4.321878910064697,-2.1917409896850586,-2.204807758331299
Bingham,51564,51564,1.2047217,0.9425813917948732,0.9429869600532725,3.4851669120428848,3.248872786365,0.14036760582192204,0.2790622491295465,1.0,1.0,9.999991512568611,9.989661922776461,1.0,1.0,0.02047507529046264,0.046782248608698555,1.2,0.004721689219999936,0.3331781,0.50969374,2.8590543270111084,3.3733811378479004,-0.9247403144836426,-1.062136173248291,4.670997619628906,4.355926990509033,1.832858681678772,0.531997799873352,2.4280858039855957,4.502158164978027,-2.1918532848358154,-2.221346616744995
HerschelBulkley,51564,51564,1.2047217,-4.057231432471816,-4.056564132682329,3.4851719347294674,3.250458609148341,0.14049116137981638,0.2779504241867585,1.0,1.0,10.0,10.0,1.0,1.0,0.020282905819727616,0.04730510609343267,1.2,0.004721689219999936,0.33373514,0.51247317,-2.137693405151367,-1.7492636442184448,-5.925948143005371,-6.094408988952637,4.67087459564209,4.353617191314697,1.8321635723114014,0.5300443172454834,2.4272687435150146,4.5310444831848145,-2.1900322437286377,-2.2040746212005615
Bingham,51564,51564,1.2447217,0.9425443259906189,0.9425493818945994,3.475491417049853,3.2358484520269055,0.14880318901567727,0.2929383170847434,1.0,1.0,10.0,9.992181959292598,1.0,1.0,0.020453691819256162,0.04516523377431492,1.24,0.004721651080000111,0.3244469,0.48591074,2.8590035438537598,3.4428329467773438,-0.9242845177650452,-1.0810768604278564,4.653613090515137,4.355121612548828,1.828632116317749,0.39130446314811707,2.430990219116211,4.714264869689941,-2.1902992725372314,-2.220477342605591
HerschelBulkley,51564,51564,1.2447217,-4.057277672128601,-4.056904391370949,3.4754878958191147,3.2373232626539763,0.14893868102680302,0.2919032263359005,1.0,1.0,10.0,10.0,1.0,1.0,0.020800601828810297,0.045681405795398033,1.24,0.004721651080000111,0.32498002,0.48825172,-2.137099027633667,-1.7251427173614502,-5.925605773925781,-6.102721214294434,4.653477191925049,4.352994441986084,1.8289241790771484,0.3770935535430908,2.4301517009735107,4.74021053314209,-2.1883790493011475,-2.203362464904785
Bingham,51564,51564,1.2847216,0.9425156393379001,0.9420791500042088,3.4660915657687195,3.2233301613570307,0.1570463518473869,0.30609033623281867,1.0,1.0,9.999972113034564,9.992520078231806,1.0,1.0,0.020330229054485803,0.04382671167658559,1.28,0.004721612930000063,0.31665817,0.4651525,2.8596436977386475,3.512284755706787,-0.9240124225616455,-1.0986474752426147,4.636532306671143,4.35433292388916,1.8258538246154785,0.2841867506504059,2.433833599090576,4.946706295013428,-2.1888108253479004,-2.2196407318115234
HerschelBulkley,51564,51564,1.2847216,-4.057315484878766,-4.057258363069606,3.4660810562621243,3.2247277475594687,0.15719323550391168,0.30511172976474465,1.0,1.0,10.0,10.0,1.0,1.0,0.020646772033721145,0.0447848745336868,1.28,0.004721612930000063,0.3172058,0.4667569,-2.1364781856536865,-1.6828895807266235,-5.92533016204834,-6.110214710235596,4.636381149291992,4.352376937866211,1.826115369796753,0.28742164373397827,2.4329745769500732,4.975212097167969,-2.186784029006958,-2.202669858932495
Bingham,51564,51564,1.3247216,0.9424918610251926,0.9415690544149211,3.45693273084388,3.2112820735457714,0.16511601088120328,0.3186272342998617,1.0,1.0,10.0,9.992414702562575,1.0,1.0,0.02054014885120453,0.04244350145041474,1.32,0.004721574780000015,0.30976588,0.4469188,2.8602781295776367,3.5785775184631348,-0.9237603545188904,-1.1137734651565552,4.619720458984375,4.353560924530029,1.8230727910995483,0.161373108625412,2.4366250038146973,5.179147720336914,-2.187415361404419,-2.2188308238983154
HerschelBulkley,51564,51564,1.3247216,-4.057347515210846,-4.057630961427825,3.4569145129299566,3.2126184505540607,0.16527455588677686,0.31767446830233836,1.0,1.0,10.0,10.0,1.0,1.0,0.020819887755562542,0.042392381686178725,1.32,0.004721574780000015,0.3102919,0.44776955,-2.135835886001587,-1.6096985340118408,-5.92507266998291,-6.117422103881836,4.619551181793213,4.351765155792236,1.8233346939086914,0.18621036410331726,2.4357473850250244,5.211573123931885,-2.1852636337280273,-2.201996088027954
Bingham,51564,51564,1.3647215,0.9424706076875385,0.9410346105812594,3.4479894238685898,3.1996634860566973,0.17303188409684714,0.3306313508138214,1.0,1.0,9.999956998996337,9.993222737513912,1.0,1.0,0.02085629389140858,0.041861625787708946,1.36,0.004721536639999968,0.30360374,0.43017122,2.8608953952789307,3.643169641494751,-0.9241350889205933,-1.1269199848175049,4.603139400482178,4.352804183959961,1.8202778100967407,0.022863509133458138,2.4393579959869385,5.411589622497559,-2.186128616333008,-2.218047618865967
HerschelBulkley,51564,51564,1.3647215,-4.057376225419489,-4.058017893621156,3.447960876515039,3.2009665028840657,0.1732003485573814,0.3296689839943328,1.0,1.0,10.0,9.99998755194608,1.0,1.0,0.021135610637710987,0.0418884879284658,1.36,0.004721536639999968,0.30411574,0.4301531,-2.135193347930908,-1.5383598804473877,-5.92572546005249,-6.129971504211426,4.602957248687744,4.351160049438477,1.8204610347747803,0.06930311024188995,2.43845796585083,5.447934627532959,-2.183859348297119,-2.201629638671875
Bingham,51564,51564,1.4047215,0.9424530336453465,0.9404759150813131,3.4392486807054565,3.1884623584035183,0.18080941337612028,0.3421671389978107,1.0,1.0,9.999998905486533,9.995411904212734,1.0,1.0,0.020689898271702194,0.03976987477883703,1.4,0.004721498490000142,0.29795116,0.4147658,2.8615195751190186,3.706353187561035,-0.9254642724990845,-1.1396763324737549,4.586784839630127,4.352061748504639,1.817116379737854,-0.1313420534133911,2.442012310028076,5.644031047821045,-2.184962034225464,-2.2172892093658447
HerschelBulkley,51564,51564,1.4047215,-4.05740123780979,-4.05842009481277,3.439210244589471,3.1897655463311207,0.18098868313222222,0.34116394442874776,1.0,1.0,10.0,10.0,1.0,1.0,0.020790692780843875,0.040236452768968506,1.4,0.004721498490000142,0.29838085,0.41380617,-2.134561777114868,-1.4671186208724976,-5.927035808563232,-6.141510486602783,4.5865864753723145,4.350561618804932,1.816396951675415,-0.06915558129549026,2.4410879611968994,5.684295654296875,-2.1825811862945557,-2.2013509273529053
Bingham,51564,51564,1.4447215,0.9424401569508293,0.9399066434707809,3.4307245147597216,3.1776544482191285,0.18847489508051604,0.3532848814028268,1.0,1.0,9.9999474829028,9.995574661979996,1.0,1.0,0.023001744184274926,0.03908507603502746,1.44,0.004721460340000094,0.29351905,0.40066016,2.8621578216552734,3.7662503719329834,-0.9267946481704712,-1.1516492366790771,4.5706400871276855,4.351332664489746,1.8113175630569458,-0.25962644815444946,2.4446024894714355,5.890971660614014,-2.1838927268981934,-2.216554641723633
HerschelBulkley,51564,51564,1.4447215,-4.057422423291526,-4.058823918199976,3.4306719974105273,3.178972952524627,0.1886627670302533,0.3522153295632129,1.0,1.0,10.0,10.0,1.0,1.0,0.022874919430766902,0.038947906045720744,1.44,0.004721460340000094,0.2939923,0.39937398,-2.1339361667633057,-1.3958773612976074,-5.9283623695373535,-6.150503158569336,4.570428848266602,4.34997034072876,1.811253309249878,-0.2325849086046219,2.4436659812927246,5.920656681060791,-2.18142032623291,-2.201073408126831
Bingham,51564,51564,1.4847214,0.9424300824010376,0.9393443898527335,3.42233835051034,3.1672156543379204,0.19599685244424583,0.36403797802188825,1.0,1.0,10.0,9.997185002041144,1.0,1.0,0.020973649662285206,0.03773529484407333,1.48,0.004721422200000047,0.2871659,0.38758445,2.862795829772949,3.8261475563049316,-0.9281449317932129,-1.1612281799316406,4.554703712463379,4.350616455078125,1.80728280544281,-0.3695564270019531,2.447157621383667,6.14977502822876,-2.1828887462615967,-2.2158429622650146
HerschelBulkley,51564,51564,1.4847214,-4.057441857753312,-4.0592244995032445,3.4222739924564083,3.1685525960070833,0.1961945157350211,0.36287644019499027,1.0,1.0,10.0,10.0,1.0,1.0,0.021227129246772884,0.03821014030713462,1.48,0.004721422200000047,0.2875788,0.38595244,-2.1333134174346924,-1.3295329809188843,-5.929706573486328,-6.157730579376221,4.554475784301758,4.349384784698486,1.8065963983535767,-0.3755943775177002,2.4462227821350098,6.157017707824707,-2.1803464889526367,-2.2007970809936523
Bingham,51564,51564,1.5247214,0.942416403732214,0.9387996326085619,3.4141526077644624,3.1571321824341694,0.20342470718229552,0.3744602581981164,1.0,1.0,10.0,9.996857514365503,1.0,1.0,0.0218761449206272,0.03663584404995508,1.52,0.004721384049999999,0.28362152,0.3753681,2.8634331226348877,3.886044979095459,-0.9295863509178162,-1.1742523908615112,4.538918495178223,4.349912166595459,1.8012421131134033,-0.5003366470336914,2.4497156143188477,6.408578395843506,-2.1819381713867188,-2.2151541709899902
HerschelBulkley,51564,51564,1.5247214,-4.057461877784148,-4.059625340702369,3.4140739577965653,3.1584906372439034,0.20363129808909242,0.3731951012981796,1.0,1.0,10.0,10.0,1.0,1.0,0.021815088531698897,0.036558576751485564,1.52,0.004721384049999999,0.2842747,0.37367302,-2.1326770782470703,-1.266119360923767,-5.931113243103027,-6.164221286773682,4.538674354553223,4.348804473876953,1.8005871772766113,-0.5552854537963867,2.448786973953247,6.393379211425781,-2.17933988571167,-2.200521945953369
Bingham,51564,51564,1.5647213,0.9423969735162566,0.9382845966046872,3.406070875458939,3.147398693528156,0.21071895278029817,0.38458451741949534,1.0,1.0,9.999874161800989,9.996851153029619,1.0,1.0,0.020624000920903086,0.03533718433601258,1.56,0.004721345899999951,0.27757892,0.36334637,2.864063262939453,3.9380877017974854,-0.9310927987098694,-1.1891322135925293,4.523308277130127,4.349220275878906,1.7955396175384521,-0.6580694317817688,2.4522745609283447,6.66738224029541,-2.1810574531555176,-2.2144858837127686
HerschelBulkley,51564,51564,1.5647213,-4.0574878272171695,-4.060023781527986,3.405983877525551,3.1487598358223803,0.21093710042004796,0.38320286729148306,1.0,1.0,10.0,10.0,1.0,1.0,0.02066907279614518,0.035370845480991626,1.56,0.004721345899999951,0.2779671,0.3621269,-2.1320347785949707,-1.20270574092865,-5.932619094848633,-6.170237064361572,4.523052215576172,4.348229885101318,1.795014500617981,-0.6990075707435608,2.4513485431671143,6.64963436126709,-2.1783792972564697,-2.2002477645874023
Bingham,51564,51564,1.6047213,0.9423729794853701,0.9378035505571206,3.398142759988236,3.138001230813609,0.21791868472152204,0.39443750608417,1.0,1.0,10.0,9.998611163833163,1.0,1.0,0.018834231686733358,0.0335184895094687,1.6,0.0047213077499999034,0.27479675,0.35232306,2.864691972732544,3.9901304244995117,-0.9326720833778381,-1.1912750005722046,4.507843971252441,4.348539352416992,1.7897471189498901,-0.8314981460571289,2.4548275470733643,6.926185607910156,-2.1802518367767334,-2.213837146759033
HerschelBulkley,51564,51564,1.6047213,-4.05751816572243,-4.060409377016299,3.3980423049688726,3.1393393974948247,0.21814531125397882,0.39292766222647757,1.0,1.0,10.0,10.0,1.0,1.0,0.01924694858296378,0.034382031457014746,1.6,0.0047213077499999034,0.27516785,0.35138777,-2.1313936710357666,-1.1406019926071167,-5.9341888427734375,-6.175681114196777,4.507569313049316,4.347659587860107,1.7890762090682983,-0.8239823579788208,2.4538991451263428,6.919152736663818,-2.1774542331695557,-2.199974298477173
Bingham,51564,51564,1.6447213,0.9423459216877106,0.9373529025730157,3.3903371340091413,3.1289058688748037,0.22501402382340646,0.4040449493776455,1.0,1.0,9.999985880926095,9.998420097239586,1.0,1.0,0.02001402076280694,0.032592307583001044,1.64,0.004721269610000078,0.2698173,0.3424717,2.8653125762939453,4.042172908782959,-0.9342337846755981,-1.1917823553085327,4.492551326751709,4.347870349884033,1.7840075492858887,-0.980221688747406,2.457361936569214,7.184988975524902,-2.1794605255126953,-2.2132067680358887
HerschelBulkley,51564,51564,1.6447213,-4.057550536505182,-4.060774086421663,3.390225230870703,3.1302162559212205,0.22524933353549503,0.4024011185390188,1.0,1.0,10.0,10.0,1.0,1.0,0.02026861593494875,0.03322376109193192,1.64,0.004721269610000078,0.27011427,0.34144834,-2.1307528018951416,-1.0815547704696655,-5.935753345489502,-6.202056407928467,4.492260932922363,4.347092628479004,1.7834961414337158,-0.9646530747413635,2.4564242362976074,7.188671112060547,-2.176572561264038,-2.1997013092041016
Bingham,51564,51564,1.6847212,0.9423176536529793,0.9369325812567849,3.3826628819705626,3.1200792243590305,0.23201688896386877,0.41342673093196547,1.0,1.0,10.0,9.998840966445501,1.0,1.0,0.020861305390955015,0.031762484607328674,1.68,0.0047212314600000305,0.26765075,0.33343682,2.8659236431121826,4.0942158699035645,-0.935805082321167,-1.1918420791625977,4.477355003356934,4.347212314605713,1.780150055885315,-1.1546454429626465,2.459855318069458,7.443792819976807,-2.1786844730377197,-2.2125918865203857
HerschelBulkley,51564,51564,1.6847212,-4.057583728131418,-4.061115076489005,3.3825436111644502,3.1213636674106495,0.23225961220597552,0.4116464585523355,1.0,1.0,10.0,10.0,1.0,1.0,0.020513551332212235,0.03240074627711507,1.68,0.0047212314600000305,0.26805955,0.33225676,-2.130117416381836,-1.022507667541504,-5.9373345375061035,-6.2387776374816895,4.477054119110107,4.34652853012085,1.7803586721420288,-1.121019721031189,2.45890736579895,7.458189487457275,-2.175788402557373,-2.1994287967681885
Bingham,51564,51564,1.7247212,0.9422905254445451,0.9365438919366269,3.3750910963711416,3.1115024642767137,0.23891143466436146,0.4226081878530371,1.0,1.0,10.0,9.998880140434252,1.0,1.0,0.018876088537192793,0.030964902982408553,1.72,0.0047211933099999825,0.26312736,0.32544222,2.866528034210205,4.146258354187012,-0.9373587369918823,-1.1916261911392212,4.462343692779541,4.346564769744873,1.776450514793396,-1.3270153999328613,2.4623022079467773,7.714740753173828,-2.177913188934326,-2.21199107170105
HerschelBulkley,51564,51564,1.7247212,-4.057615511121099,-4.061432046972238,3.3749690563164028,3.112769585534755,0.2391600616517253,0.4206887134218441,1.0,1.0,10.0,9.99997558681416,1.0,1.0,0.019516604218730124,0.031683580262826944,1.72,0.0047211933099999825,0.26343888,0.32378885,-2.129486083984375,-0.963460385799408,-5.9388933181762695,-6.276359558105469,4.462035179138184,4.3459672927856445,1.7761260271072388,-1.2930822372436523,2.4613442420959473,7.727707862854004,-2.175015687942505,-2.1991562843322754
Bingham,51564,51564,1.7647212,0.9422658780640565,0.9361890683044563,3.367677376593216,3.1031478829973387,0.24572911434359998,0.43161144102191795,1.0,1.0,10.0,9.998925476667537,1.0,1.0,0.020077497406248458,0.03014245361400815,1.76,0.0047211551699999355,0.26007757,0.31810513,2.8671352863311768,4.198301315307617,-0.9388869404792786,-1.1924983263015747,4.447476387023926,4.345926761627197,1.771804928779602,-1.4686236381530762,2.464712381362915,8.008243560791016,-2.1771507263183594,-2.2114031314849854
HerschelBulkley,51564,51564,1.7647212,-4.057643811855867,-4.061725962628785,3.3675530683669708,3.1044246741857098,0.24597899032804407,0.4295497636443472,1.0,1.0,10.0,10.0,1.0,1.0,0.02018324029047866,0.02984750356629564,1.76,0.0047211551699999355,0.26012293,0.31581515,-2.128854274749756,-0.9047011733055115,-5.940429210662842,-6.308073997497559,4.447164058685303,4.345407962799072,1.7715601921081543,-1.480840802192688,2.463742256164551,7.997226238250732,-2.174248456954956,-2.198883533477783
Bingham,51564,51564,1.8047211,0.9422432583704707,0.9358652686259346,3.36037856538998,3.095013674369544,0.2524432570209501,0.44045178698140997,1.0,1.0,10.0,9.998825351646879,1.0,1.0,0.020092242886179872,0.029653254434108798,1.8,0.0047211170199998875,0.25574026,0.3111301,2.8677453994750977,4.2503437995910645,-0.9404056668281555,-1.1936920881271362,4.432778358459473,4.345298767089844,1.76725435256958,-1.6628161668777466,2.467078924179077,8.301746368408203,-2.1763932704925537,-2.210827112197876
HerschelBulkley,51564,51564,1.8047211,-4.057670064976195,-4.061994515927544,3.360255599352509,3.0963064376457075,0.2526946990208748,0.4382494660977587,1.0,1.0,10.0,10.0,1.0,1.0,0.01986745049259049,0.028767696015854532,1.8,0.0047211170199998875,0.25568834,0.3087526,-2.1282236576080322,-0.851017951965332,-5.941953659057617,-6.338665962219238,4.432467460632324,4.344850063323975,1.7669471502304077,-1.6842952966690063,2.4661014080047607,8.266744613647461,-2.173487901687622,-2.198610544204712
Bingham,51564,51564,1.8447211,0.942221288318489,0.9355687991764208,3.3532134641382934,3.0870763416784115,0.25906510809263694,0.44913649467210176,1.0,1.0,10.0,9.999071330356871,1.0,1.0,0.018614799687388953,0.02895246678913313,1.84,0.00472107886999984,0.2505436,0.30484515,2.868359327316284,4.30238676071167,-0.9419156908988953,-1.1947616338729858,4.4182820320129395,4.344679355621338,1.7626597881317139,-1.8727047443389893,2.469416618347168,8.59524917602539,-2.175637722015381,-2.2102625370025635
HerschelBulkley,51564,51564,1.8447211,-4.057696462717893,-4.06223297348825,3.3530876010866737,3.088384604228252,0.2593160661603901,0.44679828152215556,1.0,1.0,10.0,10.0,1.0,1.0,0.018882508021037463,0.028060498187291075,1.84,0.00472107886999984,0.25059265,0.30229452,-2.127593755722046,-0.7973347306251526,-5.94346284866333,-6.36925745010376,4.417975425720215,4.344293594360352,1.7623728513717651,-1.9034457206726074,2.4684314727783203,8.536262512207031,-2.172729253768921,-2.1983370780944824
Bingham,51564,51564,1.884721,0.9421994385051403,0.935296176038581,3.3461457670553356,3.0793119389091492,0.2655844723903631,0.4576763006341075,1.0,1.0,9.999975140789612,9.999207530461108,1.0,1.0,0.020636019846980564,0.028363015118799,1.88,0.0047210407300000146,0.24712293,0.29914293,2.8689746856689453,4.354429244995117,-0.9434127807617188,-1.1957074403762817,4.403918743133545,4.34406852722168,1.7582366466522217,-2.0982892513275146,2.4717166423797607,8.888751983642578,-2.1748926639556885,-2.2097086906433105
HerschelBulkley,51564,51564,1.884721,-4.057722802732185,-4.06244358613182,3.346020964336177,3.0806539305920704,0.2658370521234985,0.45521116297625974,1.0,1.0,10.0,10.0,1.0,1.0,0.020532143102873754,0.027738306825446143,1.88,0.0047210407300000146,0.24711785,0.29620308,-2.126964569091797,-0.7436515092849731,-5.944957256317139,-6.3998494148254395,4.403613090515137,4.343738555908203,1.7588015794754028,-2.138292074203491,2.47072696685791,8.805781364440918,-2.1719768047332764,-2.1980628967285156
Bingham,51564,51564,1.924721,0.9421786361560266,0.9350431075623998,3.33919151002613,3.071710645140692,0.27201344551339257,0.4660817788683832,1.0,1.0,10.0,9.999403478074468,1.0,1.0,0.020660924594922497,0.027682107074120246,1.92,0.004721002579999967,0.2448703,0.2937385,2.8695852756500244,4.406472206115723,-0.9449072480201721,-1.1964927911758423,4.389687538146973,4.343465805053711,1.7565549612045288,-2.339569568634033,2.4739885330200195,9.18225383758545,-2.1741461753845215,-2.20916485786438
HerschelBulkley,51564,51564,1.924721,-4.057748378164671,-4.062630325165095,3.3390609564805973,3.073106690410833,0.27226489804361276,0.46349680634887097,1.0,1.0,10.0,10.0,1.0,1.0,0.020931078773093758,0.027235539575495724,1.92,0.004721002579999967,0.24490932,0.29041085,-2.126338243484497,-0.7212105989456177,-5.9464497566223145,-6.430440902709961,4.389379501342773,4.343183517456055,1.7570619583129883,-2.3888344764709473,2.4729959964752197,9.096312522888184,-2.1712281703948975,-2.1977877616882324
Bingham,51564,51564,1.964721,0.9421590248790788,0.9348064387402683,3.332338616780208,3.064269611667971,0.2783467350126256,0.4743634402637817,1.0,1.0,10.0,9.999510464144127,1.0,1.0,0.020029593146807186,0.027217461675351825,1.96,0.004720964430000141,0.24064526,0.288597,2.870197296142578,4.45851469039917,-0.9463810324668884,-1.197165846824646,4.375617504119873,4.342871189117432,1.754865288734436,-2.596545934677124,2.4762275218963623,9.475756645202637,-2.1734068393707275,-2.2086308002471924
HerschelBulkley,51564,51564,1.964721,-4.05777258354572,-4.062793008307491,3.332206392991479,3.0657336763746748,0.27859952442614583,0.47165598838624306,1.0,1.0,10.0,10.0,1.0,1.0,0.019729079701681744,0.02682544981730382,1.96,0.004720964430000141,0.24067114,0.2848141,-2.1257107257843018,-0.7221142053604126,-5.9479169845581055,-6.451027870178223,4.375311374664307,4.342629432678223,1.7553837299346924,-2.6550726890563965,2.475231647491455,9.389336585998535,-2.1704859733581543,-2.1975114345550537
Bingham,51564,51564,2.0047209,0.9421402103075693,0.9345835419949259,3.325583004565857,3.0569692345396913,0.2845827757562338,0.4825238148161115,1.0,1.0,9.999915150848503,9.999528803301786,1.0,1.0,0.021299121413775202,0.02627134754705998,2.0,0.004720926280000093,0.23682757,0.28381604,2.8708150386810303,4.510557651519775,-0.947808563709259,-1.1977235078811646,4.361722946166992,4.342284202575684,1.7532249689102173,-2.869218349456787,2.478442907333374,9.769259452819824,-2.17266845703125,-2.2081058025360107
HerschelBulkley,51564,51564,2.0047209,-4.057795602992696,-4.06292954629391,3.3254489165102017,3.0585165768950993,0.2848344866123788,0.47969276424222673,1.0,1.0,10.0,10.0,1.0,1.0,0.020872922774514885,0.026015807010599065,2.0,0.004720926280000093,0.2368097,0.27965844,-2.1250758171081543,-0.7230178117752075,-5.949339389801025,-6.469849109649658,4.361414909362793,4.342075824737549,1.7537496089935303,-2.937006950378418,2.477440118789673,9.682360649108887,-2.169745445251465,-2.1972339153289795
Bingham,51564,51564,2.0447218,0.9421213778039341,0.9343673181904686,3.3189553390896798,3.0498036231830303,0.2907400461062089,0.49057061444009026,1.0,1.0,9.999920417030532,9.999672072213576,1.0,1.0,0.021104481848111162,0.025532117361963497,2.04,0.004721841809999905,0.23453568,0.27919474,2.871432065963745,4.562600135803223,-0.9492312073707581,-1.1982004642486572,4.347977638244629,4.341704845428467,1.7516590356826782,-3.1575865745544434,2.480628252029419,10.062762260437012,-2.1719348430633545,-2.2075893878936768
HerschelBulkley,51564,51564,2.0447218,-4.0578177785560845,-4.063037661384014,3.3188227628146825,3.051441754678646,0.2909881423312397,0.48761447929175605,1.0,1.0,10.0,10.0,1.0,1.0,0.021119709426805872,0.025384397913266066,2.04,0.004721841809999905,0.23439877,0.2749235,-2.1244428157806396,-0.7239214181900024,-5.950752258300781,-6.488670825958252,4.347673416137695,4.341521739959717,1.7521764039993286,-3.2346372604370117,2.4796142578125,9.975383758544922,-2.16900897026062,-2.1969547271728516
Bingham,51564,51564,2.0847228,0.9421015640818131,0.9341578035404409,3.312441887905744,3.0427715498815346,0.2968090963642827,0.498508081659704,1.0,1.0,10.0,9.999663623223968,1.0,1.0,0.020159472971572053,0.02468896786000495,2.08,0.004722757339999717,0.23023354,0.2746577,2.8720486164093018,4.614643096923828,-0.9506304264068604,-1.198615550994873,4.335421085357666,4.341132164001465,1.7501338720321655,-3.461650848388672,2.482783794403076,10.3562650680542,-2.171203851699829,-2.2070813179016113
HerschelBulkley,51564,51564,2.0847228,-4.057841193212696,-4.0631207834642264,3.312315972874028,3.044500568218467,0.29705307852174234,0.4954339229593701,1.0,1.0,10.0,10.0,1.0,1.0,0.020480739359571117,0.024926626678452267,2.08,0.004722757339999717,0.23007013,0.27061805,-2.123810052871704,-0.7248250246047974,-5.952139854431152,-6.5074920654296875,4.335468292236328,4.340968132019043,1.7499890327453613,-3.5479633808135986,2.481752395629883,10.268407821655273,-2.168271064758301,-2.196673631668091
Bingham,51564,51564,2.1247237,0.9420798295436468,0.9339617119619429,3.306022772754046,3.0358710610289603,0.3027757532560368,0.5063423225078094,1.0,1.0,9.999951690812244,9.999843093572304,1.0,1.0,0.019661084489097504,0.023996687774706402,2.12,0.004723672869999973,0.22693582,0.2703803,2.8726677894592285,4.666685581207275,-0.9519943594932556,-1.198982834815979,4.333906173706055,4.340566635131836,1.7457011938095093,-3.7814111709594727,2.4849095344543457,10.649767875671387,-2.17047119140625,-2.206580877304077
HerschelBulkley,51564,51564,2.1247237,-4.057867409948806,-4.063184420122093,3.3059048815635794,3.037684544821908,0.3030152041821135,0.5031625134056172,1.0,1.0,10.0,10.0,1.0,1.0,0.019345077995702578,0.02416688246195277,2.12,0.004723672869999973,0.22664674,0.26661497,-2.1231751441955566,-0.7257286310195923,-5.953497886657715,-6.5433669090271,4.3319807052612305,4.340413570404053,1.7453656196594238,-3.876985549926758,2.483859062194824,10.561431884765625,-2.1675360202789307,-2.1963906288146973
Bingham,51564,51564,2.1647246,0.9420550012926492,0.9337804819447326,3.299711334468155,3.029093134585545,0.3086543061022389,0.514080187482633,1.0,1.0,10.0,9.999909343975453,1.0,1.0,0.019666944967100333,0.023840796193721824,2.16,0.004724588389999784,0.22353557,0.2664335,2.873290777206421,4.718728065490723,-0.9533367156982422,-1.1993167400360107,4.333425998687744,4.340007781982422,1.7413179874420166,-4.116867542266846,2.486999988555908,10.943270683288574,-2.169739246368408,-2.206088066101074
HerschelBulkley,51564,51564,2.1647246,-4.057896924993544,-4.063232371036968,3.299600194665424,3.030981037888469,0.3088868760982285,0.5108021593548994,1.0,1.0,10.0,10.0,1.0,1.0,0.019368973043946334,0.023562456168731063,2.16,0.004724588389999784,0.22309798,0.2628858,-2.1225361824035645,-0.7266322374343872,-5.954838275909424,-6.603924751281738,4.331491470336914,4.339859962463379,1.7410155534744263,-4.221704006195068,2.4859347343444824,10.854455947875977,-2.1668057441711426,-2.196105480194092
Bingham,51564,51564,2.2047255,0.9420258037707427,0.933612450604857,3.293495073961921,3.0224210368647806,0.31444237197245656,0.521726262103321,1.0,1.0,10.0,9.9998536500353,1.0,1.0,0.016799156949231484,0.023553244592463028,2.2,0.00472550392000004,0.21864235,0.26276365,2.8745150566101074,4.770771026611328,-0.9546549916267395,-1.1996066570281982,4.332942008972168,4.339455604553223,1.7365078926086426,-4.468019485473633,2.4890637397766113,11.236772537231445,-2.169009208679199,-2.2056024074554443
HerschelBulkley,51564,51564,2.2047255,-4.057930752504381,-4.063265720323525,3.293391752898226,3.024379980299567,0.3146681098219158,0.5183554313266138,1.0,1.0,10.0,10.0,1.0,1.0,0.017073002101561065,0.023112439273159497,2.2,0.00472550392000004,0.21833792,0.2593765,-2.1218926906585693,-0.7275358438491821,-5.956155776977539,-6.664482593536377,4.331006050109863,4.3393073081970215,1.7362382411956787,-4.582118034362793,2.4879813194274902,11.147480010986328,-2.1660730838775635,-2.1958184242248535
Bingham,51564,51564,2.2447264,0.9419888423062924,0.9334574564869355,3.287379962426902,3.015856701643194,0.32015237100432686,0.5292882962566872,1.0,1.0,10.0,9.99969620950079,1.0,1.0,0.015592743344356088,0.023125345764618607,2.24,0.004726419449999852,0.21664535,0.25917304,2.8757176399230957,4.822813510894775,-0.9559597969055176,-1.1998385190963745,4.332458972930908,4.33890962600708,1.7317795753479004,-4.834867477416992,2.491088390350342,11.530275344848633,-2.1682791709899902,-2.2051239013671875
HerschelBulkley,51564,51564,2.2447264,-4.057968646724862,-4.063287300635749,3.2872842271512366,3.0178810630655306,0.32036609230882146,0.5258268533584453,1.0,1.0,10.0,10.0,1.0,1.0,0.016268507170042495,0.022656200000030945,2.24,0.004726419449999852,0.21625054,0.2558728,-2.1212527751922607,-0.728439450263977,-5.957462787628174,-6.725040912628174,4.330521106719971,4.338754653930664,1.7315391302108765,-4.95822811126709,2.4899871349334717,11.440503120422363,-2.1653404235839844,-2.1955292224884033
Bingham,51564,51564,2.2847273,0.9419491050754178,0.9333179179463963,3.2813726391135543,3.0093880304731484,0.32578813712800053,0.5367701638802853,1.0,1.0,10.0,9.999412171142113,1.0,1.0,0.015868093911582695,0.02258780802247,2.28,0.0047273349800001085,0.21339181,0.25592875,2.876894474029541,4.874856472015381,-0.9572486281394958,-1.2123287916183472,4.331982135772705,4.338369846343994,1.7271223068237305,-5.217411994934082,2.4930813312530518,11.82377815246582,-2.167546272277832,-2.2046525478363037
HerschelBulkley,51564,51564,2.2847273,-4.058009821272241,-4.06329642006086,3.281285127605074,3.0114856405738935,0.3259930121110307,0.5332177630038104,1.0,1.0,10.0,10.0,1.0,1.0,0.016467065613013403,0.022131589407298088,2.28,0.0047273349800001085,0.21327774,0.25245076,-2.119882345199585,-0.729343056678772,-5.958745002746582,-6.785168170928955,4.3300323486328125,4.338202476501465,1.7269117832183838,-5.350034236907959,2.4919631481170654,11.733527183532715,-2.1646103858947754,-2.195237636566162
Bingham,51564,51564,2.3247283,0.9419069655977849,0.9331967543994607,3.2754666347424504,3.003009385419028,0.33134949260211677,0.5441791684854289,1.0,1.0,10.0,9.999778999931623,1.0,1.0,0.015883821658055793,0.022265322415223415,2.32,0.004728250500000364,0.2100462,0.25284824,2.878042221069336,4.926898956298828,-0.9585367441177368,-1.2345856428146362,4.331497669219971,4.337836265563965,1.7225302457809448,-5.615652084350586,2.4950404167175293,12.117280960083008,-2.1668169498443604,-2.204188585281372
HerschelBulkley,51564,51564,2.3247283,-4.058054974766035,-4.063296148351347,3.2753871593466277,3.005187453757577,0.3315471443796935,0.5405280725285541,1.0,1.0,10.0,10.0,1.0,1.0,0.016448825270778452,0.021346433468858426,2.32,0.004728250500000364,0.20980187,0.24916646,-2.1182453632354736,-0.7302466630935669,-5.960037708282471,-6.83711576461792,4.329542636871338,4.337649345397949,1.722349762916565,-5.757535934448242,2.493903398513794,12.026551246643066,-2.1638810634613037,-2.1949429512023926
Bingham,51564,51564,2.3647292,0.941861643048233,0.9330925001415952,3.269654852379821,2.996715405641063,0.33683574513341347,0.551517214241781,1.0,1.0,10.0,9.999636865921678,1.0,1.0,0.01725635274188868,0.021756055345988845,2.36,0.004729166030000176,0.20782557,0.24997053,2.879535436630249,4.978941917419434,-0.9598367810249329,-1.2568423748016357,4.331009387969971,4.33730936050415,1.7180092334747314,-6.029587745666504,2.496958017349243,12.410783767700195,-2.166090250015259,-2.2037317752838135
HerschelBulkley,51564,51564,2.3647292,-4.058103299632896,-4.063288323522844,3.2695791238556082,2.998982858361462,0.33702889045956574,0.5477606034080162,1.0,1.0,10.0,10.0,1.0,1.0,0.017220116249219163,0.021016213393670224,2.36,0.004729166030000176,0.20797712,0.24608481,-2.1165547370910645,-0.7311502695083618,-5.961326599121094,-6.889063835144043,4.329057216644287,4.337095260620117,1.7178622484207153,-6.180734157562256,2.495805263519287,12.319575309753418,-2.1631503105163574,-2.1946449279785156
Bingham,51564,51564,2.4047301,0.9418133898193902,0.933001565110118,3.2639231929887433,2.990499933244848,0.3422415465741021,0.5587839166093056,1.0,1.0,10.0,9.99987524593878,1.0,1.0,0.015992286200084305,0.021373036065124692,2.4,0.004730081559999988,0.20434397,0.24718137,2.88167405128479,5.030984401702881,-0.961107075214386,-1.2790992259979248,4.330524444580078,4.336787700653076,1.713575839996338,-6.459219932556152,2.4988486766815186,12.704286575317383,-2.1653621196746826,-2.203281879425049
HerschelBulkley,51564,51564,2.4047301,-4.058154332222575,-4.063273802585741,3.263850213666928,2.992864027123249,0.3424331067868144,0.5549184509262346,1.0,1.0,10.0,10.0,1.0,1.0,0.016382953591898744,0.020564424209136747,2.4,0.004730081559999988,0.20426144,0.2431881,-2.1148202419281006,-0.7320538759231567,-5.962588787078857,-6.941011428833008,4.32857084274292,4.336540222167969,1.713464379310608,-6.619627952575684,2.497680425643921,12.612598419189453,-2.1624197959899902,-2.194343090057373
Bingham,51564,51564,2.444731,0.9417630006796482,0.9329247702392658,3.2583157967331893,2.984357772573498,0.3475987450732877,0.5659804612607482,1.0,1.0,9.999939829686754,9.99957472164094,1.0,1.0,0.01675500720761089,0.021086290151319128,2.44,0.004730997090000244,0.20157431,0.24453686,2.8841404914855957,5.083027362823486,-0.9623515605926514,-1.3013560771942139,4.330044746398926,4.336272716522217,1.710121989250183,-6.904547691345215,2.5007033348083496,12.99778938293457,-2.1646320819854736,-2.202838659286499
HerschelBulkley,51564,51564,2.444731,-4.058206904189709,-4.063252207946855,3.258241705006342,2.9868207921775176,0.347789578281143,0.5620037171782674,1.0,1.0,10.0,10.0,1.0,1.0,0.016910296208793123,0.020245184748117043,2.44,0.004730997090000244,0.20160381,0.24050792,-2.1123905181884766,-0.7329574823379517,-5.963828086853027,-6.992959022521973,4.328080654144287,4.335983753204346,1.7106093168258667,-7.074217796325684,2.4995193481445312,12.905622482299805,-2.1616923809051514,-2.1940367221832275
Bingham,51564,51564,2.4847319,0.9417119417543475,0.9328609455041061,3.252761494700935,2.9782888368792375,0.35286822959816416,0.5731090063956412,1.0,1.0,10.0,9.99974527743519,1.0,1.0,0.01324761377673652,0.02069480293093734,2.48,0.004731912610000055,0.19793922,0.24190421,2.8865835666656494,5.135069847106934,-0.9635885953903198,-1.3236128091812134,4.329559326171875,4.335763454437256,1.7083345651626587,-7.36557149887085,2.50252628326416,13.291291236877441,-2.163905382156372,-2.202402114868164
HerschelBulkley,51564,51564,2.4847319,-4.058260190168794,-4.063223366336118,3.252682819131384,2.9808464723687016,0.3530589581795712,0.5690262067037022,1.0,1.0,10.0,10.0,1.0,1.0,0.01381732790235374,0.019994495963445724,2.48,0.004731912610000055,0.19799149,0.23812586,-2.1099469661712646,-0.7117339372634888,-5.9650559425354,-7.044907093048096,4.327592849731445,4.335424900054932,1.708850383758545,-7.544503688812256,2.5013277530670166,13.198646545410156,-2.1609647274017334,-2.1937255859375
Bingham,51564,51564,2.5247328,0.9416610655655225,0.9328072558248408,3.247274307415471,2.972293846315109,0.3580660017486595,0.5801720939865583,1.0,1.0,10.0,9.999816154473766,1.0,1.0,0.015238704849790433,0.02035638912623277,2.52,0.004732828139999867,0.1973734,0.23941033,2.88895845413208,5.187112808227539,-0.9648148417472839,-1.3458696603775024,4.329071044921875,4.335259437561035,1.7066309452056885,-7.842291355133057,2.504314422607422,13.587841987609863,-2.1631808280944824,-2.2019717693328857
HerschelBulkley,51564,51564,2.5247328,-4.058312823617812,-4.063189986139853,3.247196506500503,2.97493646084396,0.3582579079408003,0.5759914667517566,1.0,1.0,10.0,10.0,1.0,1.0,0.015550055481679268,0.01988719726424619,2.52,0.004732828139999867,0.19730967,0.23593006,-2.1075706481933594,-0.6885050535202026,-5.966268062591553,-7.0968546867370605,4.327108860015869,4.334864139556885,1.7071738243103027,-8.030485153198242,2.5030996799468994,13.491670608520508,-2.1602351665496826,-2.193408966064453
Bingham,51564,51564,2.5647337,0.9416112647888012,0.9327604504084605,3.2419027846609128,2.966364606588122,0.36322096064500153,0.5871694322390026,1.0,1.0,10.0,9.999743523853688,1.0,1.0,0.012381559626665387,0.01988738799481373,2.56,0.004733743670000123,0.1948976,0.23693392,2.8912625312805176,5.239155292510986,-0.9660137891769409,-1.3681265115737915,4.328586578369141,4.334761142730713,1.70500648021698,-8.334707260131836,2.5060856342315674,13.891107559204102,-2.162454605102539,-2.201547145843506
HerschelBulkley,51564,51564,2.5647337,-4.058364230494699,-4.063154415610448,3.2418216301466236,2.9690843290874938,0.3634132348293177,0.5829016922136669,1.0,1.0,10.0,10.0,1.0,1.0,0.012941898634038367,0.019680828192185015,2.56,0.004733743670000123,0.19481653,0.23392248,-2.105282783508301,-0.6652761697769165,-5.967456817626953,-7.148802280426025,4.326616287231445,4.334300518035889,1.705568790435791,-8.5321626663208,2.5048580169677734,13.784693717956543,-2.159510374069214,-2.1930861473083496
Bingham,51564,51564,2.6047347,0.9415620000576742,0.9327227891027736,3.236602720250892,2.960498714968305,0.36831356549270927,0.5941013296604327,1.0,1.0,10.0,9.999669730547707,1.0,1.0,0.017971013147305762,0.01963765120590126,2.6,0.004734659189999935,0.19065833,0.23471369,2.8935720920562744,5.291198253631592,-0.9672167301177979,-1.390383243560791,4.328099727630615,4.334268569946289,1.703438639640808,-8.842819213867188,2.507826566696167,14.19437313079834,-2.1617300510406494,-2.2011287212371826
HerschelBulkley,51564,51564,2.6047347,-4.058414690036417,-4.063117159104414,3.236520887288155,2.9632821855990366,0.368505895349761,0.5897576941337649,1.0,1.0,10.0,10.0,1.0,1.0,0.01815970614158878,0.01929076048450344,2.6,0.004734659189999935,0.19064827,0.23207399,-2.102994680404663,-0.6420472264289856,-5.968646049499512,-7.200750350952148,4.326127529144287,4.333733558654785,1.7040094137191772,-9.04953670501709,2.506587266921997,14.077717781066895,-2.1587841510772705,-2.192756414413452
Bingham,51564,51564,2.6447356,0.9415131337842295,0.932692909506889,3.2313996992953835,2.9546830346037245,0.37335848995714555,0.6009732683714603,1.0,1.0,10.0,9.999704517272102,1.0,1.0,0.01673967154012468,0.019487047024153673,2.64,0.004735574719999747,0.18812579,0.23276192,2.895822286605835,5.343240737915039,-0.9684047698974609,-1.41264009475708,4.327617645263672,4.333780765533447,1.701916217803955,-9.366626739501953,2.509536027908325,14.497639656066895,-2.161004066467285,-2.2007157802581787
HerschelBulkley,51564,51564,2.6447356,-4.058464837225938,-4.063076662353535,3.2313221828075296,2.9575264916205684,0.3735525099182985,0.5965613714808348,1.0,1.0,10.0,10.0,1.0,1.0,0.016835615648569315,0.019123771156017412,2.64,0.004735574719999747,0.18809244,0.23030305,-2.100745677947998,-0.6188183426856995,-5.969820022583008,-7.252697944641113,4.325639247894287,4.333162784576416,1.7024388313293457,-9.582606315612793,2.508288860321045,14.370741844177246,-2.1580581665039062,-2.1924188137054443
Bingham,51564,51564,2.6847365,0.9414659005883714,0.9326675396803159,3.2261954154482586,2.9489200172058894,0.3783020234603174,0.6077888423768425,1.0,1.0,10.0,9.999923853995904,1.0,1.0,0.01654277281975896,0.01896653689923607,2.68,0.004736490250000003,0.18734099,0.23078257,2.897974967956543,5.3952836990356445,-0.9695762395858765,-1.4348969459533691,4.32713508605957,4.333298683166504,1.6983705759048462,-9.906129837036133,2.5112180709838867,14.800905227661133,-2.160278797149658,-2.2003085613250732
HerschelBulkley,51564,51564,2.6847365,-4.058513305035752,-4.063033556538912,3.2261161970977557,2.951822890921406,0.3784958857285793,0.6033171428244756,1.0,1.0,10.0,10.0,1.0,1.0,0.01663773708348444,0.019060235906047423,2.68,0.004736490250000003,0.18736812,0.22847103,-2.09859037399292,-0.6036269068717957,-5.970978260040283,-7.304645538330078,4.325146675109863,4.332587718963623,1.698773741722107,-10.13137149810791,2.509965419769287,14.663765907287598,-2.157335042953491,-2.192072629928589
Bingham,51564,51564,2.7247374,0.941420140334474,0.9326475235320425,3.221161301146559,2.943205760107151,0.383248152389949,0.6145485123707677,1.0,1.0,10.0,9.999943111063242,1.0,1.0,0.014125584538120477,0.018445054770379072,2.72,0.004737405779999815,0.1835604,0.228905,2.9001379013061523,5.447326183319092,-0.9707567095756531,-1.4571536779403687,4.326645374298096,4.332821846008301,1.6963024139404297,-10.461329460144043,2.5128886699676514,15.104170799255371,-2.159557342529297,-2.199906587600708
HerschelBulkley,51564,51564,2.7247374,-4.058560466985523,-4.062990703144711,3.221081595779732,2.946170267584055,0.3834434498589496,0.6100218136836462,1.0,1.0,10.0,10.0,1.0,1.0,0.013753190383052095,0.018560679630156916,2.72,0.004737405779999815,0.18355885,0.22660543,-2.096419095993042,-0.5894324779510498,-5.972135066986084,-7.356593608856201,4.324653625488281,4.33200740814209,1.6967265605926514,-10.695833206176758,2.511636734008789,14.95678997039795,-2.1566121578216553,-2.191716432571411
Bingham,51564,51564,2.7647383,0.9413756262557335,0.9326342537138761,3.216170272074588,2.937537515988066,0.3881275604246368,0.6212571318058022,1.0,1.0,10.0,9.999987751081356,1.0,1.0,0.016312241756635343,0.0183160455476301,2.76,0.00473832130000007,0.18152727,0.22720297,2.9023780822753906,5.499369144439697,-0.9719215035438538,-1.4794105291366577,4.326154708862305,4.33234977722168,1.6943527460098267,-11.032225608825684,2.514536142349243,15.407437324523926,-2.1588354110717773,-2.199510097503662
HerschelBulkley,51564,51564,2.7647383,-4.058605676477444,-4.0629510754560005,3.216089548564625,2.940564079955596,0.3883267852213447,0.6166740828916016,1.0,1.0,10.0,10.0,1.0,1.0,0.01648012171501293,0.018514226591672595,2.76,0.00473832130000007,0.18161882,0.22488555,-2.0942916870117188,-0.574823260307312,-5.973281383514404,-7.408541202545166,4.324165344238281,4.3314208984375,1.6948097944259644,-11.27599048614502,2.513289451599121,15.249813079833984,-2.1558873653411865,-2.1913485527038574
Bingham,51564,51564,2.8047392,0.9413329150153966,0.9326267569408725,3.2112252766000746,2.9319094876721112,0.3929455109785124,0.6279203093200085,1.0,1.0,10.0,9.999915617199017,1.0,1.0,0.012419322337430073,0.018127241973477357,2.8,0.004739236830000326,0.17944428,0.22570828,2.9048824310302734,5.5514116287231445,-0.9730889201164246,-1.5162065029144287,4.325667858123779,4.331882953643799,1.691359043121338,-11.618817329406738,2.516172409057617,15.710702896118164,-2.158112049102783,-2.1991188526153564
HerschelBulkley,51564,51564,2.8047392,-4.0586496534649745,-4.062912692270289,3.211140147088044,2.9349969894126824,0.3931499020190553,0.6232760317901107,1.0,1.0,10.0,10.0,1.0,1.0,0.012311157999126379,0.01805767143837265,2.8,0.004739236830000326,0.17963067,0.22335532,-2.092207431793213,-0.552334189414978,-5.974420547485352,-7.460488796234131,4.32367467880249,4.330827713012695,1.6912559270858765,-11.871844291687012,2.5149335861206055,15.542837142944336,-2.155163049697876,-2.190967321395874
Bingham,51564,51564,2.8447402,0.9412899963076382,0.9326235786074057,3.2063374829369975,2.9263177282517843,0.3977142636606002,0.6345408582360519,1.0,1.0,10.0,9.999998537492237,1.0,1.0,0.014359985442493341,0.01758683361961954,2.84,0.004740152360000138,0.17850943,0.2243243,2.9073805809020996,5.60345458984375,-0.9742547273635864,-1.555263876914978,4.325179576873779,4.3314208984375,1.686645269393921,-12.221104621887207,2.5178041458129883,16.01396942138672,-2.1573894023895264,-2.198732614517212
HerschelBulkley,51564,51564,2.8447402,-4.058693237614848,-4.06287411231897,3.206242368206672,2.929466728522585,0.39792462228231373,0.6298316220182006,1.0,1.0,10.0,10.0,1.0,1.0,0.014364664131696965,0.017866761547225694,2.84,0.004740152360000138,0.17891021,0.22184184,-2.0896880626678467,-0.529845118522644,-5.975554943084717,-7.512436866760254,4.323185920715332,4.330227375030518,1.6865125894546509,-12.483393669128418,2.516575336456299,15.835861206054688,-2.1544370651245117,-2.190570592880249
Bingham,51564,51564,2.8847411,0.9412478457223599,0.9326263975492962,3.201531224682743,2.9207563891984623,0.4024501293253138,0.641120486301491,1.0,1.0,10.0,9.999974288597164,1.0,1.0,0.016097817707845543,0.017413939589273928,2.88,0.00474106788999995,0.17684786,0.2231191,2.909888982772827,5.655497074127197,-0.9754299521446228,-1.5943212509155273,4.324695110321045,4.330964088439941,1.6819807291030884,-12.83908748626709,2.519472599029541,16.31723403930664,-2.1566648483276367,-2.1983518600463867
HerschelBulkley,51564,51564,2.8847411,-4.058736201161586,-4.062836038119372,3.201429718945988,2.9239732152365883,0.40266937175800593,0.6363405942123158,1.0,1.0,10.0,10.0,1.0,1.0,0.01589969483393519,0.01733232153166373,2.88,0.00474106788999995,0.1773331,0.22032458,-2.087116003036499,-0.5073560476303101,-5.976695537567139,-7.564384460449219,4.322687149047852,4.329617977142334,1.6818578243255615,-13.110638618469238,2.518218517303467,16.12888526916504,-2.153717517852783,-2.190155029296875
Bingham,51564,51564,2.924742,0.9412062875734833,0.9326325044311101,3.1968050029707626,2.9152225764009296,0.40715551706546965,0.6476602395581271,1.0,1.0,10.0,10.0,1.0,1.0,0.01236471319962118,0.01712331899877881,2.92,0.004741983410000206,0.17372735,0.22190659,2.9124138355255127,5.7075395584106445,-0.9766122102737427,-1.633378505706787,4.324200630187988,4.330512046813965,1.6793668270111084,-13.472766876220703,2.5211708545684814,16.620500564575195,-2.1559455394744873,-2.1979758739471436
HerschelBulkley,51564,51564,2.924742,-4.058778488486207,-4.062798689529803,3.196695502975453,2.918516099098967,0.4073846065595177,0.6428036728861393,1.0,1.0,10.0,10.0,1.0,1.0,0.012186802169642838,0.01725358827934983,2.92,0.004741983410000206,0.17407116,0.21893181,-2.0845558643341064,-0.4848669469356537,-5.977839469909668,-7.616332054138184,4.322199821472168,4.329018592834473,1.6797794103622437,-13.753580093383789,2.5198891162872314,16.42190933227539,-2.15299129486084,-2.1895079612731934
Bingham,51564,51564,2.9647429,0.941165597210131,0.9326413021795361,3.19209873895003,2.909714854215468,0.41179888421092375,0.654159057896652,1.0,1.0,10.0,9.999879102351436,1.0,1.0,0.014448092210309477,0.017060121740313655,2.96,0.004742898940000018,0.17354338,0.22073306,2.9148871898651123,5.75958251953125,-0.9777963161468506,-1.673356533050537,4.323716640472412,4.33006477355957,1.6773124933242798,-14.122142791748047,2.5228512287139893,16.92376708984375,-2.1552207469940186,-2.1976046562194824
HerschelBulkley,51564,51564,2.9647429,-4.0588195925215365,-4.062762037751868,3.1919785811994306,2.9130871112314423,0.4120370664652063,0.6492231766869706,1.0,1.0,10.0,10.0,1.0,1.0,0.014396138247618047,0.01701422718259586,2.96,0.004742898940000018,0.1738222,0.21771508,-2.082057476043701,-0.4623778462409973,-5.978989601135254,-7.668280124664307,4.321700572967529,4.328416347503662,1.6777348518371582,-14.41221809387207,2.521717071533203,16.714933395385742,-2.152271270751953,-2.188807487487793
Bingham,51564,51564,3.0047438,0.9411267000391409,0.9326527172784381,3.187469658903132,2.904225404100417,0.4164166390676742,0.6606175413289607,1.0,1.0,10.0,10.0,1.0,1.0,0.014086041148717037,0.01689488251088996,3.0,0.00474381446999983,0.17183623,0.21971883,2.917330026626587,5.811625003814697,-0.9789878129959106,-1.722425937652588,4.323222637176514,4.3296217918396,1.6753342151641846,-14.787215232849121,2.5246872901916504,17.227031707763672,-2.1545021533966064,-2.1972384452819824
HerschelBulkley,51564,51564,3.0047438,-4.058859504542574,-4.062724961137098,3.1873419288265246,2.907690428942583,0.4166635485657489,0.6556038237232248,1.0,1.0,10.0,10.0,1.0,1.0,0.014286005760384387,0.01678841572695571,3.0,0.00474381446999983,0.1721255,0.21649997,-2.0796072483062744,-0.4454287886619568,-5.980142593383789,-7.7202277183532715,4.321202754974365,4.3278069496154785,1.6757484674453735,-15.086552619934082,2.523576259613037,17.00795555114746,-2.1515514850616455,-2.188087224960327
Bingham,51564,51564,3.0447447,0.9410894343505735,0.9326675085871703,3.182882256818034,2.898756357493835,0.4209919579276628,0.6670383412718052,1.0,1.0,10.0,9.999985124130669,1.0,1.0,0.014591379002651327,0.016737480229907932,3.04,0.004744730000000086,0.16944632,0.21864451,2.9197282791137695,5.863667964935303,-0.9801704287528992,-1.7714954614639282,4.322730541229248,4.329183578491211,1.673263430595398,-15.467984199523926,2.5265798568725586,17.530298233032227,-2.1537816524505615,-2.1968770027160645
HerschelBulkley,51564,51564,3.0447447,-4.058897960011227,-4.062687298542921,3.182749329624216,2.9023216907603975,0.4212470605972609,0.6619431623774131,1.0,1.0,10.0,10.0,1.0,1.0,0.015198744039852347,0.016582565549028865,3.04,0.004744730000000086,0.16973603,0.2153019,-2.0772087574005127,-0.4290952682495117,-5.981301307678223,-7.772175312042236,4.320712089538574,4.327191352844238,1.673636794090271,-15.776583671569824,2.525494337081909,17.300979614257812,-2.150827646255493,-2.1873440742492676
Bingham,51564,51564,3.0847456,0.941053320113402,0.9326851718479215,3.178384578165114,2.893312867244641,0.42555474704916063,0.6734208393500991,1.0,1.0,10.0,9.999972122485492,1.0,1.0,0.01248714882759379,0.0161726781813997,3.08,0.004745645519999897,0.16725977,0.21753417,2.9220941066741943,5.91571044921875,-0.9813501834869385,-1.8209024667739868,4.322235584259033,4.328749656677246,1.6711679697036743,-16.16444969177246,2.528517007827759,17.83356475830078,-2.1530628204345703,-2.1965205669403076
HerschelBulkley,51564,51564,3.0847456,-4.058935386877842,-4.062649495689875,3.178243321694966,2.896974910283696,0.4258151936017446,0.6682418256688574,1.0,1.0,10.0,10.0,1.0,1.0,0.012544065234230944,0.016306988494326765,3.08,0.004745645519999897,0.1674462,0.21423693,-2.0748345851898193,-0.41276174783706665,-5.982458591461182,-7.824123382568359,4.320211887359619,4.326569557189941,1.6715527772903442,-16.482311248779297,2.5274455547332764,17.594003677368164,-2.1501095294952393,-2.186574935913086
Bingham,51564,51564,3.1247466,0.9410187260608651,0.9327046813225228,3.1738819265816876,2.887892267090451,0.43005272946499157,0.6797618846861319,1.0,1.0,10.0,9.999990145457872,1.0,1.0,0.014603828204417474,0.015948430768442358,3.12,0.004746561049999709,0.16652179,0.21646409,2.9244210720062256,5.9677534103393555,-0.9825179576873779,-1.8672924041748047,4.321750164031982,4.328320026397705,1.669144868850708,-16.876611709594727,2.5304601192474365,18.136829376220703,-2.152338981628418,-2.1961686611175537
HerschelBulkley,51564,51564,3.1247466,-4.0589715470012635,-4.0626111384040495,3.173734674268508,2.8916477808009895,0.43031779059218367,0.674504953469075,1.0,1.0,10.0,10.0,1.0,1.0,0.014964884936051387,0.01612506020269275,3.12,0.004746561049999709,0.16681863,0.21337096,-2.0725033283233643,-0.3966140151023865,-5.983608722686768,-7.876070976257324,4.3197221755981445,4.325941562652588,1.6695513725280762,-17.203737258911133,2.5294084548950195,17.887027740478516,-2.1493844985961914,-2.1857757568359375
Bingham,51564,51564,3.1647475,0.9409851016114384,0.932726719078647,3.1694810343079065,2.8824870655465102,0.43455146215281165,0.6860626459281405,1.0,1.0,10.0,10.0,1.0,1.0,0.011195170452851417,0.015727594137274103,3.16,0.004747476579999965,0.16447325,0.21559876,2.9267189502716064,6.019795894622803,-0.9836686253547668,-1.9116642475128174,4.321251392364502,4.327895164489746,1.6671690940856934,-17.60447120666504,2.532449245452881,18.440095901489258,-2.1516222953796387,-2.1958212852478027
HerschelBulkley,51564,51564,3.1647475,-4.059006350810381,-4.062573705821334,3.169331494271732,2.8863383880327658,0.43482205825355674,0.6807361296367735,1.0,1.0,10.0,10.0,1.0,1.0,0.011183828472069975,0.01627975513221199,3.16,0.004747476579999965,0.16463137,0.21250162,-2.0702013969421387,-0.3808056712150574,-5.9847412109375,-7.928018569946289,4.3192219734191895,4.325309753417969,1.6674277782440186,-17.940858840942383,2.5314059257507324,18.180051803588867,-2.148665428161621,-2.184943437576294
Bingham,51564,51564,3.2047484,0.9409528820377169,0.9327503198158662,3.1650981721918,2.877095633770653,0.43900643552072033,0.6923289503119273,1.0,1.0,10.0,10.0,1.0,1.0,0.011487347725018554,0.015665861137199352,3.2,0.004748392109999777,0.16313584,0.2148075,2.9289772510528564,6.071838855743408,-0.9848002195358276,-1.95603609085083,4.320760726928711,4.3274736404418945,1.6649303436279297,-18.3480281829834,2.5344491004943848,18.74336051940918,-2.1509010791778564,-2.1954784393310547
HerschelBulkley,51564,51564,3.2047484,-4.059039745663905,-4.0625389994546675,3.1649417302466265,2.881049266993738,0.43928072979770605,0.6869335963190702,1.0,1.0,10.0,10.0,1.0,1.0,0.01158813220478758,0.01595109585928762,3.2,0.004748392109999777,0.16334328,0.21154973,-2.0679402351379395,-0.3649972975254059,-5.985862731933594,-7.979966640472412,4.318722724914551,4.324675559997559,1.6651891469955444,-18.693675994873047,2.533419370651245,18.47307586669922,-2.1479454040527344,-2.1840734481811523
Bingham,51564,51564,3.2447493,0.9409217176103902,0.932771896370345,3.160759875529048,2.8717176255019936,0.4434320576529829,0.6985601153300882,1.0,1.0,10.0,10.0,1.0,1.0,0.011365079619625166,0.01571276260087462,3.24,0.0047493076299995884,0.16181347,0.21398829,2.9312033653259277,6.1238813400268555,-0.9859117269515991,-2.0004079341888428,4.32026481628418,4.327056884765625,1.6627088785171509,-19.107280731201172,2.536471128463745,19.046627044677734,-2.1501822471618652,-2.1951398849487305
HerschelBulkley,51564,51564,3.2447493,-4.059072384877938,-4.062507914579361,3.160598764708262,2.875777936106418,0.44371225143867565,0.6930945197374601,1.0,1.0,10.0,10.0,1.0,1.0,0.011615278941687868,0.015854415275577866,3.24,0.0047493076299995884,0.16201884,0.2106329,-2.0657174587249756,-0.3491889536380768,-5.98696756362915,-8.031913757324219,4.31822395324707,4.324070930480957,1.6629676818847656,-19.462190628051758,2.5354537963867188,18.76609992980957,-2.147225856781006,-2.1831696033477783
Bingham,51564,51564,3.2847502,0.9408926969635234,0.9327904291529894,3.156467037092362,2.8663485866587903,0.44783013333691557,0.7047532964903831,1.0,1.0,10.0,9.999985626287433,1.0,1.0,0.011107054530509601,0.015643237637746693,3.28,0.004750223160000289,0.16057396,0.2132097,2.9333903789520264,6.175924301147461,-0.9870073199272156,-2.0447797775268555,4.319764614105225,4.326643466949463,1.6595122814178467,-19.88222885131836,2.5385191440582275,19.34989356994629,-2.149465799331665,-2.19480562210083
HerschelBulkley,51564,51564,3.2847502,-4.05910352753498,-4.062479434460783,3.156302911116222,2.8705233674831345,0.44811673276296615,0.6992205732905247,1.0,1.0,10.0,10.0,1.0,1.0,0.011448490801123389,0.015382713629143202,3.28,0.004750223160000289,0.16073062,0.20981428,-2.0635201930999756,-0.3333806097507477,-5.988049030303955,-8.0838623046875,4.317727565765381,4.32346248626709,1.6589336395263672,-20.246402740478516,2.5375046730041504,19.059123992919922,-2.1465048789978027,-2.182217597961426
Bingham,51564,51564,3.3247511,0.9408658889541788,0.9328063370316216,3.152219067324716,2.860988094557063,0.4522020301267155,0.7109091349316807,1.0,1.0,10.0,9.99983381732146,1.0,1.0,0.011233440904805575,0.015453820799356248,3.32,0.004751138690000101,0.1593034,0.21247797,2.9355428218841553,6.227966785430908,-0.9880813956260681,-2.089151382446289,4.319276332855225,4.326234340667725,1.654861330986023,-20.672874450683594,2.5405867099761963,19.65315818786621,-2.1487441062927246,-2.1944756507873535
HerschelBulkley,51564,51564,3.3247511,-4.059132943104554,-4.062451528322428,3.152050249176245,2.865283276514982,0.452493858370883,0.7053152617576711,1.0,1.0,10.0,10.0,1.0,1.0,0.011160938808803398,0.015267578285955794,3.32,0.004751138690000101,0.1594399,0.2091043,-2.061168909072876,-0.3175722360610962,-5.989112854003906,-8.135809898376465,4.317233085632324,4.322852611541748,1.6542836427688599,-21.04631233215332,2.539580821990967,19.352148056030273,-2.145782947540283,-2.181212902069092
Bingham,51564,51564,3.3647521,0.940840434051219,0.9328215749038906,3.148011787457792,2.8556362010366487,0.4565466378517584,0.7170329840486955,1.0,1.0,10.0,9.999915789211428,1.0,1.0,0.01129301014345363,0.015157650086639786,3.36,0.004752054209999912,0.1580685,0.21190505,2.937934398651123,6.280009746551514,-0.9891317486763,-2.133265256881714,4.318772792816162,4.325829029083252,1.6502457857131958,-21.479217529296875,2.5426816940307617,19.956424713134766,-2.148029088973999,-2.1941494941711426
HerschelBulkley,51564,51564,3.3647521,-4.059160937424008,-4.062423184386893,3.147838715372847,2.860056076968958,0.4568437952374243,0.7113807701119197,1.0,1.0,10.0,10.0,1.0,1.0,0.011258207403743122,0.015321996305415376,3.36,0.004752054209999912,0.15823641,0.20843957,-2.0585060119628906,-0.3017638921737671,-5.990153789520264,-8.18775749206543,4.316732406616211,4.3222432136535645,1.6496878862380981,-21.86191749572754,2.5416808128356934,19.645170211791992,-2.145063638687134,-2.180152177810669
Bingham,51564,51564,3.404753,0.9408167892014381,0.9328366888986458,3.143847606345039,2.8502935416829662,0.46086683461654826,0.7231276311123712,1.0,1.0,10.0,9.999792750595095,1.0,1.0,0.011128845151089676,0.015097901302790758,3.4,0.004752969740000168,0.156893,0.21130429,2.9405269622802734,6.332052230834961,-0.9901584386825562,-2.1636576652526855,4.318281650543213,4.325427055358887,1.6459568738937378,-22.301258087158203,2.5448062419891357,20.25969123840332,-2.147307872772217,-2.1938273906707764
HerschelBulkley,51564,51564,3.404753,-4.059186548884684,-4.062395382725432,3.1436696140934077,2.854838897874714,0.4611693724436772,0.7174177833388216,1.0,1.0,10.0,10.0,1.0,1.0,0.011064364861580616,0.014938101910776836,3.4,0.004752969740000168,0.15702567,0.20783827,-2.05572509765625,-0.2859555184841156,-5.991177082061768,-8.239705085754395,4.316235065460205,4.321637153625488,1.6461485624313354,-22.693218231201172,2.5438241958618164,19.938194274902344,-2.1443424224853516,-2.1790354251861572
Bingham,51564,51564,3.4447539,0.9407951939063828,0.9328527366052217,3.1397263125890205,2.8449608315065658,0.46516370099412746,0.7291885356203428,1.0,1.0,10.0,9.999908401675539,1.0,1.0,0.011013883316154568,0.014886692587698602,3.44,0.00475388526999998,0.15568604,0.21061516,2.943091630935669,6.384095191955566,-0.9911638498306274,-2.1935856342315674,4.317785263061523,4.325028896331787,1.643368124961853,-23.138994216918945,2.546976089477539,20.562955856323242,-2.146589517593384,-2.193509101867676
HerschelBulkley,51564,51564,3.4447539,-4.059209806620774,-4.062366449791187,3.1395442642900924,2.849631037655777,0.4654717944009676,0.7234255992828735,1.0,1.0,10.0,10.0,1.0,1.0,0.011104937838092296,0.014570151611450085,3.44,0.00475388526999998,0.15584491,0.20725387,-2.0529372692108154,-0.2701471745967865,-5.992170810699463,-8.29165267944336,4.315735816955566,4.321036338806152,1.643613338470459,-23.54021644592285,2.546003580093384,20.231218338012695,-2.143622875213623,-2.178083896636963
Bingham,51564,51564,3.4847548,0.94077516724491,0.932869078047757,3.1356449271851004,2.839634423417396,0.46943631223051835,0.7352142506310709,1.0,1.0,10.0,9.999877165059457,1.0,1.0,0.010979588956720994,0.014615374309282126,3.48,0.004754800800000236,0.15454952,0.2100321,2.9456284046173096,6.436137676239014,-0.9921446442604065,-2.223513603210449,4.31728458404541,4.324634075164795,1.6408679485321045,-23.9924259185791,2.5491697788238525,20.866222381591797,-2.1458733081817627,-2.193194627761841
HerschelBulkley,51564,51564,3.4847548,-4.059231426567706,-4.062336044541069,3.1354563251518037,2.844427797241701,0.46974972156936734,0.7294047506062993,1.0,1.0,10.0,10.0,1.0,1.0,0.011155853310463842,0.014692560419147353,3.48,0.004754800800000236,0.15473019,0.20680417,-2.0501797199249268,-0.2543388307094574,-5.993140697479248,-8.343600273132324,4.315241813659668,4.320440292358398,1.6411466598510742,-24.402912139892578,2.548203945159912,20.524242401123047,-2.142899751663208,-2.177621364593506
Bingham,51564,51564,3.5247557,0.9407565680170717,0.932886077597619,3.1315976324059966,2.8343125558726663,0.47368396586210143,0.7412082899044692,1.0,1.0,10.0,9.999873149432904,1.0,1.0,0.011043609848428755,0.014598932800952319,3.52,0.004755716320000047,0.15349482,0.20952821,2.9481401443481445,6.488180637359619,-0.993148684501648,-2.253441572189331,4.316789627075195,4.32424259185791,1.6384456157684326,-24.861557006835938,2.5513696670532227,21.16948890686035,-2.1451542377471924,-2.1928839683532715
HerschelBulkley,51564,51564,3.5247557,-4.059251563643921,-4.062304406282283,3.1314079827532146,2.8392295760966126,0.4740043966908813,0.7353584805600579,1.0,1.0,10.0,10.0,1.0,1.0,0.011029275671922642,0.014464595519238446,3.52,0.004755716320000047,0.15363611,0.206336,-2.047447681427002,-0.2385304719209671,-5.994166374206543,-8.395548820495605,4.314736843109131,4.319849967956543,1.6387503147125244,-25.28130340576172,2.5504143238067627,20.8172664642334,-2.1421823501586914,-2.1771695613861084
Bingham,51564,51564,3.5647566,0.9407389248454221,0.9329046320646408,3.1275899877846727,2.8289966841999385,0.47791112689617177,0.7471718680270222,1.0,1.0,10.0,9.99986962063079,1.0,1.0,0.011172100971285064,0.014611631251577432,3.56,0.0047566318499998594,0.15242447,0.20896,2.950622081756592,6.540223121643066,-0.9943423271179199,-2.283369779586792,4.316291809082031,4.323854446411133,1.636086106300354,-25.746383666992188,2.5535967350006104,21.472753524780273,-2.1444358825683594,-2.1925766468048096
HerschelBulkley,51564,51564,3.5647566,-4.059270879317177,-4.062273015589569,3.127398400673457,2.834035492528378,0.47823677956478744,0.7412848560118618,1.0,1.0,10.0,10.0,1.0,1.0,0.010981753442805685,0.014318571540319477,3.56,0.0047566318499998594,0.15252353,0.20587447,-2.044753313064575,-0.2227221131324768,-5.995355129241943,-8.44749641418457,4.314241409301758,4.319263935089111,1.6364295482635498,-26.175392150878906,2.552642345428467,21.11029052734375,-2.1414597034454346,-2.1767306327819824
Bingham,51564,51564,3.6047575,0.9407226707770638,0.9329246668574525,3.123616974442196,2.8236867731416715,0.48211604692503585,0.7531032391381778,1.0,1.0,10.0,9.999843074799916,1.0,1.0,0.01082060517205121,0.014425211178517547,3.6,0.004757547380000116,0.15135108,0.2083759,2.953261375427246,6.592266082763672,-0.9955111742019653,-2.3141798973083496,4.315800666809082,4.323469638824463,1.633799433708191,-26.64690589904785,2.555850028991699,21.776020050048828,-2.143714189529419,-2.1922731399536133
HerschelBulkley,51564,51564,3.6047575,-4.059289213277752,-4.062242475412043,3.1234260037265122,2.8288452234424053,0.4824459020344095,0.7471842321676497,1.0,1.0,10.0,10.0,1.0,1.0,0.010827503173112391,0.014238410543276134,3.6,0.004757547380000116,0.15141855,0.20540157,-2.0420894622802734,-0.2069137543439865,-5.996514797210693,-8.499444007873535,4.313745021820068,4.318682670593262,1.634172797203064,-27.08517837524414,2.5549063682556152,21.4033145904541,-2.140737295150757,-2.176305055618286
Bingham,51564,51564,3.6447585,0.9407077212610763,0.9329460107229042,3.1196849835352682,2.81838052719528,0.48630232029882803,0.7590025073216461,1.0,1.0,10.0,9.999965580150956,1.0,1.0,0.010692147150372575,0.01413724544948796,3.64,0.004758462909999928,0.15032001,0.20788151,2.9558913707733154,6.644308567047119,-0.9966588616371155,-2.347565174102783,4.3153076171875,4.3230881690979,1.6315643787384033,-27.563125610351562,2.558126449584961,22.079286575317383,-2.142993450164795,-2.1919729709625244
HerschelBulkley,51564,51564,3.6447585,-4.059307163601915,-4.062212073088175,3.1194899000967826,2.8236598827695607,0.4866339879517147,0.7530557323104704,1.0,1.0,10.0,10.0,1.0,1.0,0.010918247921206575,0.014126460941486698,3.64,0.004758462909999928,0.15045302,0.20494476,-2.0394771099090576,-0.1911054104566574,-5.997651100158691,-8.5513916015625,4.313250541687012,4.318106174468994,1.631965160369873,-28.01066017150879,2.5571792125701904,21.696338653564453,-2.140014171600342,-2.1758933067321777
Bingham,51564,51564,3.6847594,0.9406940595748586,0.9329666489350298,3.115782928861202,2.813076840265117,0.49046499096504875,0.7648732347098632,1.0,1.0,10.0,10.0,1.0,1.0,0.010820533806981184,0.013743603756857691,3.68,0.004759378429999739,0.14934148,0.20747639,2.9584999084472656,6.696351528167725,-0.9977832436561584,-2.3809502124786377,4.3148064613342285,4.322709560394287,1.629440426826477,-28.49504280090332,2.560417413711548,22.382551193237305,-2.1422767639160156,-2.191676139831543
HerschelBulkley,51564,51564,3.6847594,-4.05932268811737,-4.062181460785492,3.1155907213872847,2.8184783241515263,0.4908030992010438,0.7589008478558195,1.0,1.0,10.0,10.0,1.0,1.0,0.01061830952765332,0.014098091438268534,3.68,0.004759378429999739,0.1494002,0.20452021,-2.036917209625244,-0.17529705166816711,-5.998767852783203,-8.603339195251465,4.312750339508057,4.317534446716309,1.629868507385254,-28.951839447021484,2.559511661529541,21.989362716674805,-2.139293909072876,-2.1754963397979736
Bingham,51564,51564,3.7247603,0.9406818202526028,0.9329853977525686,3.1119200829371723,2.807771045808103,0.4946099769548222,0.77071788575221,1.0,1.0,10.0,10.0,1.0,1.0,0.01068493724337601,0.013612247477559476,3.72,0.004760293959999995,0.14832358,0.20720401,2.9610700607299805,6.748394012451172,-0.9988857507705688,-2.4143354892730713,4.314315319061279,4.322334289550781,1.6273549795150757,-29.442655563354492,2.5627665519714355,22.68581771850586,-2.141554594039917,-2.191382646560669
HerschelBulkley,51564,51564,3.7247603,-4.059337188857973,-4.062151474547161,3.1117231460073884,2.813302416201401,0.49495005479366494,0.764720145649238,1.0,1.0,10.0,10.0,1.0,1.0,0.010536869598056622,0.01375098797019983,3.72,0.004760293959999995,0.14843245,0.20405464,-2.034416913986206,-0.15948869287967682,-5.999864101409912,-8.65528678894043,4.312254428863525,4.316967487335205,1.627777099609375,-29.908714294433594,2.561875581741333,22.282384872436523,-2.138570785522461,-2.1751153469085693
Bingham,51564,51564,3.7647612,0.9406700824033669,0.9330035758147913,3.108090944722851,2.802459271693318,0.4987349901818143,0.7765385709239252,1.0,1.0,10.0,10.0,1.0,1.0,0.010436751894983156,0.01355110455469129,3.76,0.004761209490000251,0.14733273,0.20702893,2.9636034965515137,6.800436496734619,-0.9999731183052063,-2.447720527648926,4.313816547393799,4.321961879730225,1.625262975692749,-30.40596580505371,2.5651490688323975,22.989084243774414,-2.1408369541168213,-2.1910924911499023
HerschelBulkley,51564,51564,3.7647612,-4.059350827936704,-4.0621251024689595,3.1078908658061866,2.808130006638855,0.499077768506435,0.7705121679909993,1.0,1.0,10.0,10.0,1.0,1.0,0.010328464915511029,0.013705449451491044,3.76,0.004761209490000251,0.14744611,0.2036118,-2.0319714546203613,-0.14368034899234772,-6.000949859619141,-8.707235336303711,4.311755657196045,4.316406726837158,1.6256588697433472,-30.88128662109375,2.564255952835083,22.575408935546875,-2.1378493309020996,-2.1747522354125977
Bingham,51564,51564,3.8047621,0.940659536980114,0.9330220073731357,3.1042929853856465,2.797142216100446,0.5028397619391679,0.7823380291640606,1.0,1.0,10.0,10.0,1.0,1.0,0.010480135530814748,0.013500274612538549,3.8,0.004762125020000063,0.14642392,0.20689116,2.966085195541382,6.852479457855225,-1.0010532140731812,-2.4811058044433594,4.313321590423584,4.321591854095459,1.6230311393737793,-31.384971618652344,2.567556381225586,23.292348861694336,-2.1401169300079346,-2.190805435180664
HerschelBulkley,51564,51564,3.8047621,-4.059363630270904,-4.062102186523268,3.104091164241075,2.8029598935674342,0.5031874332890605,0.7762780525239005,1.0,1.0,10.0,10.0,1.0,1.0,0.010456367867608203,0.013830750531301719,3.8,0.004762125020000063,0.14656925,0.20324425,-2.0295825004577637,-0.12787199020385742,-6.002028465270996,-8.759182929992676,4.3112640380859375,4.315852165222168,1.6234381198883057,-31.869556427001953,2.5666630268096924,22.868432998657227,-2.1371238231658936,-2.174407958984375
Bingham,51564,51564,3.844763,0.9406503670385282,0.9330402325593118,3.1005290850283758,2.791818196210077,0.506928087001067,0.7881159388746233,1.0,1.0,10.0,10.0,1.0,1.0,0.010365336694853868,0.01341772508617638,3.84,0.004763040540000318,0.14552315,0.20674978,2.968524694442749,6.904521942138672,-1.0021283626556396,-2.514490842819214,4.3128228187561035,4.321225166320801,1.6208226680755615,-32.379676818847656,2.569986343383789,23.59561538696289,-2.1393990516662598,-2.190521478652954
HerschelBulkley,51564,51564,3.844763,-4.059375243804313,-4.062078074064675,3.1003243517523345,2.7977903724392523,0.5072787896049572,0.7820187158696625,1.0,1.0,10.0,10.0,1.0,1.0,0.010344497534117309,0.013834089414703597,3.84,0.004763040540000318,0.14561132,0.20291482,-2.0272376537323,-0.11206363141536713,-6.003096580505371,-8.81113052368164,4.310761451721191,4.315303802490234,1.6212353706359863,-32.87351989746094,2.569108247756958,23.161457061767578,-2.136403799057007,-2.1740808486938477
Bingham,51564,51564,3.884764,0.9406422860833262,0.9330582290406464,3.0967954357668552,2.7864846932513494,0.510998034799232,0.7938702874165335,1.0,1.0,10.0,10.0,1.0,1.0,0.010532091933829741,0.013271538458667012,3.88,0.0047639560700001304,0.14465502,0.20662545,2.970907211303711,6.956564903259277,-1.003188133239746,-2.5478761196136475,4.3123297691345215,4.320861339569092,1.6181881427764893,-33.39007568359375,2.5724360942840576,23.898881912231445,-2.1386775970458984,-2.1902406215667725
HerschelBulkley,51564,51564,3.884764,-4.0593868477434585,-4.062051826390391,3.0965872459161567,2.792619318761038,0.5113519197677664,0.787734590802386,1.0,1.0,10.0,10.0,1.0,1.0,0.010280000142788159,0.013646446477271113,3.88,0.0047639560700001304,0.14478579,0.20265105,-2.0249598026275635,-0.09625528007745743,-6.004148483276367,-8.863078117370605,4.310269832611084,4.314764499664307,1.6180052757263184,-33.893184661865234,2.5715599060058594,23.45448112487793,-2.1356778144836426,-2.173762321472168
Bingham,51564,51564,3.9247649,0.9406355414616481,0.9330760550693313,3.0930899791324142,2.781141338959948,0.5150500738167274,0.7996010019337942,1.0,1.0,10.0,10.0,1.0,1.0,0.010415948178996166,0.013171278117927456,3.92,0.0047648715999999425,0.14382978,0.20653424,2.9732394218444824,7.008607387542725,-1.004239559173584,-2.581261157989502,4.311834812164307,4.320499897003174,1.6141873598098755,-34.41617202758789,2.5749030113220215,24.202146530151367,-2.1379566192626953,-2.189962387084961
HerschelBulkley,51564,51564,3.9247649,-4.059397134998385,-4.062026369081772,3.092878520544224,2.7874447917134395,0.5154082527060216,0.7934266400747212,1.0,1.0,10.0,10.0,1.0,1.0,0.010094618686227953,0.01340194431520709,3.92,0.0047648715999999425,0.14400089,0.20243669,-2.022721290588379,-0.08044692873954773,-6.005190372467041,-8.91502571105957,4.3097710609436035,4.314234256744385,1.6140074729919434,-34.92854309082031,2.574026584625244,23.74750518798828,-2.1349551677703857,-2.1734509468078613
Bingham,51564,51564,3.9647658,0.9406295845719173,0.9330946020668781,3.0894115414808834,2.7757888952347165,0.5190858235647798,0.8053091105675425,1.0,1.0,10.0,10.0,1.0,1.0,0.010208873969622294,0.013175537496905238,3.96,0.004765787120000198,0.14305167,0.20643319,2.9755167961120605,7.06065034866333,-1.0052748918533325,-2.6146461963653564,4.311341285705566,4.320140838623047,1.6101804971694946,-35.45796585083008,2.5773766040802,24.505413055419922,-2.137235164642334,-2.189760684967041
HerschelBulkley,51564,51564,3.9647658,-4.0594066466438825,-4.062002665645228,3.0891953225502373,2.782267163139403,0.5194476724957143,0.799098314921535,1.0,1.0,10.0,10.0,1.0,1.0,0.010267754376278759,0.013398717300857172,3.96,0.004765787120000198,0.14318566,0.20229843,-2.020533800125122,-0.06463856995105743,-6.006219387054443,-8.966973304748535,4.309276580810547,4.3137125968933105,1.6099990606307983,-35.97959899902344,2.576500415802002,24.040529251098633,-2.134230136871338,-2.1731462478637695
Bingham,51564,51564,4.0047665,0.9406242223916632,0.9331145503323698,3.0857629815880743,2.7704273707128397,0.5231075276181559,0.810995355250389,1.0,1.0,10.0,9.999846897450016,1.0,1.0,0.010232207764375263,0.013122080926552574,4.0,0.004766464230000267,0.14225663,0.2063686,2.9777514934539795,7.112692832946777,-1.0062981843948364,-2.64803147315979,4.310846328735352,4.319784641265869,1.6065970659255981,-36.51545715332031,2.579864978790283,24.808679580688477,-2.1365137100219727,-2.189619302749634
HerschelBulkley,51564,51564,4.0047665,-4.0594153946415705,-4.0619791411122765,3.0855405344066806,2.777086226617395,0.5234732424300278,0.8047511969450717,1.0,1.0,10.0,10.0,1.0,1.0,0.010266912961456529,0.013250350692934074,4.0,0.004766464230000267,0.1424378,0.20215876,-2.018385410308838,-0.030445609241724014,-6.007232189178467,-9.018921852111816,4.308780193328857,4.313199520111084,1.6069306135177612,-37.04635238647461,2.579005718231201,24.333553314208984,-2.1335058212280273,-2.172848701477051
Bingham,51564,51564,4.0447674,0.9406200721068404,0.9331343306905571,3.0821417921587804,2.765055916909819,0.527114500346916,0.8166606854895868,1.0,1.0,10.0,9.999900748746166,1.0,1.0,0.010024413847456101,0.013155140116165288,4.04,0.004767379759999635,0.14148514,0.20632586,2.9799399375915527,7.164735794067383,-1.0073089599609375,-2.6814165115356445,4.3103461265563965,4.319430351257324,1.604030966758728,-37.58864212036133,2.5824222564697266,25.1119441986084,-2.1357951164245605,-2.1894772052764893
HerschelBulkley,51564,51564,4.0447674,-4.059423324033663,-4.061954402608856,3.0819119831379385,2.7719009676200446,0.5274831514446479,0.8103851288164392,1.0,1.0,10.0,10.0,1.0,1.0,0.010301710395410382,0.013147106166294683,4.04,0.004767379759999635,0.141656,0.20204583,-2.0162880420684814,0.008734605275094509,-6.008233547210693,-9.070869445800781,4.30828332901001,4.312695026397705,1.6043756008148193,-38.12879943847656,2.581577777862549,24.626577377319336,-2.132781744003296,-2.1725590229034424
Bingham,51564,51564,4.0847683,0.940616729408647,0.9331513859798505,3.0785469995001993,2.759674767106968,0.5311072570237867,0.822305943458415,1.0,1.0,10.0,10.0,1.0,1.0,0.009982286544225017,0.012996729387926129,4.08,0.004768295289999891,0.14072075,0.20630336,2.9820823669433594,7.21677827835083,-1.0083078145980835,-2.714801788330078,4.309850692749023,4.31907844543457,1.6014842987060547,-38.677528381347656,2.5849945545196533,25.415210723876953,-2.1350741386413574,-2.1893341541290283
HerschelBulkley,51564,51564,4.0847683,-4.059430436026957,-4.06192924352992,3.07831324590352,2.766710700832649,0.531478878234632,0.8160010786381943,1.0,1.0,10.0,10.0,1.0,1.0,0.010146256986019954,0.013188923609688517,4.08,0.004768295289999891,0.14085396,0.20195831,-2.0142295360565186,0.04791482165455818,-6.009221076965332,-9.122817039489746,4.307787895202637,4.312199592590332,1.6018455028533936,-39.22694778442383,2.5841567516326904,24.919599533081055,-2.1320574283599854,-2.1722776889801025
Bingham,51564,51564,4.1247692,0.9406140889760125,0.9331682414660932,3.0749755751036125,2.7542838029209133,0.5350841430290811,0.8279312110068282,1.0,1.0,10.0,10.0,1.0,1.0,0.009810281481485855,0.012764505021470078,4.12,0.004769210820000147,0.1400519,0.20627144,2.984182119369507,7.2688212394714355,-1.0092931985855103,-2.7481868267059326,4.309359073638916,4.318728923797607,1.598970890045166,-39.782108306884766,2.5875768661499023,25.718477249145508,-2.1343507766723633,-2.189190626144409
HerschelBulkley,51564,51564,4.1247692,-4.059437146526951,-4.061904843676361,3.0747399862886593,2.761514881784279,0.5354580436728672,0.821598000290217,1.0,1.0,10.0,10.0,1.0,1.0,0.009939911195066773,0.012995839532802101,4.12,0.004769210820000147,0.14008614,0.20184791,-2.0122008323669434,0.08709503710269928,-6.010200023651123,-9.174764633178711,4.307286739349365,4.311712741851807,1.5993568897247314,-40.340789794921875,2.586735725402832,25.212623596191406,-2.1313347816467285,-2.1720054149627686
Bingham,51564,51564,4.1647701,0.9406119738604436,0.9331873082603662,3.071429530952911,2.7488826526849524,0.5390481802235629,0.8335358093464468,1.0,1.0,10.0,10.0,1.0,1.0,0.009869101022521969,0.012666298380184678,4.16,0.004770126339999514,0.13935986,0.20625697,2.986245632171631,7.320863723754883,-1.0102664232254028,-2.781572103500366,4.308858394622803,4.3183817863464355,1.5964924097061157,-40.90238571166992,2.5901670455932617,26.02174186706543,-2.133632183074951,-2.1890461444854736
HerschelBulkley,51564,51564,4.1647701,-4.059443015154685,-4.0618810686895275,3.071193338295883,2.756310642856797,0.539422937588939,0.8271749323700971,1.0,1.0,10.0,10.0,1.0,1.0,0.009875297000972815,0.01289222403681379,4.16,0.004770126339999514,0.13934284,0.20180874,-2.010200262069702,0.12627525627613068,-6.011167049407959,-9.226712226867676,4.306789875030518,4.311234474182129,1.5968966484069824,-41.47032928466797,2.589308738708496,25.505647659301758,-2.130610466003418,-2.1717419624328613
Bingham,51564,51564,4.204771,0.940610070392097,0.9332082582952237,3.067905136639315,2.743469024026341,0.5429981946795749,0.8391199092964827,1.0,1.0,10.0,10.0,1.0,1.0,0.009890893083992667,0.01267272296617489,4.2,0.00477104186999977,0.13869601,0.20630345,2.988271474838257,7.372906684875488,-1.0112296342849731,-2.8149571418762207,4.3083696365356445,4.3180365562438965,1.5940401554107666,-42.03835678100586,2.5927441120147705,26.325008392333984,-2.132906913757324,-2.1889007091522217
HerschelBulkley,51564,51564,4.204771,-4.059447948769522,-4.061857626028598,3.0676721016644564,2.75109792031887,0.543373727169088,0.8327347532900888,1.0,1.0,10.0,10.0,1.0,1.0,0.009769268453256003,0.012818065734620073,4.2,0.00477104186999977,0.13862385,0.20179772,-2.0082173347473145,0.16545546054840088,-6.012119293212891,-9.278660774230957,4.306301593780518,4.310764789581299,1.594465732574463,-42.61556625366211,2.5918829441070557,25.79867172241211,-2.12988018989563,-2.1714866161346436
Bingham,51564,51564,4.244772,0.9406081513973861,0.9332290932560963,3.0644042709436734,2.738042156781258,0.5469352111000345,0.8446848887232095,1.0,1.0,10.0,10.0,1.0,1.0,0.009831083586074424,0.012503503479248106,4.24,0.0047719574000000264,0.1380194,0.2063906,2.9902639389038086,7.4249491691589355,-1.0121906995773315,-2.8483424186706543,4.307872295379639,4.31769323348999,1.5916271209716797,-43.19002914428711,2.595315456390381,26.628273010253906,-2.1321861743927,-2.188754081726074
HerschelBulkley,51564,51564,4.244772,-4.059452550954607,-4.061833054484443,3.0641761443588327,2.745879481176609,0.5473107751633256,0.838278616928234,1.0,1.0,10.0,10.0,1.0,1.0,0.009790299530743715,0.012767752272172155,4.24,0.0047719574000000264,0.1379077,0.20175555,-2.006258249282837,0.20463567972183228,-6.013302803039551,-9.330608367919922,4.305802822113037,4.310302734375,1.5920791625976562,-43.77649688720703,2.594447612762451,26.09169578552246,-2.1291561126708984,-2.171238660812378
Bingham,51564,51564,4.2847729,0.9406056880018066,0.9332490273977446,3.060928646689214,2.7326006269325607,0.5508597941960496,0.8502319253746704,1.0,1.0,10.0,10.0,1.0,1.0,0.00970227798573773,0.012371716183480642,4.28,0.0047728729199993936,0.13731442,0.2065155,2.992223024368286,7.476992130279541,-1.0142813920974731,-2.881727457046509,4.307380199432373,4.317351341247559,1.589253544807434,-44.35739517211914,2.597893476486206,26.93153953552246,-2.131462335586548,-2.1886065006256104
HerschelBulkley,51564,51564,4.2847729,-4.059457171264755,-4.061808822821681,3.0607035333246917,2.740653321298248,0.5512330636262516,0.8438038479605884,1.0,1.0,10.0,10.0,1.0,1.0,0.00968453930923354,0.012669536497392187,4.28,0.0047728729199993936,0.13724273,0.20166846,-2.0043106079101562,0.24381589889526367,-6.0153679847717285,-9.382555961608887,4.305306434631348,4.309847354888916,1.5897244215011597,-44.953128814697266,2.5970077514648438,26.384719848632812,-2.1284306049346924,-2.1709964275360107
Bingham,51564,51564,4.3247738,0.9406031545616665,0.9332685359026486,3.057475933237688,2.727142832179749,0.5547709606051384,0.8557608498445978,1.0,1.0,10.0,10.0,1.0,1.0,0.009891390150287263,0.012346801045849317,4.32,0.00477378844999965,0.13668735,0.2066661,2.994145631790161,7.529034614562988,-1.0163333415985107,-2.9151127338409424,4.306885719299316,4.317011833190918,1.5869133472442627,-45.54045867919922,2.600459575653076,27.234806060791016,-2.1307389736175537,-2.188457727432251
HerschelBulkley,51564,51564,4.3247738,-4.059461885288886,-4.06178539769656,3.057253810210591,2.735422814162593,0.5551411761956836,0.8493102616018107,1.0,1.0,10.0,10.0,1.0,1.0,0.009672047914521708,0.012644879349206585,4.32,0.00477378844999965,0.1365311,0.2015573,-2.0023932456970215,0.28299611806869507,-6.017414093017578,-9.434503555297852,4.304815292358398,4.309399127960205,1.5874042510986328,-46.14545440673828,2.5995571613311768,26.677743911743164,-2.1277012825012207,-2.1707592010498047
Bingham,51564,51564,4.3647747,0.9406004252617971,0.9332875717058748,3.054045646760843,2.721670056386102,0.5586689795393892,0.8612716916334155,1.0,1.0,10.0,10.0,1.0,1.0,0.009603849040919779,0.012330748294259248,4.36,0.004774703979999906,0.13599603,0.20674047,2.9960439205169678,7.581077575683594,-1.018361210823059,-2.948497772216797,4.306389808654785,4.316673755645752,1.584626317024231,-46.739219665527344,2.603012800216675,27.538070678710938,-2.1300160884857178,-2.188307762145996
HerschelBulkley,51564,51564,4.3647747,-4.0594667548325445,-4.061760656040452,3.0538293952466944,2.730186463022503,0.5590369975148497,0.8547963307522991,1.0,1.0,10.0,10.0,1.0,1.0,0.009376225801291573,0.012473302112785575,4.36,0.004774703979999906,0.13589521,0.20147063,-2.00049090385437,0.3221763074398041,-6.019425392150879,-9.486451148986816,4.304313659667969,4.308957099914551,1.5851473808288574,-47.353477478027344,2.60209584236145,26.970767974853516,-2.1269774436950684,-2.1705262660980225
Bingham,51564,51564,4.4047756,0.9405977990681412,0.9333049147000562,3.050636137272091,2.7161858040091253,0.5625539510141482,0.8667629986805914,1.0,1.0,10.0,10.0,1.0,1.0,0.009564463121309276,0.012150885209862265,4.4,0.004775619509999274,0.13538389,0.20678005,2.997925043106079,7.633120059967041,-1.0203683376312256,-2.9818830490112305,4.305893421173096,4.316337585449219,1.582383155822754,-47.953678131103516,2.605569362640381,27.841337203979492,-2.129293441772461,-2.1881563663482666
HerschelBulkley,51564,51564,4.4047756,-4.059471331566246,-4.061733303886662,3.0504249505552457,2.724939525154142,0.5629183827341704,0.8602617044173485,1.0,1.0,10.0,10.0,1.0,1.0,0.009548525897681901,0.012524921071361255,4.4,0.004775619509999274,0.13526012,0.20150177,-1.998611330986023,0.3613565266132355,-6.021430969238281,-9.538398742675781,4.303822040557861,4.308521270751953,1.582922339439392,-48.57719802856445,2.604631185531616,27.263792037963867,-2.1262478828430176,-2.170297145843506
Bingham,51564,51564,4.4447765,0.9405955072004364,0.933320892728717,3.047250114803808,2.7106886138615316,0.5664276235514419,0.8722341374292667,1.0,1.0,10.0,10.0,1.0,1.0,0.009427418975696614,0.012058656810566502,4.44,0.004776535029999529,0.13476771,0.20684664,2.999784231185913,7.6851630210876465,-1.022349238395691,-3.015268087387085,4.305402755737305,4.31600284576416,1.580182671546936,-49.18383026123047,2.6081128120422363,28.144603729248047,-2.1285669803619385,-2.1880035400390625
HerschelBulkley,51564,51564,4.4447765,-4.059475921103087,-4.0617034372940575,3.0470425508065033,2.7196796043813833,0.5667872535664914,0.8657099776681635,1.0,1.0,10.0,10.0,1.0,1.0,0.009543495032013675,0.012514974174323118,4.44,0.004776535029999529,0.13461412,0.20161961,-1.9967455863952637,0.40053674578666687,-6.023419380187988,-9.590347290039062,4.3033246994018555,4.308091163635254,1.5807397365570068,-49.816612243652344,2.6071624755859375,27.556814193725586,-2.125520706176758,-2.1700711250305176
Bingham,51564,51564,4.4847775,0.9405929261228914,0.9333355837389434,3.0438824829808513,2.70518005150643,0.5702873019172002,0.8776846787106465,1.0,1.0,10.0,10.0,1.0,1.0,0.009476698639113287,0.012026671095236752,4.48,0.004777450559999785,0.13414438,0.20683342,3.0016257762908936,7.737205505371094,-1.024300217628479,-3.0486533641815186,4.304910182952881,4.315669536590576,1.5780247449874878,-50.429683685302734,2.6106531620025635,28.44786834716797,-2.1278419494628906,-2.1878490447998047
HerschelBulkley,51564,51564,4.4847775,-4.0594801405418295,-4.061673017724918,3.0436830183189265,2.7144068054074326,0.5706444372268741,0.871143581988127,1.0,1.0,10.0,10.0,1.0,1.0,0.009350619607896524,0.012412881400926043,4.48,0.004777450559999785,0.13399091,0.20173375,-1.9948958158493042,0.43971696496009827,-6.025376319885254,-9.642294883728027,4.30283260345459,4.307666778564453,1.5785902738571167,-51.07172775268555,2.609692096710205,27.849838256835938,-2.124790906906128,-2.1698474884033203
Bingham,51564,51564,4.5247784,0.9405908261504954,0.9333486679071893,3.0405395664196666,2.699659727816067,0.5741357093915436,0.8831129291884142,1.0,1.0,10.0,10.0,1.0,1.0,0.009491401586483515,0.011967779880897183,4.52,0.004778366090000041,0.13351537,0.20686331,3.0034432411193848,7.789247989654541,-1.0262367725372314,-3.082038402557373,4.304415702819824,4.315337657928467,1.5758894681930542,-51.69123077392578,2.6131927967071533,28.751134872436523,-2.127117872238159,-2.187692880630493
HerschelBulkley,51564,51564,4.5247784,-4.059483880859286,-4.061643410474207,3.040343430185418,2.7091233622256445,0.5744893097859964,0.8765632469207034,1.0,1.0,10.0,10.0,1.0,1.0,0.00938352487604122,0.012344580630905913,4.52,0.004778366090000041,0.133396,0.2017746,-1.9930578470230103,0.47889718413352966,-6.027307510375977,-9.694242477416992,4.302340030670166,4.307247161865234,1.5764660835266113,-52.34253692626953,2.6122283935546875,28.14286231994629,-2.12406063079834,-2.169625997543335
Bingham,51564,51564,4.5647793,0.9405889926814295,0.9333611115436696,3.037215490123316,2.694124837954832,0.5779715967500973,0.8885221256619551,1.0,1.0,10.0,10.0,1.0,1.0,0.009452890836355745,0.011585083741199898,4.56,0.0047792816200002974,0.1329456,0.20703033,3.005246162414551,7.8412909507751465,-1.0281639099121094,-3.1154236793518066,4.303924560546875,4.315007209777832,1.573758602142334,-52.968475341796875,2.6157586574554443,29.054401397705078,-2.1263914108276367,-2.187535047531128
HerschelBulkley,51564,51564,4.5647793,-4.059487027046836,-4.061615582562902,3.037023947587275,2.703831139926225,0.5783220605905244,0.8819658319332485,1.0,1.0,10.0,10.0,1.0,1.0,0.009324702093254339,0.012101677240839777,4.56,0.0047792816200002974,0.13279,0.20169853,-1.991249680519104,0.5180773735046387,-6.029226779937744,-9.746190071105957,4.3018412590026855,4.306832790374756,1.5743474960327148,-53.62904357910156,2.6147806644439697,28.43588638305664,-2.1233339309692383,-2.1694064140319824
Bingham,51564,51564,4.6047802,0.9405875101308974,0.9333736744431521,3.033909993194903,2.6885727276304134,0.5817949844058078,0.8939155683294789,1.0,1.0,10.0,10.0,1.0,1.0,0.009351195633915987,0.011581481911245351,4.6,0.004780197140000553,0.13235345,0.20727897,3.0070292949676514,7.893333435058594,-1.0300796031951904,-3.148808717727661,4.3034281730651855,4.314678192138672,1.5716476440429688,-54.26141357421875,2.61832594871521,29.357666015625,-2.125667095184326,-2.187375068664551
HerschelBulkley,51564,51564,4.6047802,-4.059489647380949,-4.061590094146764,3.0337219347563367,2.6985331814672264,0.5821420121968559,0.8873482851847677,1.0,1.0,10.0,10.0,1.0,1.0,0.00935065673974087,0.012000386035026461,4.6,0.004780197140000553,0.13227074,0.20159678,-1.9894531965255737,0.5572575926780701,-6.031118392944336,-9.798137664794922,4.3013482093811035,4.306423664093018,1.5722362995147705,-54.931243896484375,2.6173315048217773,28.728910446166992,-2.122602939605713,-2.1691884994506836
Bingham,51564,51564,4.6447811,0.9405863160694656,0.9333863180230062,3.030628624752415,2.6830013002045803,0.5856086464313129,0.899293718791459,1.0,1.0,10.0,10.0,1.0,1.0,0.00925663761045006,0.011551665316700653,4.64,0.004781112669999921,0.13173527,0.20754474,3.0087974071502686,7.945376396179199,-1.0319757461547852,-3.1821937561035156,4.3029398918151855,4.314350128173828,1.5695463418960571,-55.57004928588867,2.6208927631378174,29.660932540893555,-2.124938488006592,-2.187213182449341
HerschelBulkley,51564,51564,4.6447811,-4.059491381803982,-4.061567460586805,3.0304398506697168,2.693226360678719,0.5859509799150369,0.892712121209298,1.0,1.0,10.0,10.0,1.0,1.0,0.009320302945288633,0.011998896158374748,4.64,0.004781112669999921,0.13167699,0.20160975,-1.9876689910888672,0.5964378118515015,-6.032992362976074,-9.850085258483887,4.30085563659668,4.306019306182861,1.5701444149017334,-56.249141693115234,2.6198813915252686,29.021934509277344,-2.1218717098236084,-2.1689720153808594
Bingham,51564,51564,4.684782,0.9405860689117388,0.9333978401741527,3.0273665898331346,2.6774123319299052,0.5894118767525036,0.904656106289278,1.0,1.0,10.0,10.0,1.0,1.0,0.009214375222991037,0.011592001649523306,4.68,0.004782028200000177,0.13121037,0.20775163,3.010549306869507,7.9974188804626465,-1.0338481664657593,-3.215579032897949,4.3024420738220215,4.314023494720459,1.567458152770996,-56.89438247680664,2.6234560012817383,29.96419906616211,-2.1242151260375977,-2.187049150466919
HerschelBulkley,51564,51564,4.684782,-4.059492565782212,-4.061546994129444,3.027176493695742,2.687910499871494,0.589747554786323,0.8980584799549732,1.0,1.0,10.0,10.0,1.0,1.0,0.009375001431130998,0.011950849155866547,4.68,0.004782028200000177,0.13110444,0.20161174,-1.985896110534668,0.6356180310249329,-6.034846782684326,-9.902033805847168,4.300365447998047,4.305620193481445,1.5680601596832275,-57.582733154296875,2.62243390083313,29.314958572387695,-2.1211392879486084,-2.168757200241089
Bingham,51564,51564,4.7247829,0.9405858812273222,0.9334084104240203,3.024116080156929,2.671806565810351,0.5931982680833077,0.9100004567115424,1.0,1.0,10.0,10.0,1.0,1.0,0.008510080894524635,0.011601216469548096,4.72,0.004782943730000433,0.13057402,0.20792891,3.0122947692871094,8.049461364746094,-1.0356957912445068,-3.2489640712738037,4.301949501037598,4.313697338104248,1.5653818845748901,-58.234405517578125,2.6260199546813965,30.26746368408203,-2.123487949371338,-2.186882972717285
HerschelBulkley,51564,51564,4.7247829,-4.059493088334297,-4.061528712885297,3.0239338634359245,2.6825847942111896,0.5935307525403908,0.9033860678193044,1.0,1.0,10.0,10.0,1.0,1.0,0.008506875584607932,0.011879298545871528,4.72,0.004782943730000433,0.13035955,0.20158917,-1.984140157699585,0.6747982501983643,-6.036681175231934,-9.953981399536133,4.299870491027832,4.305225372314453,1.56598961353302,-58.9320182800293,2.6249780654907227,29.607982635498047,-2.120408535003662,-2.168544054031372
Bingham,51564,51564,4.7647839,0.9405862381171524,0.9334187014222359,3.020889783407717,2.6661819519737393,0.5969735657425539,0.9153273516250005,1.0,1.0,10.0,9.999987753781621,1.0,1.0,0.008768744469003432,0.011497599691927558,4.76,0.0047838592499998,0.13011016,0.20819399,3.0140254497528076,8.1015043258667,-1.037524700164795,-3.2823493480682373,4.301454067230225,4.313372611999512,1.563319444656372,-59.59012985229492,2.6285836696624756,30.570730209350586,-2.1227622032165527,-2.1867141723632812
HerschelBulkley,51564,51564,4.7647839,-4.059492498911358,-4.061511691504793,3.020712391962675,2.677250272506758,0.5972982301768198,0.9086937325799187,1.0,1.0,10.0,10.0,1.0,1.0,0.008643339072024143,0.011793210555458358,4.76,0.0047838592499998,0.12988846,0.20153463,-1.9823964834213257,0.7139784693717957,-6.03849983215332,-10.005928993225098,4.299376487731934,4.304835319519043,1.5639398097991943,-60.297000885009766,2.627528429031372,29.9010066986084,-2.1196775436401367,-2.16833233833313
Bingham,51564,51564,4.8047848,0.9405871996142966,0.9334293734694794,3.017679566196267,2.6605366622034574,0.6007425898301988,0.9206393682464414,1.0,1.0,10.0,9.999914924590362,1.0,1.0,0.008703570993313437,0.011610947749802425,4.8,0.004784774780000056,0.12966235,0.20853204,3.015751838684082,8.153547286987305,-1.0393298864364624,-3.315734386444092,4.300968647003174,4.313048362731934,1.561272144317627,-60.961544036865234,2.6311488151550293,30.87399673461914,-2.12203049659729,-2.1865427494049072
HerschelBulkley,51564,51564,4.8047848,-4.059492289028197,-4.061496015022,3.017508537890367,2.671905154401767,0.6010590491032203,0.913981787736155,1.0,1.0,10.0,10.0,1.0,1.0,0.008869079200349633,0.01174360641409976,4.8,0.004784774780000056,0.12935954,0.20158504,-1.9806625843048096,0.753158688545227,-6.040297508239746,-10.057876586914062,4.298886299133301,4.304449558258057,1.5618932247161865,-61.67768096923828,2.6300785541534424,30.194028854370117,-2.118943691253662,-2.1681220531463623
Bingham,51564,51564,4.8447857,0.9405890232758997,0.9334400159298896,3.0144874993736273,2.654871589506422,0.6045020598602049,0.9259382279621063,1.0,1.0,10.0,10.0,1.0,1.0,0.008907089443010052,0.01139475936773958,4.84,0.004785690310000312,0.12910368,0.20884298,3.0174612998962402,8.20559024810791,-1.0411170721054077,-3.3491196632385254,4.300477504730225,4.312725067138672,1.5592323541641235,-62.348655700683594,2.6337053775787354,31.177261352539062,-2.1213018894195557,-2.186368703842163
HerschelBulkley,51564,51564,4.8447857,-4.059491853360828,-4.061481503061745,3.0143249110132975,2.666546657149735,0.6048106423745631,0.9192532841487373,1.0,1.0,10.0,10.0,1.0,1.0,0.008965186381486252,0.011639387738690514,4.84,0.004785690310000312,0.12885633,0.20171489,-1.9789477586746216,0.7923389077186584,-6.042078495025635,-10.109824180603027,4.298393249511719,4.304068565368652,1.5598666667938232,-63.07405090332031,2.63262677192688,30.48705291748047,-2.118211269378662,-2.1679131984710693
Bingham,51564,51564,4.8847866,0.9405910175294551,0.9334504330223115,3.011311075404158,2.6491887262130778,0.6082493002115068,0.9312239825290974,1.0,1.0,10.0,9.99998726340615,1.0,1.0,0.008872689860238358,0.011272910094305349,4.88,0.004786605829999679,0.12859416,0.2091235,3.0191667079925537,8.2576322555542,-1.0428932905197144,-3.38250470161438,4.299983501434326,4.312402725219727,1.5572104454040527,-63.751461029052734,2.6362626552581787,31.480527877807617,-2.120574474334717,-2.1861915588378906
HerschelBulkley,51564,51564,4.8847866,-4.059490730279578,-4.061468031537561,3.0111584591931195,2.6611766640951426,0.6085505759073107,0.9245094463800123,1.0,1.0,10.0,10.0,1.0,1.0,0.00896637312552487,0.011684140119764265,4.88,0.004786605829999679,0.12831801,0.2017935,-1.97724449634552,0.8315191268920898,-6.04384708404541,-10.161771774291992,4.297901630401611,4.303691864013672,1.557853102684021,-64.48612213134766,2.6351735591888428,30.78007698059082,-2.1174776554107666,-2.1677052974700928
Bingham,51564,51564,4.9247875,0.9405936495880971,0.9334611504039295,3.008156567116093,2.643490165345456,0.6119874282556408,0.936494902162186,1.0,1.0,10.0,9.999899478530544,1.0,1.0,0.00869197777659256,0.011244573614683248,4.92,0.0047875213599999356,0.12804066,0.20933929,3.0208537578582764,8.309675216674805,-1.0446501970291138,-3.4158899784088135,4.299490928649902,4.3120808601379395,1.5552068948745728,-65.16996765136719,2.6388208866119385,31.783794403076172,-2.1198458671569824,-2.18601131439209
HerschelBulkley,51564,51564,4.9247875,-4.059488527920089,-4.061455741893584,3.008006394790277,2.6557950917956497,0.6122778114133952,0.9297479714802492,1.0,1.0,10.0,10.0,1.0,1.0,0.008876802732752943,0.011731251448151292,4.92,0.0047875213599999356,0.12780967,0.20183586,-1.9755549430847168,0.8706993460655212,-6.0456013679504395,-10.213720321655273,4.297402858734131,4.303319931030273,1.555850863456726,-65.91388702392578,2.6378188133239746,31.073101043701172,-2.116746425628662,-2.167498826980591
Bingham,51564,51564,4.9647884,0.9405966103637114,0.9334727453060284,3.005017614280934,2.637772274267247,0.6157141988994687,0.9417518743915949,1.0,1.0,10.0,9.999951731908054,1.0,1.0,0.008648848323500923,0.011072254894390086,4.96,0.004788436890000192,0.12752941,0.20969634,3.022531747817993,8.36171817779541,-1.0464140176773071,-3.449275016784668,4.299002170562744,4.311758995056152,1.5532097816467285,-66.60416412353516,2.6418094635009766,32.087059020996094,-2.119115114212036,-2.1858279705047607
HerschelBulkley,51564,51564,4.9647884,-4.05948597586707,-4.0614442890461016,3.0048742682798237,2.650399898944755,0.6159965568794536,0.9349679873002423,1.0,1.0,10.0,10.0,1.0,1.0,0.008922919229443308,0.011584660804661568,4.96,0.004788436890000192,0.12726443,0.20192581,-1.9738813638687134,0.9098795652389526,-6.047347068786621,-10.265667915344238,4.296913146972656,4.302951812744141,1.553865671157837,-67.35733795166016,2.640841484069824,31.366125106811523,-2.1160104274749756,-2.1672935485839844
Bingham,51564,51564,5.0047894,0.9405995313866743,0.9334846208111188,3.001896150856944,2.632031997899117,0.6194300185914602,0.9469965258843333,1.0,1.0,10.0,10.0,1.0,1.0,0.008878215633660569,0.0111155918728041,5.0,0.00478935241999956,0.12701292,0.21008995,3.024200916290283,8.413761138916016,-1.0481534004211426,-3.4826602935791016,4.298511028289795,4.311438083648682,1.551214575767517,-68.0540542602539,2.6448473930358887,32.390323638916016,-2.1183853149414062,-2.185641050338745
HerschelBulkley,51564,51564,5.0047894,-4.059483159343004,-4.06143310504723,3.0017581263840425,2.644989344037011,0.6197040702811557,0.9401704968250144,1.0,1.0,10.0,10.0,1.0,1.0,0.009092090230787385,0.01169161221928859,5.0,0.00478935241999956,0.12678677,0.20205718,-1.9722169637680054,0.9490597248077393,-6.049082279205322,-10.317615509033203,4.2964277267456055,4.302587985992432,1.5518792867660522,-68.81649780273438,2.643873929977417,31.659149169921875,-2.1152727603912354,-2.1670894622802734
