body,n_cpp,n_taichi,t,T_finite_fraction_cpp,T_finite_fraction_taichi,T_mean_cpp,T_mean_taichi,com_x_cpp,com_x_taichi,com_y_cpp,com_y_taichi,com_z_cpp,com_z_taichi,nu_finite_fraction_cpp,nu_finite_fraction_taichi,nu_mean_cpp,nu_mean_taichi,t_taichi,time_error,v_mean_cpp,v_mean_taichi,x_max_cpp,x_max_taichi,x_min_cpp,x_min_taichi,y_max_cpp,y_max_taichi,y_min_cpp,y_min_taichi,z_max_cpp,z_max_taichi,z_min_cpp,z_min_taichi
Fluid,24872,24872,0.0,1.0,1.0,0.0,0.0,-0.0817058138689603,-0.0817058138689603,1.1905078405508966,1.1905078404514438,0.24872809756033276,0.24872809756033276,1.0,1.0,0.0,20.0,0.0,0.0,0.0,0.0,1.5423628091812134,1.5423628091812134,-1.547478437423706,-1.547478437423706,3.1338717937469482,3.1338717937469482,0.14956533908843994,0.14956533908843994,1.1863449811935425,1.1863449811935425,-1.1700268983840942,-1.1700268983840942
Fluid,24872,24872,0.045,1.0,1.0,0.0,0.0,-0.08065390347338519,-0.08072425503840802,1.1809511867098106,1.182746441400379,0.24831861545861691,0.24832766166543388,1.0,1.0,20.0,20.0,0.04,0.004999994337599997,0.35969338,0.3271848,1.5445432662963867,1.5444525480270386,-1.547837257385254,-1.5478525161743164,3.1399829387664795,3.1401007175445557,0.1065448746085167,0.10813075304031372,1.1867135763168335,1.1867355108261108,-1.171855092048645,-1.1715387105941772
Fluid,24872,24872,0.08,1.0,1.0,0.0,0.0,-0.0803574386143628,-0.08035812142550751,1.1644339796042458,1.1644330946947263,0.2482670413379774,0.24826749357754044,1.0,1.0,20.0,20.0,0.08,-1.7881000013986181e-09,0.54804355,0.5480542,1.5447840690612793,1.5447837114334106,-1.5479146242141724,-1.5479155778884888,3.139230489730835,3.1392300128936768,0.09226874262094498,0.09226896613836288,1.1865442991256714,1.1865450143814087,-1.1758527755737305,-1.1758521795272827
Fluid,24872,24872,0.12,1.0,1.0,0.0,0.0,-0.08025401424101646,-0.08025480002050232,1.1389170890037736,1.1389157738945193,0.2481913205444239,0.24819177705596865,1.0,1.0,20.0,20.0,0.12,1.9670000003801924e-08,0.70173925,0.7017666,1.5446494817733765,1.5446488857269287,-1.5484155416488647,-1.5484163761138916,3.138441324234009,3.1384408473968506,0.0703134834766388,0.07031334191560745,1.1862684488296509,1.1862690448760986,-1.1846935749053955,-1.1846919059753418
Fluid,24872,24872,0.165,1.0,1.0,3.6235169306345654e-07,1.809263444481967e-07,-0.08029206252626023,-0.0802827385010365,1.1046515436299043,1.1085723967493017,0.24806199214175875,0.2480772580449245,1.0,1.0,19.999999275465186,19.999999638192712,0.16,0.004999976753999991,0.7850009,0.78765684,1.5442434549331665,1.5442969799041748,-1.549442172050476,-1.5492974519729614,3.1332898139953613,3.134958267211914,0.040926069021224976,0.04428175091743469,1.1858677864074707,1.1859104633331299,-1.200257420539856,-1.1982117891311646
Fluid,24872,24872,0.2049999,1.0,1.0,0.00012234484163081575,8.02709875839772e-05,-0.08040226283336424,-0.08038777907026393,1.0754482653935615,1.0788682178255222,0.24797356496436235,0.24798289479470031,1.0,1.0,19.999755506233296,19.999839566458686,0.2,0.004999938606999987,0.68458086,0.69656765,1.5438122749328613,1.5438628196716309,-1.5509158372879028,-1.5507185459136963,3.1166064739227295,3.1185896396636963,0.025153061375021935,0.028286147862672806,1.1856600046157837,1.1856775283813477,-1.2203365564346313,-1.2174668312072754
Fluid,24872,24872,0.2449999,1.0,1.0,0.0005566466659370908,0.0004890640050065441,-0.08050958902515763,-0.08049881120254913,1.0500487775924376,1.0530375583568692,0.24791773907533507,0.24792296502248817,1.0,1.0,19.998889339050706,19.99902398964338,0.24,0.004999900460000012,0.60097706,0.6122411,1.543489933013916,1.5435127019882202,-1.5524522066116333,-1.5522528886795044,3.102097988128662,3.10383677482605,0.02343183010816574,0.02449873834848404,1.185613751411438,1.1856087446212769,-1.2452677488327026,-1.2420369386672974
Fluid,24872,24872,0.2849999,1.0,1.0,0.0011649473097733514,0.001068571079333907,-0.0806354101836842,-0.08061368866314667,1.028214510566255,1.0307696357022087,0.247874279155948,0.2478828611472893,1.0,1.0,19.99767975195231,19.997871238344082,0.28,0.00499987721399997,0.5152456,0.5240953,1.5436673164367676,1.543616533279419,-1.5544275045394897,-1.55413818359375,3.088627576828003,3.0902774333953857,0.021841756999492645,0.021650636568665504,1.1857330799102783,1.185713768005371,-1.2738829851150513,-1.270005226135254
Fluid,24872,24872,0.3249998,1.0,1.0,0.0021013862450143493,0.001949400923120301,-0.0808968776483514,-0.08085797857834658,1.0091731416059424,1.0114444916713359,0.24778707856048784,0.2477989461316091,1.0,1.0,19.99582222996513,19.99612356328857,0.32,0.004999839066999967,0.45971808,0.46528006,1.5441372394561768,1.5440709590911865,-1.5570669174194336,-1.5567102432250977,3.0757546424865723,3.077332019805908,0.021616365760564804,0.021572554484009743,1.1859241724014282,1.1858969926834106,-1.3036772012710571,-1.30014169216156
Fluid,24872,24872,0.3648785,1.0,1.0,0.0033789255926027816,0.003179700049417453,-0.08126309594701425,-0.08121439524671323,0.9920327506761581,0.9940509792025167,0.24771269900040105,0.24771936489574686,1.0,1.0,19.993294686817134,19.993688641349078,0.36,0.004878505468000005,0.42007908,0.4246861,1.5447190999984741,1.5446406602859497,-1.5601621866226196,-1.559757113456726,3.0634849071502686,3.0649592876434326,0.022428466007113457,0.022401677444577217,1.1861839294433594,1.1861488819122314,-1.3278753757476807,-1.3253754377365112
Fluid,24872,24872,0.401976,1.0,1.0,0.004884932639531364,0.004757216933821401,-0.08169618980270377,-0.08166839131534558,0.977475774744942,0.9780727380149914,0.24770526083344435,0.2477005759727997,1.0,1.0,19.990323524913745,19.990575645084203,0.4,0.001976019143999974,0.38516572,0.3949624,1.54536771774292,1.5453205108642578,-1.5635771751403809,-1.563352346420288,3.052429437637329,3.0529417991638184,0.02262141741812229,0.02261343039572239,1.186476230621338,1.1864527463912964,-1.3454711437225342,-1.3444101810455322
Fluid,24872,24872,0.4418381,1.0,1.0,0.00681786885660995,0.006673528443663067,-0.08228864832252537,-0.08224413392873017,0.9631076549231076,0.9630923849581742,0.24778756036167923,0.2477732476694902,1.0,1.0,19.986520957624695,19.986805082786194,0.44,0.0018380558489999865,0.35877898,0.3753855,1.5461920499801636,1.5461276769638062,-1.5679020881652832,-1.5675945281982422,3.0406174659729004,3.0408480167388916,0.022811157628893852,0.022812440991401672,1.1867979764938354,1.1867579221725464,-1.3604446649551392,-1.3603864908218384
Fluid,24872,24872,0.4813483,1.0,1.0,0.008955732660321552,0.008827074615919264,-0.08299810435349135,-0.08293687120349895,0.9497274168360087,0.9488399920370412,0.24795921097697385,0.24794560749246716,1.0,1.0,19.98232952150435,19.98258210953964,0.48,0.0013483357430000287,0.34162584,0.35968074,1.5471004247665405,1.54704749584198,-1.572647213935852,-1.5723222494125366,3.0287084579467773,3.028470516204834,0.022995885461568832,0.023010699078440666,1.187108039855957,1.1870607137680054,-1.3592133522033691,-1.3598453998565674
Fluid,24872,24872,0.5207376,1.0,1.0,0.011292202414127787,0.011204084857010006,-0.08380761562984997,-0.08373403620032067,0.9369890784554785,0.9351878502610178,0.24821042743689434,0.24820606378690438,1.0,1.0,19.977763954946642,19.977936734644,0.52,0.0007375884060000226,0.33021384,0.34796768,1.548063039779663,1.5480438470840454,-1.5777047872543335,-1.5774095058441162,3.0164997577667236,3.015721559524536,0.02325838804244995,0.023318670690059662,1.1874215602874756,1.1873726844787598,-1.3416788578033447,-1.3423893451690674
Fluid,24872,24872,0.5601712,1.0,1.0,0.013808876314832933,0.01377750071231032,-0.08471027580862724,-0.08462878985559025,0.924653330687062,0.9219844809529033,0.24856043571985817,0.24857046898841156,1.0,1.0,19.97286313544059,19.972925042139828,0.56,0.00017118692399997748,0.32256365,0.33938518,1.5491182804107666,1.5491381883621216,-1.5831713676452637,-1.5829310417175293,3.003812313079834,3.0024824142456055,0.02362919971346855,0.023716239258646965,1.1877567768096924,1.1877074241638184,-1.305418610572815,-1.305514931678772
Fluid,24872,24872,0.6040503,1.0,1.0,0.016807130867004662,0.016521107901842934,-0.08581957018358442,-0.08561688536929668,0.9113367630904058,0.9091739786250218,0.24910267646552983,0.24907215180048636,1.0,1.0,19.967045536528985,19.96760098977885,0.6,0.004050338268000053,0.31614593,0.33277526,1.5505003929138184,1.5504281520843506,-1.5898139476776123,-1.5889519453048706,2.988872528076172,2.9885025024414062,0.023854156956076622,0.02371496893465519,1.1881619691848755,1.1880706548690796,-1.243296504020691,-1.2495957612991333
Fluid,24872,24872,0.6436543,1.0,1.0,0.01961706873962666,0.01935899784835648,-0.08691969819890558,-0.08670516234641938,0.8996463806756188,0.8967365873204685,0.24974706035966204,0.24972567795527198,1.0,1.0,19.96161423261697,19.96211430619253,0.64,0.003654346465999936,0.3120715,0.32640386,1.5518194437026978,1.5517852306365967,-1.5964761972427368,-1.5956295728683472,2.9781785011291504,2.9775760173797607,0.023760072886943817,0.023688504472374916,1.188578724861145,1.1884843111038208,-1.1686004400253296,-1.1754212379455566
Fluid,24872,24872,0.6833947,1.0,1.0,0.02250030916853499,0.022260111435703233,-0.08814817943670761,-0.08792039884994841,0.8881832413532196,0.8846065087420504,0.2505375963856516,0.2505247661330605,1.0,1.0,19.956059533708462,19.95652420300692,0.68,0.003394670485999951,0.3100059,0.32457048,1.553227424621582,1.553223967552185,-1.6039421558380127,-1.6030949354171753,2.969496488571167,2.968626022338867,0.023886507377028465,0.02389758639037609,1.1890287399291992,1.1889305114746094,-1.0762423276901245,-1.0833959579467773
Fluid,24872,24872,0.7233872,1.0,1.0,0.02546049254055999,0.025222840496500455,-0.08953356694180882,-0.08929054560186206,0.8768501620716184,0.8727142172849843,0.2514618784860232,0.2514557019887829,1.0,1.0,19.950373236793304,19.950831598237077,0.72,0.0033872413640000376,0.31033516,0.32323867,1.5547335147857666,1.5547621250152588,-1.6122738122940063,-1.6114028692245483,2.960085868835449,2.95892333984375,0.023947881534695625,0.024054251611232758,1.1894947290420532,1.189392328262329,-0.9665481448173523,-0.974547266960144
Fluid,24872,24872,0.7624359,1.0,1.0,0.028403598411540675,0.028231122818841076,-0.09114608525007366,-0.09093883579910514,0.8658212944433116,0.8611581696180316,0.2521622135081793,0.2522260109465911,1.0,1.0,19.9447349297268,19.94506741382946,0.76,0.0024359130859999967,0.308592,0.31082103,1.5563273429870605,1.5564522743225098,-1.6211215257644653,-1.620572566986084,2.949876546859741,2.9483752250671387,0.02438431605696678,0.0246278103441,1.1899954080581665,1.1912288665771484,-0.9167491793632507,-0.9168955683708191
Fluid,24872,24872,0.8024359,1.0,1.0,0.031459705037698064,0.031277600540869546,-0.09310588097951986,-0.09294326791047616,0.8547183888952822,0.8501166065392615,0.25249478162263916,0.25258146397812586,1.0,1.0,19.938894357432808,19.939243530759324,0.8,0.0024358749389999934,0.30307633,0.30170888,1.5580655336380005,1.5582512617111206,-1.631105899810791,-1.630785346031189,2.93906831741333,2.937607526779175,0.024315733462572098,0.02411593124270439,1.1944375038146973,1.1980347633361816,-0.9031397700309753,-0.9019961357116699
Fluid,24872,24872,0.8424358,1.0,1.0,0.03454514123256324,0.034356504470264684,-0.0953488793264836,-0.09524303699635993,0.8439484517182586,0.8394598956779274,0.2527656441887834,0.25285569628240495,1.0,1.0,19.933009382611726,19.933369276798896,0.84,0.00243583679199999,0.29852968,0.29708135,1.559846043586731,1.5600757598876953,-1.642153263092041,-1.6420835256576538,2.930868148803711,2.9296860694885254,0.023416629061102867,0.02315371111035347,1.2008943557739258,1.2043448686599731,-0.8927077054977417,-0.8907085657119751
Fluid,24872,24872,0.8824358,1.0,1.0,0.03766167147552494,0.03744155980474994,-0.09782998838745616,-0.0977859117384867,0.8334122521058533,0.8290177544940774,0.25303944796440603,0.2531318926442943,1.0,1.0,19.927076087576204,19.927495115322483,0.88,0.002435798644999987,0.2972752,0.29615843,1.561655044555664,1.561911940574646,-1.6541264057159424,-1.6543220281600952,2.9242496490478516,2.9231319427490234,0.02237227000296116,0.022081002593040466,1.2069783210754395,1.2102859020233154,-0.8834530115127563,-0.8811649084091187
Fluid,24872,24872,0.9224358,1.0,1.0,0.04077866590692636,0.040532123223712295,-0.10053144706785799,-0.10055351623397796,0.8230003886392574,0.8187020581626612,0.2533287293976847,0.25343084053833476,1.0,1.0,19.92115297789894,19.9216219023057,0.92,0.0024357604979999836,0.29788506,0.2969368,1.5634918212890625,1.5637770891189575,-1.6669431924819946,-1.6674436330795288,2.917609691619873,2.916405439376831,0.02131054364144802,0.0210906732827425,1.2127982378005981,1.2159734964370728,-0.8774117231369019,-0.8765268921852112
Fluid,24872,24872,0.9624357,1.0,1.0,0.0439017572359694,0.043635452268708866,-0.10346163105348112,-0.10355880417700482,0.8126875640769469,0.8084799376019508,0.25364783047313505,0.2537679230015013,1.0,1.0,19.915229058718136,19.915734509556728,0.96,0.0024357223509999804,0.29933074,0.29863492,1.5653634071350098,1.565667748451233,-1.6805758476257324,-1.681399941444397,2.9102864265441895,2.9089107513427734,0.02058745175600052,0.020742982625961304,1.2183890342712402,1.2214231491088867,-0.8748661875724792,-0.8743637204170227
Fluid,24872,24872,1.0024357,1.0,1.0,0.04703099757128174,0.04673926364756293,-0.10662743374673861,-0.10679490378732506,0.8024432480106973,0.7983257067541063,0.25399775892574294,0.25412560931948214,1.0,1.0,19.90930302206747,19.90985680608053,1.0,0.0024356841999999546,0.30090618,0.2997144,1.567257046699524,1.5675674676895142,-1.694933295249939,-1.6959903240203857,2.9040493965148926,2.9025957584381104,0.020732399076223373,0.021064750850200653,1.2237523794174194,1.2266417741775513,-0.8731334209442139,-0.8727339506149292
Fluid,24872,24872,1.0424356,1.0,1.0,0.050165290338152306,0.04984775918241414,-0.1099864272880028,-0.11020942466747197,0.7922710445073717,0.788244012866727,0.2543611851197764,0.25449687062346893,1.0,1.0,19.903377172378683,19.90397859225514,1.04,0.0024356460599999075,0.30173293,0.30103698,1.5691475868225098,1.5694706439971924,-1.7097476720809937,-1.7110062837600708,2.8978271484375,2.896444082260132,0.02132805809378624,0.021782593801617622,1.2288975715637207,1.2316502332687378,-0.8717137575149536,-0.8713787794113159
Fluid,24872,24872,1.0824356,1.0,1.0,0.05330218355544051,0.052952595852669794,-0.11351297688299006,-0.1138008569062281,0.7821616808850596,0.7782112003022331,0.2547423631353043,0.2548855667355377,1.0,1.0,19.89745422780763,19.898114536689693,1.08,0.0024356079099998595,0.30414793,0.3035434,1.5710865259170532,1.5714255571365356,-1.7268146276474,-1.729249358177185,2.8899691104888916,2.889045238494873,0.02222667634487152,0.022754399105906487,1.2337876558303833,1.2364000082015991,-0.8706011176109314,-0.8703420162200928
Fluid,24872,24872,1.1224356,1.0,1.0,0.0564536990135988,0.05607458031287366,-0.1172366657745316,-0.11759061953638512,0.7720819076782451,0.7681943022077001,0.2551547224066035,0.25530612627372334,1.0,1.0,19.891511117043162,19.89222586319814,1.12,0.0024355697599998116,0.30723903,0.30718762,1.5730819702148438,1.5734281539916992,-1.7507296800613403,-1.7535285949707031,2.8809762001037598,2.88004469871521,0.023314587771892548,0.023693198338150978,1.238413691520691,1.240893006324768,-0.8697707056999207,-0.8695053458213806
Fluid,24872,24872,1.1624355,1.0,1.0,0.059614567482513835,0.05921047615069907,-0.12117661728205242,-0.12159233484601428,0.7619795616165411,0.758144606541451,0.255589500209062,0.25574563256594907,1.0,1.0,19.885557912100776,19.886318849727402,1.16,0.0024355316199999866,0.3115898,0.31155026,1.5750949382781982,1.5754318237304688,-1.775661587715149,-1.778773546218872,2.872676134109497,2.8714418411254883,0.02414565533399582,0.024378785863518715,1.2428299188613892,1.245205044746399,-0.8689644932746887,-0.8686609268188477
Fluid,24872,24872,1.2024355,1.0,1.0,0.06279861780663001,0.06236687666091258,-0.1253183691931787,-0.12579528543823745,0.7518326401039952,0.7480430455836289,0.25604345119639454,0.25620792641272383,1.0,1.0,19.879568536552288,19.880380082567545,1.2,0.0024354934699999387,0.31668827,0.31652567,1.5771102905273438,1.5774353742599487,-1.8016161918640137,-1.805052638053894,2.865138530731201,2.863743782043457,0.024644190445542336,0.024495253339409828,1.2470099925994873,1.2492700815200806,-0.8680953979492188,-0.8677099943161011
Fluid,24872,24872,1.2424355,1.0,1.0,0.0659824689693139,0.06551220074978083,-0.12966428462997973,-0.13019470456110216,0.7416130259172345,0.7378663249678842,0.25653233123446245,0.256712571042822,1.0,1.0,19.873585496388973,19.87446755402799,1.24,0.0024354553200001128,0.321822,0.32172632,1.579119086265564,1.5794259309768677,-1.8285937309265137,-1.832299828529358,2.857923746109009,2.8563711643218994,0.024067986756563187,0.023814184591174126,1.2509229183197021,1.2530770301818848,-0.8674015402793884,-0.8673607707023621
Fluid,24872,24872,1.2824354,1.0,1.0,0.06916699252329615,0.0686607411898447,-0.13420416210469813,-0.13478106359580347,0.7313194353616925,0.7276140660079434,0.2570729275394606,0.2572759305511596,1.0,1.0,19.867606643619702,19.868554482240697,1.28,0.0024354171800000657,0.3270848,0.32690358,1.5811145305633545,1.5813955068588257,-1.856560468673706,-1.8605053424835205,2.8501691818237305,2.8488221168518066,0.023563994094729424,0.023458126932382584,1.2545416355133057,1.2566064596176147,-0.8674178719520569,-0.8673899173736572
Fluid,24872,24872,1.3224354,1.0,1.0,0.07235044930150078,0.07181563413865898,-0.13892727407925465,-0.13953894454474813,0.7209559558694101,0.7172921961136719,0.25767115438478316,0.2578915154448168,1.0,1.0,19.86163407401204,19.862633468330998,1.32,0.0024353790300000178,0.33168745,0.33127072,1.5830788612365723,1.5833219289779663,-1.8854655027389526,-1.8896193504333496,2.8417105674743652,2.840172052383423,0.023379378020763397,0.02340002730488777,1.2578791379928589,1.2598450183868408,-0.8666433095932007,-0.8663077354431152
Fluid,24872,24872,1.3624353,1.0,1.0,0.0755382369123762,0.07496477783651254,-0.14380884870357186,-0.14444939822463895,0.7105212459806802,0.7069239576947635,0.2583076118192932,0.2585456619691014,1.0,1.0,19.855656603518387,19.856725729481894,1.36,0.00243534087999997,0.3359288,0.334675,1.5849980115890503,1.5851948261260986,-1.9151939153671265,-1.9195150136947632,2.835144281387329,2.8330905437469482,0.02345317229628563,0.02355903387069702,1.2609280347824097,1.2627625465393066,-0.8647937774658203,-0.8642574548721313
Fluid,24872,24872,1.4024353,1.0,1.0,0.0787186996267041,0.07811772086595496,-0.14883233258879935,-0.1494926669739424,0.7000444645866999,0.6965002200944274,0.2589932608662455,0.2592525157965744,1.0,1.0,19.84969463774766,19.85081354656876,1.4,0.002435302730000144,0.33978325,0.33912465,1.5868566036224365,1.5870258808135986,-1.9455915689468384,-1.9499790668487549,2.828946352005005,2.82694149017334,0.02370329573750496,0.023872055113315582,1.263629674911499,1.2653450965881348,-0.8623099327087402,-0.8616604208946228
Fluid,24872,24872,1.4424353,1.0,1.0,0.08191375269450586,0.081280695240589,-0.15397284768233313,-0.15464414822139283,0.6894830404893139,0.6859915972915417,0.25975584673439744,0.2600354193006581,1.0,1.0,19.843709748134078,19.84488663998552,1.44,0.002435264590000097,0.3442102,0.34341747,1.5886871814727783,1.5888735055923462,-1.9763423204421997,-1.9807281494140625,2.822079658508301,2.820431709289551,0.024085093289613724,0.024297531694173813,1.2661077976226807,1.2677496671676636,-0.8595362901687622,-0.8587659597396851
Fluid,24872,24872,1.4824352,1.0,1.0,0.08511745400421199,0.08444819288203628,-0.1592055803511427,-0.15987796531506385,0.6788262216175522,0.6753835061656556,0.2605914338710534,0.2608866841926507,1.0,1.0,19.837710861532432,19.83895429578691,1.48,0.002435226440000049,0.34881744,0.3475907,1.590561032295227,1.5907727479934692,-2.0073421001434326,-2.011741876602173,2.8145699501037598,2.8127710819244385,0.024560516700148582,0.02480662427842617,1.2683994770050049,1.269930124282837,-0.8560786843299866,-0.8549655675888062
Fluid,24872,24872,1.5224352,1.0,1.0,0.08832290068241673,0.08761466527614063,-0.1644954154034702,-0.16515950414035488,0.6681048990739225,0.6647203286476768,0.2614998153406958,0.26182207964166304,1.0,1.0,19.831713196241267,19.83302763682464,1.52,0.002435188290000001,0.3514147,0.3500805,1.5924863815307617,1.5927135944366455,-2.0386722087860107,-2.0430729389190674,2.8076064586639404,2.805696487426758,0.02511141635477543,0.025373967364430428,1.270342469215393,1.2717565298080444,-0.8511737585067749,-0.8495950102806091
Fluid,24872,24872,1.5624352,1.0,1.0,0.09151687016848227,0.09077259370563359,-0.16981575755789174,-0.17046165467634133,0.6573363336528978,0.6540126768895657,0.2625081846304777,0.2628630427610331,1.0,1.0,19.825738916906293,19.827119152045167,1.56,0.002435150149999954,0.3536849,0.35232162,1.5944039821624756,1.594641923904419,-2.0701305866241455,-2.0744662284851074,2.8006675243377686,2.7987027168273926,0.02571907453238964,0.025858663022518158,1.2720543146133423,1.27341628074646,-0.8449044227600098,-0.8431296348571777
Fluid,24872,24872,1.6024351,1.0,1.0,0.09470357471222095,0.09394041304276497,-0.17515658423075098,-0.17578840550426458,0.6465544537066708,0.6434136617294581,0.2636413447634967,0.26404120953356736,1.0,1.0,19.819778515235065,19.821192349909047,1.6,0.002435111999999906,0.35486054,0.35190412,1.5962975025177002,1.5965497493743896,-2.1014370918273926,-2.1056573390960693,2.793928861618042,2.7917520999908447,0.02549589052796364,0.025409644469618797,1.2737770080566406,1.2750353813171387,-0.8388106226921082,-0.8374019861221313
Fluid,24872,24872,1.6424351,1.0,1.0,0.09788143927780364,0.09709064225514433,-0.18054486966735947,-0.18116383266892258,0.6359543252987059,0.6329073804721533,0.2649378444407532,0.26538120187274294,1.0,1.0,19.81383428569007,19.815297549389765,1.64,0.00243507385000008,0.35222712,0.34845015,1.5980736017227173,1.5982611179351807,-2.13227915763855,-2.1362271308898926,2.7872185707092285,2.7850098609924316,0.025177164003252983,0.024867845699191093,1.275496244430542,1.2766886949539185,-0.8341423869132996,-0.8329505920410156
Fluid,24872,24872,1.682435,1.0,1.0,0.10104237144387826,0.10022961364344253,-0.1859589301466992,-0.18654718973353954,0.6255185387756923,0.6226424568865344,0.2664221553627705,0.2669236221958624,1.0,1.0,19.807919635769636,19.809422228565627,1.68,0.002435035710000033,0.34596702,0.34117812,1.5994772911071777,1.599552869796753,-2.1621522903442383,-2.165710687637329,2.7803871631622314,2.7782702445983887,0.024669092148542404,0.02441873401403427,1.2772622108459473,1.2784582376480103,-0.8301685452461243,-0.8291522264480591
Fluid,24872,24872,1.722435,1.0,1.0,0.10417655057604157,0.10333445032315323,-0.19134653870411153,-0.19188144355524067,0.6153783313250789,0.6126387052295802,0.2681198018826871,0.2686693917108213,1.0,1.0,19.802053589957364,19.803610784212236,1.72,0.002434997559999985,0.33654737,0.3325569,1.600381851196289,1.600372314453125,-2.190568208694458,-2.193657159805298,2.773257255554199,2.7713747024536133,0.024290455505251884,0.024122972041368484,1.2792198657989502,1.2803943157196045,-0.8273305296897888,-0.82685387134552
Fluid,24872,24872,1.762435,1.0,1.0,0.10730223422963625,0.10641769628176834,-0.19661938403262771,-0.19707990742904719,0.6055642172721016,0.6029809764517491,0.2700057952407848,0.27058930849894164,1.0,1.0,19.796204979836116,19.79783975176966,1.76,0.002434959409999937,0.3256916,0.32388684,1.6008994579315186,1.6008551120758057,-2.217137098312378,-2.2197141647338867,2.7657697200775146,2.764171838760376,0.023997845128178596,0.023909958079457283,1.2813527584075928,1.2824804782867432,-0.8265539407730103,-0.8262479901313782
Fluid,24872,24872,1.8024349,1.0,1.0,0.1104156978388515,0.10950417906881174,-0.20167783985278984,-0.20204873872131837,0.5960911747847614,0.5936905308365229,0.2720218656280795,0.27263196475917534,1.0,1.0,19.790380260422133,19.79206532671276,1.8,0.0024349212599998893,0.31264487,0.31136444,1.6012763977050781,1.6012563705444336,-2.24165415763855,-2.2437894344329834,2.758730888366699,2.7567100524902344,0.023831697180867195,0.023803694173693657,1.2835350036621094,1.2845616340637207,-0.8260626792907715,-0.8256571292877197
Fluid,24872,24872,1.8424349,1.0,1.0,0.11352794030032677,0.11258690240124174,-0.20645774241408646,-0.20673679081139257,0.5870248992840801,0.5847512890452812,0.2741409176986799,0.274767969396561,1.0,1.0,19.784562018340175,19.786301084943585,1.84,0.002434883119999842,0.3005589,0.30077928,1.6017411947250366,1.6017684936523438,-2.2643892765045166,-2.266123056411743,2.75211501121521,2.749800443649292,0.021807143464684486,0.021867113187909126,1.2855231761932373,1.2864964008331299,-0.8260939717292786,-0.8259963989257812
Fluid,24872,24872,1.8824348,1.0,1.0,0.11663775605480531,0.11566289121145115,-0.21095236050592298,-0.2111469603654527,0.5783248245892834,0.5761818966416995,0.2763515581483212,0.27698572092951235,1.0,1.0,19.77874959071145,19.780550694151223,1.88,0.0024348449700000163,0.2898654,0.28938368,1.6024081707000732,1.6024900674819946,-2.2854373455047607,-2.2867867946624756,2.745572090148926,2.7432351112365723,0.02200937457382679,0.022091124206781387,1.2873915433883667,1.2883206605911255,-0.8272386193275452,-0.827229917049408
Fluid,24872,24872,1.9224348,1.0,1.0,0.11974033510956746,0.11872615477915821,-0.21516454553299896,-0.21527367072914128,0.5700151063742229,0.5679909589980636,0.2786402902240374,0.27927581965803955,1.0,1.0,19.77295171781229,19.774824988002294,1.92,0.0024348068199999684,0.27817586,0.27777287,1.603227972984314,1.6033438444137573,-2.304741144180298,-2.3056867122650146,2.7390477657318115,2.7366862297058105,0.02224835380911827,0.02233475260436535,1.2892059087753296,1.290101408958435,-0.8289926052093506,-0.8290753960609436
Fluid,24872,24872,1.9624348,1.0,1.0,0.12282148033646102,0.12176290287219187,-0.2190848413198658,-0.2191067409565946,0.5620528052264574,0.5601301170268026,0.2809910358456013,0.281621883987383,1.0,1.0,19.767194480135267,19.769149017625395,1.96,0.0024347686800001433,0.26776147,0.26766598,1.6041259765625,1.6042760610580444,-2.3222973346710205,-2.322861671447754,2.7324953079223633,2.7300939559936523,0.022541522979736328,0.022617701441049576,1.2909616231918335,1.291804552078247,-0.8311729431152344,-0.8312837481498718
Fluid,24872,24872,2.0024347,1.0,1.0,0.12590281460479477,0.12481685920648822,-0.22272733214466173,-0.2226642730817182,0.5543553970743512,0.5525329045191391,0.2833771369784778,0.2839997771777994,1.0,1.0,19.761440608922445,19.76344593562816,2.0,0.0024347305300000954,0.25899434,0.25585532,1.605115294456482,1.6053577661514282,-2.3382880687713623,-2.338505268096924,2.725877523422241,2.7234299182891846,0.022754566743969917,0.022780291736125946,1.2926394939422607,1.2934134006500244,-0.8336005806922913,-0.8337964415550232
Fluid,24872,24872,2.0424356,1.0,1.0,0.1289800682124942,0.12785547697187538,-0.2261078363098294,-0.22596777505052615,0.5469415780147415,0.545205365448316,0.28578560476905934,0.2863906219794995,1.0,1.0,19.75569591394917,19.757772385403058,2.04,0.0024356460599999075,0.2506494,0.24935609,1.606282353401184,1.6066327095031738,-2.352867364883423,-2.352762222290039,2.7191872596740723,2.7166950702667236,0.022843921557068825,0.02287624590098858,1.2943146228790283,1.2950185537338257,-0.8363820910453796,-0.8364825248718262
Fluid,24872,24872,2.0824366,1.0,1.0,0.13206060835222122,0.13090052732361535,-0.22924734379071113,-0.22903491721737768,0.5397646372486894,0.5380872204951761,0.2881984879122066,0.2887766290674995,1.0,1.0,19.749948989850374,19.752089973660134,2.08,0.0024365615799997187,0.24462345,0.23933801,1.6076562404632568,1.6081165075302124,-2.3661675453186035,-2.3657753467559814,2.7124359607696533,2.7099075317382812,0.02299180068075657,0.022899482399225235,1.2960340976715088,1.2966557741165161,-0.8389185070991516,-0.838939905166626
Fluid,24872,24872,2.1224375,1.0,1.0,0.13515885943962047,0.1339563731598833,-0.23216895524822187,-0.23188564892595856,0.5327853553837969,0.5312112172417451,0.2905971800893927,0.291151275420078,1.0,1.0,19.74417305958927,19.746391046848586,2.12,0.002437477109999975,0.23503381,0.2328955,1.6092504262924194,1.609946608543396,-2.3783011436462402,-2.3776447772979736,2.7056498527526855,2.7030959129333496,0.022763043642044067,0.02274446189403534,1.2978065013885498,1.2983752489089966,-0.8413733839988708,-0.841391384601593
Fluid,24872,24872,2.1624384,1.0,1.0,0.13824583040383243,0.13701432987481735,-0.2348897620982704,-0.23453958906452288,0.5260265659285969,0.5245275934634658,0.2929697969731837,0.2934968571435335,1.0,1.0,19.738421082496643,19.740691737370998,2.16,0.002438392639999787,0.2290359,0.22856465,1.6126676797866821,1.6150552034378052,-2.3893892765045166,-2.388497829437256,2.6988508701324463,2.6962733268737793,0.02241619862616062,0.022163592278957367,1.2996459007263184,1.300125002861023,-0.8438209891319275,-0.8437509536743164
Fluid,24872,24872,2.2024393,1.0,1.0,0.14133146786220685,0.14006681825708558,-0.23742114041487683,-0.2370104839387699,0.5194422120489623,0.518005717311644,0.29529479883529797,0.2957933035401098,1.0,1.0,19.732674258358802,19.735004979032688,2.2,0.002439308170000043,0.22539017,0.21966392,1.6178430318832397,1.6201317310333252,-2.399547815322876,-2.3984482288360596,2.6920409202575684,2.689439535140991,0.021188227459788322,0.020918555557727814,1.3014534711837769,1.3017888069152832,-0.8460280299186707,-0.845870852470398
Fluid,24872,24872,2.2421947,1.0,1.0,0.14441597695033498,0.14313516765813133,-0.23976173758358194,-0.23930662408737413,0.5130843154549234,0.5117008641317856,0.2975521513798456,0.2980292185284805,1.0,1.0,19.7269327700349,19.729292996752566,2.24,0.0021946525599996214,0.21589562,0.21454754,1.6229039430618286,1.6251708269119263,-2.4088034629821777,-2.407562494277954,2.685283899307251,2.6826140880584717,0.020206963643431664,0.019967760890722275,1.3031442165374756,1.3033878803253174,-0.8480374217033386,-0.8478714227676392
Fluid,24872,24872,2.2821956,1.0,1.0,0.14752499404966016,0.14622207235503967,-0.24194665068500498,-0.24144185616851366,0.5069131414571058,0.5055633780228057,0.2997544485845243,0.30019383406256767,1.0,1.0,19.72115078184067,19.723550842290678,2.28,0.0021955680800003208,0.20942937,0.20765252,1.627910852432251,1.6300551891326904,-2.4172866344451904,-2.4158706665039062,2.678511381149292,2.6758339405059814,0.01948849856853485,0.019276583567261696,1.3073574304580688,1.306389331817627,-0.8499840497970581,-0.8498125076293945
Fluid,24872,24872,2.3221965,1.0,1.0,0.1506430746513062,0.14932166232521088,-0.24396650586584293,-0.24341919969607967,0.500944858459527,0.4996553303354236,0.30185334557285737,0.3022518831690848,1.0,1.0,19.71535626666344,19.717789999654187,2.32,0.002196483610000133,0.20068257,0.19817455,1.6327491998672485,1.634807825088501,-2.424938678741455,-2.4233694076538086,2.6717982292175293,2.6691174507141113,0.01896895095705986,0.01878936216235161,1.312589406967163,1.311428427696228,-0.8518054485321045,-0.8516203761100769
Fluid,24872,24872,2.3621974,1.0,1.0,0.15377367595460523,0.15242042778719803,-0.24582009854332276,-0.24523267626310657,0.49522921287298294,0.49400253969154195,0.30380687733924394,0.3041670699631939,1.0,1.0,19.709542441651845,19.712034483897643,2.36,0.002197399139999945,0.19007961,0.18762696,1.6374667882919312,1.6394386291503906,-2.431759834289551,-2.430040121078491,2.6672911643981934,2.6655173301696777,0.018626000732183456,0.01847757399082184,1.3172972202301025,1.3159610033035278,-0.8534983396530151,-0.8532903790473938
Fluid,24872,24872,2.4021983,1.0,1.0,0.1569099496742701,0.15552988791810035,-0.24749239727443736,-0.246863440878497,0.48979380303532805,0.4886245476503594,0.30558368110255735,0.30590388654973033,1.0,1.0,19.703722459244627,19.706263302222983,2.4,0.002198314670000201,0.17818277,0.17593029,1.642048716545105,1.643935203552246,-2.4377083778381348,-2.4358410835266113,2.6637654304504395,2.6619808673858643,0.018430115655064583,0.018319381400942802,1.3214205503463745,1.3199371099472046,-0.8550418019294739,-0.8547877669334412
Fluid,24872,24872,2.4421992,1.0,1.0,0.16006372255713802,0.15865414399660085,-0.24896660186918007,-0.24829522883104643,0.4846026820480229,0.4834869636525872,0.3071689997314103,0.30745027375534606,1.0,1.0,19.697876275410106,19.700470092213013,2.44,0.002199230190000012,0.1683163,0.16598651,1.6464769840240479,1.6482958793640137,-2.4428141117095947,-2.4408164024353027,2.660219192504883,2.6584274768829346,0.01837885193526745,0.01831069216132164,1.325005292892456,1.3234041929244995,-0.8563668727874756,-0.8560791611671448
Fluid,24872,24872,2.4822001,1.0,1.0,0.16322999332868185,0.16179846303318912,-0.250243476499591,-0.24953138571272698,0.47962636687707766,0.47856195504841836,0.3085750258381049,0.30881775745058493,1.0,1.0,19.692011381890392,19.694645829851048,2.48,0.0022001457199998242,0.1588771,0.15705815,1.650769591331482,1.6525287628173828,-2.447219133377075,-2.4450976848602295,2.6566617488861084,2.6548688411712646,0.018465327098965645,0.018437549471855164,1.3281397819519043,1.326434850692749,-0.8577274084091187,-0.8574413657188416
Fluid,24872,24872,2.5222011,1.0,1.0,0.16641942361006812,0.16496495524426097,-0.2513312529666926,-0.25058149869569324,0.47485789614656193,0.4738378558680385,0.3098130727759454,0.31002292527821274,1.0,1.0,19.686110263432134,19.68878676405134,2.52,0.0022010612500000803,0.1507701,0.14902848,1.6549336910247803,1.6566334962844849,-2.4516453742980957,-2.4494218826293945,2.6531050205230713,2.6513164043426514,0.01859237626194954,0.01858975552022457,1.3308840990066528,1.329093337059021,-0.859186589717865,-0.8589187860488892
Fluid,24872,24872,2.562202,1.0,1.0,0.16962567286713479,0.1681419209359933,-0.2522399655847917,-0.2514574979413205,0.47028282193162074,0.469308615977591,0.31090222102180054,0.31108708890515474,1.0,1.0,19.68018199067746,19.68291141094215,2.56,0.0022019767799998924,0.14343873,0.14203946,1.658973217010498,1.660591721534729,-2.455388307571411,-2.453087091445923,2.6495580673217773,2.647775650024414,0.018798504024744034,0.01883120648562908,1.3333032131195068,1.33143949508667,-0.8607147336006165,-0.8604798316955566
Fluid,24872,24872,2.6022029,1.0,1.0,0.17285445983522232,0.17134093989666638,-0.2529858802627214,-0.2521781116042073,0.46588618588825853,0.46495353152475777,0.31185989659498076,0.3120233741484776,1.0,1.0,19.674216777728507,19.676999509353735,2.6,0.0022028922999997036,0.13700029,0.13565327,1.6628659963607788,1.6644035577774048,-2.4585602283477783,-2.4562020301818848,2.646024465560913,2.6442484855651855,0.019062524661421776,0.01912231370806694,1.3354473114013672,1.333522081375122,-0.8622826337814331,-0.862070620059967
Fluid,24872,24872,2.6422038,1.0,1.0,0.17609544424071558,0.17457025366880827,-0.25359225088642684,-0.25276418655969074,0.46165111681229853,0.46074761484327836,0.31270156169539226,0.3128516776897624,1.0,1.0,19.6682341506758,19.671039326507664,2.64,0.0022038078299999597,0.131369,0.13016252,1.6666010618209839,1.6681008338928223,-2.4612526893615723,-2.4588541984558105,2.6425037384033203,2.640733480453491,0.019355330616235733,0.01943516731262207,1.33736252784729,1.3353853225708008,-0.8638195991516113,-0.8636067509651184
Fluid,24872,24872,2.6822047,1.0,1.0,0.17936683757183164,0.1778218421126205,-0.25407742670061406,-0.253236093590873,0.4575540578156355,0.4566865009105929,0.31344457229278605,0.31358873807769283,1.0,1.0,19.662201680298132,19.665043605221317,2.68,0.0022047233599997718,0.12724948,0.12608781,1.6702375411987305,1.6716758012771606,-2.463548421859741,-2.4611263275146484,2.6389942169189453,2.6372289657592773,0.019663624465465546,0.019759055227041245,1.339095950126648,1.3370602130889893,-0.8653128147125244,-0.8650952577590942
Fluid,24872,24872,2.7222056,1.0,1.0,0.18266367882918857,0.1811051123889215,-0.25446517152201603,-0.25361302412946607,0.4535890880847981,0.4527549679207158,0.31410319479103355,0.31424409551841415,1.0,1.0,19.65612888738786,19.658996560175574,2.72,0.002205638889999584,0.12278898,0.12228609,1.6737486124038696,1.6751481294631958,-2.4655301570892334,-2.463097333908081,2.6354947090148926,2.633733034133911,0.019986189901828766,0.020099354907870293,1.3406568765640259,1.3385566473007202,-0.866813063621521,-0.8665930032730103
Fluid,24872,24872,2.7622066,1.0,1.0,0.18599210085381973,0.18439272490554728,-0.2547734150047878,-0.253913060659315,0.4497295016245081,0.4489346005731877,0.3146919681195129,0.3148305103779735,1.0,1.0,19.65000397697374,19.65294532232938,2.76,0.002206554410000283,0.119836956,0.11904486,1.6771938800811768,1.678538203239441,-2.4672861099243164,-2.4648420810699463,2.6320018768310547,2.6302413940429688,0.020405255258083344,0.020542580634355545,1.342045783996582,1.339892029762268,-0.8682805299758911,-0.8680970072746277
Fluid,24872,24872,2.8022075,1.0,1.0,0.1893327054895713,0.18770484288283593,-0.2550199179995946,-0.2541540448214462,0.44597021381431534,0.4452131471516377,0.3152217480746843,0.3153612449830434,1.0,1.0,19.643860678958063,19.646853554129947,2.8,0.0022074699400000952,0.11751859,0.11602685,1.6805672645568848,1.6818604469299316,-2.4688730239868164,-2.466416835784912,2.6285109519958496,2.626748561859131,0.02088971808552742,0.021042704582214355,1.3432812690734863,1.3410820960998535,-0.8697183132171631,-0.8695853352546692
Fluid,24872,24872,2.8422084,1.0,1.0,0.1926836183883065,0.19102652982789217,-0.25522010409930435,-0.2543497789922554,0.44230934748302964,0.4415891804927394,0.315700769979218,0.31584829498039635,1.0,1.0,19.637702040175373,19.640747767201802,2.84,0.0022083854700003513,0.114399016,0.111933134,1.6838537454605103,1.685135006904602,-2.4703240394592285,-2.4678642749786377,2.6250157356262207,2.62324857711792,0.02144572325050831,0.021605530753731728,1.34439218044281,1.3421576023101807,-0.8711471557617188,-0.8710708618164062
Fluid,24872,24872,2.8822093,1.0,1.0,0.19605333814730322,0.1943755969702278,-0.25538418018572145,-0.25450734609170933,0.43872897410380357,0.4380008733345165,0.316136043428615,0.31630025655159266,1.0,1.0,19.631512927257504,19.634596265409108,2.88,0.0022093009900001626,0.112151615,0.110159464,1.6872256994247437,1.6885446310043335,-2.471667766571045,-2.4691925048828125,2.6215102672576904,2.6197361946105957,0.022076362743973732,0.022241268306970596,1.345395803451538,1.3431127071380615,-0.8725697994232178,-0.872542679309845
Fluid,24872,24872,2.9222102,1.0,1.0,0.19942882456927377,0.19772669420109532,-0.2555144375571175,-0.2546301865476927,0.4352062842827386,0.434481077670096,0.3165387088870935,0.31672030828371056,1.0,1.0,19.625316086287818,19.628443264585478,2.92,0.0022102165199999746,0.108640134,0.106192544,1.6907947063446045,1.6923764944076538,-2.4729113578796387,-2.470414400100708,2.617990255355835,2.6162095069885254,0.022772615775465965,0.022949151694774628,1.3463066816329956,1.3439724445343018,-0.8739917874336243,-0.8740107417106628
Fluid,24872,24872,2.9622111,1.0,1.0,0.20282048466598235,0.20109520063944536,-0.25561078762191947,-0.2547216689252753,0.43172918225363877,0.43101035491066114,0.316912883156438,0.3171079811359549,1.0,1.0,19.619093334264562,19.622262325536862,2.96,0.0022111320500002307,0.10473491,0.105731174,1.6948585510253906,1.6964222192764282,-2.4740500450134277,-2.471529006958008,2.614457607269287,2.61267352104187,0.023532746359705925,0.023692846298217773,1.3471359014511108,1.3447667360305786,-0.8753805160522461,-0.8754422068595886
Fluid,24872,24872,3.002212,1.0,1.0,0.206231523618895,0.20447365827600125,-0.2556748616313079,-0.2547789059500589,0.4283035282111805,0.42762422186487864,0.317260487395456,0.3174689012093701,1.0,1.0,19.61283936022025,19.616066764926327,3.0,0.0022120475800000428,0.104427844,0.10362119,1.6989091634750366,1.7004437446594238,-2.47507905960083,-2.472529411315918,2.6109201908111572,2.6091396808624268,0.024013908579945564,0.02393132820725441,1.3479241132736206,1.3455363512039185,-0.8767215013504028,-0.8768179416656494
Fluid,24872,24872,3.042213,1.0,1.0,0.20966163272198945,0.20787973729724532,-0.25570489193144175,-0.2548013429778118,0.42494720818855924,0.4243188166126505,0.31758256564294385,0.3178017581315773,1.0,1.0,19.606554900154343,19.609825248847095,3.04,0.002212963099999854,0.102630004,0.0999994,1.702919363975525,1.7044463157653809,-2.475998640060425,-2.4734175205230713,2.6073920726776123,2.6056225299835205,0.023728329688310623,0.02366410382091999,1.3486964702606201,1.3462936878204346,-0.8780059814453125,-0.8781335353851318
Fluid,24872,24872,3.0822139,1.0,1.0,0.2131320684496488,0.2113052760436645,-0.2557030411144487,-0.25479598265787096,0.42166433989119184,0.421057035877145,0.31787824595386305,0.3181082983440221,1.0,1.0,19.60020240632312,19.603552454420516,3.08,0.00221387863000011,0.099402525,0.10005057,1.7069092988967896,1.708374261856079,-2.4768190383911133,-2.474205732345581,2.6038870811462402,2.6021347045898438,0.023316673934459686,0.023412752896547318,1.349459171295166,1.3470361232757568,-0.8792269229888916,-0.8793953657150269
Fluid,24872,24872,3.1222148,1.0,1.0,0.21662545744176342,0.2147655319739513,-0.2556799303440856,-0.25476305221399753,0.4184199564128811,0.41786579318932027,0.31815294241273756,0.3183946499754769,1.0,1.0,19.593813546143302,19.597221230762724,3.12,0.002214794159999922,0.099282555,0.098458864,1.7108184099197388,1.7122278213500977,-2.4775519371032715,-2.474902629852295,2.600416421890259,2.598684072494507,0.02133832313120365,0.02317897230386734,1.3502107858657837,1.347762107849121,-0.8803931474685669,-0.8806063532829285
Fluid,24872,24872,3.1622157,1.0,1.0,0.22013725146868898,0.21824707703253432,-0.25563580674877473,-0.25470618904393316,0.4152394205439793,0.4147489783581767,0.3184126141136349,0.3186664110221738,1.0,1.0,19.587394754002432,19.590855103054395,3.16,0.002215709689999734,0.09824518,0.094628975,1.7146456241607666,1.7160346508026123,-2.47821044921875,-2.4755237102508545,2.59698486328125,2.5952723026275635,0.01936630718410015,0.022973908111453056,1.35094153881073,1.3484644889831543,-0.8815098404884338,-0.881764829158783
Fluid,24872,24872,3.2022166,1.0,1.0,0.22366150703126786,0.22172606897195768,-0.25557031781730494,-0.25463380998375845,0.41213129268945387,0.41166817103208536,0.3186615221952635,0.31893099122938157,1.0,1.0,19.580955957170083,19.584494695973266,3.2,0.0022166252099999895,0.09466481,0.095116206,1.7184247970581055,1.7197483777999878,-2.4788036346435547,-2.4760847091674805,2.593590497970581,2.59189510345459,0.019330404698848724,0.022805599495768547,1.3516486883163452,1.3491466045379639,-0.8825774788856506,-0.8828757405281067
Fluid,24872,24872,3.2422175,1.0,1.0,0.22719199807647505,0.22520618695833947,-0.2554900669447099,-0.2545485885904598,0.4090492272958933,0.40864711239108387,0.31890506254196876,0.31918805415928986,1.0,1.0,19.574508527691012,19.57813498187042,3.24,0.0022175407399998015,0.09515279,0.093999244,1.7221120595932007,1.723389983177185,-2.4793407917022705,-2.476594924926758,2.5902276039123535,2.58854603767395,0.019296720623970032,0.022669512778520584,1.352335810661316,1.3498106002807617,-0.883597731590271,-0.8839467763900757
Fluid,24872,24872,3.2822185,1.0,1.0,0.2307356206742472,0.22869557226958045,-0.2553945492189791,-0.25444526123658817,0.40604742222505114,0.4056858765579198,0.31914146906921226,0.31943489080508025,1.0,1.0,19.568041674076227,19.571761888911695,3.28,0.0022184562700000576,0.09143349,0.09107474,1.7257404327392578,1.7269916534423828,-2.479832410812378,-2.4770612716674805,2.586888313293457,2.585214853286743,0.0192647073417902,0.02256588265299797,1.3529983758926392,1.3504493236541748,-0.8851756453514099,-0.8853395581245422
Fluid,24872,24872,3.3222194,1.0,1.0,0.23429335331381815,0.2322163785921655,-0.25528641346590125,-0.25433057281298005,0.4030603148572922,0.40275658009387794,0.3193729381576194,0.3196749615377542,1.0,1.0,19.561553188979186,19.565335823355397,3.32,0.0022193718000003138,0.09077938,0.090128385,1.7293294668197632,1.730545163154602,-2.480283498764038,-2.4774909019470215,2.583562135696411,2.581890344619751,0.01923425868153572,0.022487657144665718,1.3536313772201538,1.3510611057281494,-0.886925220489502,-0.8871327638626099
Fluid,24872,24872,3.3622203,1.0,1.0,0.2378590821095949,0.23574795974212145,-0.2551682263899723,-0.25420837505449756,0.40011402656055806,0.3998679052548583,0.3195936376614168,0.3199047287559156,1.0,1.0,19.555053138778923,19.558893184870453,3.36,0.002220287320000125,0.08972452,0.089157395,1.7328847646713257,1.7340679168701172,-2.4807002544403076,-2.4778881072998047,2.580235004425049,2.578556776046753,0.01920524798333645,0.02244068682193756,1.3542404174804688,1.3516501188278198,-0.888581395149231,-0.8888383507728577
Fluid,24872,24872,3.4022212,1.0,1.0,0.24143400349573235,0.23928824578506286,-0.2550350306943555,-0.25407666994897415,0.39724702597775485,0.3970160271986497,0.3198041073421024,0.32013110119134475,1.0,1.0,19.54853861421663,19.55243829075797,3.4,0.002221202849999937,0.08706032,0.088123545,1.736415147781372,1.7375671863555908,-2.4810850620269775,-2.478256940841675,2.576890468597412,2.575197219848633,0.019177589565515518,0.02245556190609932,1.3548088073730469,1.3539313077926636,-0.8901708126068115,-0.8904383778572083
Fluid,24872,24872,3.4422221,1.0,1.0,0.24501239389604618,0.24283956838714826,-0.2548809814250834,-0.25393578618752594,0.3944582809591064,0.39420532706524936,0.32001802941593704,0.3203514495972922,1.0,1.0,19.54202039029369,19.54596780066553,3.44,0.002222118380000193,0.08566443,0.08699103,1.7399307489395142,1.7410482168197632,-2.4814376831054688,-2.478593587875366,2.5735108852386475,2.5717928409576416,0.019151175394654274,0.022504743188619614,1.3553532361984253,1.356996774673462,-0.8916447758674622,-0.89193195104599
Fluid,24872,24872,3.482223,1.0,1.0,0.24861010231195046,0.24641640161389683,-0.2547129214177074,-0.2537849734365208,0.3917208042092521,0.39144420685892434,0.3202342099124491,0.32057013915348576,1.0,1.0,19.53547171938262,19.539455733639745,3.48,0.002223033910000005,0.08410713,0.0890104,1.7434229850769043,1.744513750076294,-2.481762647628784,-2.4789016246795654,2.5700786113739014,2.5683302879333496,0.01912592351436615,0.022581765428185463,1.3580037355422974,1.3600467443466187,-0.8930796980857849,-0.8933691382408142
Fluid,24872,24872,3.5222239,1.0,1.0,0.2522298926121068,0.24999208888301674,-0.25453646804528696,-0.2536255111303762,0.38902964487587377,0.38870855453120107,0.3204552697161258,0.32078886031265735,1.0,1.0,19.528886652368563,19.532948285446707,3.52,0.0022239494299998164,0.083019875,0.08491187,1.746894121170044,1.747949481010437,-2.482064962387085,-2.4791815280914307,2.5665841102600098,2.5648043155670166,0.01910175383090973,0.0226702019572258,1.3610366582870483,1.3630828857421875,-0.8944709897041321,-0.894767165184021
Fluid,24872,24872,3.5622249,1.0,1.0,0.25587054098714856,0.2535820894981725,-0.2543526609647203,-0.25345965118213937,0.3863822378605501,0.38602433366086614,0.32068118846979254,0.32099700029400396,1.0,1.0,19.52226752527813,19.526418943886743,3.56,0.0022248649600000725,0.085253,0.08257961,1.75033438205719,1.7514022588729858,-2.4823408126831055,-2.479435443878174,2.563030242919922,2.5612292289733887,0.019078604876995087,0.022686215117573738,1.3640567064285278,1.3661471605300903,-0.8958212733268738,-0.8961661458015442
Fluid,24872,24872,3.6022258,1.0,1.0,0.2595238588801631,0.2571743418805886,-0.25415684980447845,-0.2532821900030642,0.38375797487135427,0.38340425890410273,0.3209057943361253,0.32121472938142626,1.0,1.0,19.515630174043594,19.519887182826817,3.6,0.0022257804899998845,0.08300475,0.08116008,1.7537442445755005,1.7548261880874634,-2.482593297958374,-2.4796695709228516,2.559441089630127,2.5576353073120117,0.019056381657719612,0.022708145901560783,1.3670555353164673,1.3692009449005127,-0.8971384167671204,-0.897538423538208
Fluid,24872,24872,3.6422267,1.0,1.0,0.2631889531307083,0.260774152656366,-0.2539517306766885,-0.2530970445639538,0.38119613892890347,0.38083009668712764,0.3211300344883958,0.3214390885769685,1.0,1.0,19.508975833932393,19.51334418526567,3.64,0.0022266960099996957,0.08089289,0.08009536,1.7571531534194946,1.7582252025604248,-2.4828202724456787,-2.4798877239227295,2.5558509826660156,2.5540575981140137,0.019035054370760918,0.02273694798350334,1.3700690269470215,1.3722302913665771,-0.8984317779541016,-0.8988751173019409
Fluid,24872,24872,3.6822276,1.0,1.0,0.26686592032134415,0.26437868762857764,-0.2537462326027597,-0.25290724405903225,0.37863118094612297,0.37829459418763456,0.32135543772279174,0.32166425727150144,1.0,1.0,19.502302851198415,19.50679561864835,3.68,0.002227611539999952,0.08007345,0.07919788,1.7605559825897217,1.7615970373153687,-2.4830284118652344,-2.4800961017608643,2.5522918701171875,2.550523042678833,0.019014539197087288,0.022756977006793022,1.3731008768081665,1.3752368688583374,-0.899701714515686,-0.9001814723014832
Fluid,24872,24872,3.7222285,1.0,1.0,0.2705522991813565,0.2679975763581507,-0.25354080577965094,-0.2527137367844452,0.37610047464248486,0.37579255200041495,0.32157783682575436,0.3218885918814133,1.0,1.0,19.495616120707762,19.500225188610216,3.72,0.002228527069999764,0.07907665,0.078354985,1.7639222145080566,1.764938235282898,-2.483222484588623,-2.4802935123443604,2.548783540725708,2.5470404624938965,0.018994808197021484,0.022630540654063225,1.3761169910430908,1.3782198429107666,-0.9009507298469543,-0.9014691710472107
Fluid,24872,24872,3.7622294,1.0,1.0,0.2742342818523184,0.2716239424604174,-0.2533329723090719,-0.2525137542183345,0.37361097712343544,0.3733222604809067,0.3217973519182187,0.322112377332756,1.0,1.0,19.48893898125437,19.493643730428296,3.76,0.00222944260000002,0.07814208,0.07751418,1.7672476768493652,1.7682478427886963,-2.483402729034424,-2.4804766178131104,2.545325994491577,2.5436060428619385,0.018975794315338135,0.02251819707453251,1.379106879234314,1.3811795711517334,-0.9021784663200378,-0.9027309417724609
Fluid,24872,24872,3.8022304,1.0,1.0,0.2779204125486842,0.27526018003666924,-0.25312075732442396,-0.25231028494668356,0.37114784070319085,0.37088886119309067,0.3220119207479051,0.3223308297377094,1.0,1.0,19.482256427805076,19.487047395318143,3.8,0.0022303581200002753,0.07747856,0.07653119,1.7705304622650146,1.7715054750442505,-2.483567237854004,-2.4806437492370605,2.5419118404388428,2.540207624435425,0.01895744726061821,0.022419337183237076,1.3820675611495972,1.384118914604187,-0.9033891558647156,-0.9039748311042786
Fluid,24872,24872,3.8422313,1.0,1.0,0.2816010247951085,0.2789048805428338,-0.25290181723010813,-0.2521066795906514,0.36871211161265127,0.36848769227772815,0.32222306468181905,0.3225445371668534,1.0,1.0,19.475585107367763,19.48043935902443,3.84,0.0022312736500000874,0.076744825,0.07575762,1.7737606763839722,1.7747749090194702,-2.483715772628784,-2.4808003902435303,2.538524866104126,2.536827325820923,0.018939737230539322,0.022333426401019096,1.3849995136260986,1.387031078338623,-0.9045841693878174,-0.9052053093910217
Fluid,24872,24872,3.8822322,1.0,1.0,0.28529271591807404,0.2825513909725892,-0.2526780866461978,-0.2518993458009947,0.3663058462938406,0.366118709592181,0.32242788145309714,0.32275434631873245,1.0,1.0,19.468896369184087,19.473830452606432,3.88,0.0022321891799998994,0.076109715,0.07512105,1.7771989107131958,1.7782235145568848,-2.483853816986084,-2.4809489250183105,2.535146713256836,2.5334463119506836,0.018922604620456696,0.022260332480072975,1.3878953456878662,1.3899081945419312,-0.9057702422142029,-0.906419038772583
Fluid,24872,24872,3.9222331,1.0,1.0,0.28898926189671525,0.2861975791144925,-0.252453555542905,-0.2516874000499754,0.3639238317949106,0.3637796863582526,0.32262834092465575,0.32296072647052504,1.0,1.0,19.462200835534098,19.467223233791668,3.92,0.0022331047100001555,0.07543257,0.07424315,1.7806291580200195,1.7816386222839355,-2.4839816093444824,-2.481088638305664,2.5317599773406982,2.5300490856170654,0.018906040117144585,0.02220023423433304,1.3907579183578491,1.392755389213562,-0.9069483876228333,-0.9076235890388489
Fluid,24872,24872,3.962234,1.0,1.0,0.2926934806541165,0.2898551855324173,-0.252225912876961,-0.2514721580256668,0.3615600763932895,0.3614702565291008,0.32282648550540793,0.32316711968450806,1.0,1.0,19.455494885890957,19.460598034351037,3.96,0.0022340202299999667,0.07511687,0.07362082,1.7840131521224976,1.7850017547607422,-2.484102725982666,-2.48122239112854,2.5283493995666504,2.5266220569610596,0.018889974802732468,0.02215229719877243,1.3935861587524414,1.3955692052841187,-0.9081141352653503,-0.9088171720504761
Fluid,24872,24872,4.0022349,1.0,1.0,0.29640053412152423,0.2935155467134506,-0.25199259986760064,-0.25125277692464953,0.3592151004796948,0.3591882739413497,0.32302423678196146,0.3233723359986516,1.0,1.0,19.44878579769613,19.45396971215616,4.0,0.0022349357599997788,0.07477932,0.072943375,1.7873475551605225,1.788311243057251,-2.484217405319214,-2.4813497066497803,2.524902820587158,2.5231525897979736,0.018874391913414,0.02211560681462288,1.3963675498962402,1.3983430862426758,-0.9092753529548645,-0.9100016951560974
Fluid,24872,24872,4.0422359,1.0,1.0,0.30010848557492753,0.2971804712779653,-0.2517563771858935,-0.2510325411950523,0.3568766624439836,0.356929640814913,0.3232263529219797,0.32357500093400277,1.0,1.0,19.442076168055703,19.447335353768803,4.04,0.002235851290000035,0.07473275,0.07234973,1.7906320095062256,1.7915763854980469,-2.4843289852142334,-2.481471538543701,2.5214083194732666,2.519631862640381,0.0188592579215765,0.022089477628469467,1.3991224765777588,1.4010847806930542,-0.9104243516921997,-0.911178469657898
Fluid,24872,24872,4.0822368,1.0,1.0,0.3038253240321284,0.3008584629209831,-0.2515181598943877,-0.2508104164583202,0.3545444955516561,0.3546944689482658,0.32343273402359607,0.3237758431913558,1.0,1.0,19.43535282976875,19.440680645792074,4.08,0.002236766820000291,0.07439764,0.07176622,1.79386568069458,1.7947896718978882,-2.4844346046447754,-2.481588125228882,2.5178616046905518,2.5160605907440186,0.018844539299607277,0.022073300555348396,1.401839017868042,1.4037895202636719,-0.912182629108429,-0.9129865765571594
Fluid,24872,24872,4.1222377,1.0,1.0,0.3075498626850715,0.30454517857802843,-0.25127987557491627,-0.2505844947748694,0.35225137164061376,0.3524798410214471,0.3236398707579368,0.32397432441406016,1.0,1.0,19.428618680054292,19.434013194422814,4.12,0.002237682339999658,0.07260513,0.071298815,1.7970412969589233,1.797948956489563,-2.484530210494995,-2.4816980361938477,2.5142672061920166,2.5124459266662598,0.018830206245183945,0.02206563949584961,1.4045180082321167,1.406455397605896,-0.9147424101829529,-0.9154292941093445
Fluid,24872,24872,4.1622386,1.0,1.0,0.3112822234432205,0.3082343067463095,-0.25103742615614855,-0.2503540585664226,0.35003886201155926,0.35028248063811956,0.32383602258528116,0.3241754765704041,1.0,1.0,19.42187190519801,19.427343952038466,4.16,0.0022385978699999143,0.07104991,0.07085439,1.8001813888549805,1.8010541200637817,-2.4845924377441406,-2.481797933578491,2.510636568069458,2.508805513381958,0.018816260620951653,0.022065715864300728,1.407170057296753,1.4090982675552368,-0.9174363017082214,-0.9178494811058044
Fluid,24872,24872,4.2022395,1.0,1.0,0.31502542803305317,0.31192235029688786,-0.2507949848703521,-0.2501261778268394,0.3478949665436872,0.348102791453827,0.32402415584240585,0.32438019676652297,1.0,1.0,19.415109216419207,19.42067901736941,4.2,0.0022395134000001704,0.06917568,0.07043659,1.8032804727554321,1.80410635471344,-2.4846315383911133,-2.4818875789642334,2.5069916248321533,2.505162239074707,0.018802640959620476,0.02207358367741108,1.4097899198532104,1.4117159843444824,-0.9201728105545044,-0.9202405214309692
Fluid,24872,24872,4.2422404,1.0,1.0,0.31877713777208394,0.31561308656290826,-0.25055814299475726,-0.2499005560503015,0.3458381443078956,0.3459438000996344,0.3242077323156611,0.3245879032205765,1.0,1.0,19.408334201959676,19.41401035105465,4.24,0.0022404289199995375,0.06672266,0.06970746,1.806334137916565,1.8071149587631226,-2.4846763610839844,-2.4819653034210205,2.5033535957336426,2.501532793045044,0.018789373338222504,0.021527349948883057,1.4123834371566772,1.4142988920211792,-0.922815203666687,-0.9226480722427368
Fluid,24872,24872,4.2822413,1.0,1.0,0.3225354756465647,0.31932286010728417,-0.25032253484351,-0.2496658428727139,0.34384358954208794,0.3438433997945494,0.3243941771626059,0.324789464328847,1.0,1.0,19.40154985129239,19.407311777395233,4.28,0.0022413444499997937,0.065720305,0.06822848,1.8093397617340088,1.8100906610488892,-2.4847278594970703,-2.482018232345581,2.4997382164001465,2.4979376792907715,0.018776392564177513,0.020900249481201172,1.4149433374404907,1.4168610572814941,-0.925332248210907,-0.9252886772155762
Fluid,24872,24872,4.3222423,1.0,1.0,0.3263000363659535,0.32306007393570557,-0.25008625703298837,-0.24942032593657704,0.34187670145565735,0.3417871255988819,0.3245843118169831,0.3249912986179287,1.0,1.0,19.3947572704679,19.400569819644854,4.32,0.0022422599800000498,0.06511183,0.0674341,1.8123023509979248,1.8130379915237427,-2.4847755432128906,-2.4820497035980225,2.496166944503784,2.494394063949585,0.018763704225420952,0.020308561623096466,1.4174777269363403,1.4193978309631348,-0.9277956485748291,-0.9278619289398193
Fluid,24872,24872,4.3622432,1.0,1.0,0.3300765872475079,0.3268013892758571,-0.24984711551316557,-0.24916746765680686,0.33992999226640314,0.3397583729524139,0.32477860997260455,0.3251935119593311,1.0,1.0,19.38794652684857,19.393822224663936,4.36,0.0022431755099994177,0.0646435,0.06697962,1.8152151107788086,1.815958857536316,-2.4848155975341797,-2.4820687770843506,2.492652177810669,2.4909098148345947,0.018751293420791626,0.019771454855799675,1.4199920892715454,1.4219063520431519,-0.9302105903625488,-0.9304296970367432
Fluid,24872,24872,4.4022441,1.0,1.0,0.3338652115880513,0.33055832469822866,-0.24960277470923006,-0.2489120945042067,0.33799929250292027,0.3377693756550147,0.3249759494577644,0.3253895950825353,1.0,1.0,19.38111724988484,19.387049832195284,4.4,0.002244091029999673,0.0643227,0.06547626,1.8180890083312988,1.8188393115997314,-2.4848484992980957,-2.4820780754089355,2.489197015762329,2.4874823093414307,0.018739139661192894,0.01932051219046116,1.422484040260315,1.4243974685668945,-0.9325578808784485,-0.9330813884735107
Fluid,24872,24872,4.442245,1.0,1.0,0.3376705574048642,0.33433496046227157,-0.2493495598562564,-0.24865721704198085,0.3360705760923349,0.3358318663985418,0.32517524832540534,0.3255818468968939,1.0,1.0,19.374262212134894,19.380246288755693,4.44,0.002245006559999929,0.064887695,0.06428267,1.8209294080734253,1.8216902017593384,-2.484880208969116,-2.482086181640625,2.4857943058013916,2.4841017723083496,0.018727239221334457,0.01897948794066906,1.42495596408844,1.4268649816513062,-0.9348026514053345,-0.9356918334960938
Fluid,24872,24872,4.4822459,1.0,1.0,0.3414845061045633,0.3381223319733469,-0.24908559404838687,-0.24840528434497444,0.3341312215328139,0.33393558013037533,0.32537748843863296,0.32577601573071424,1.0,1.0,19.367393632800145,19.37342618868335,4.48,0.002245922089999297,0.06518831,0.06337186,1.8237388134002686,1.8245049715042114,-2.484912157058716,-2.482095956802368,2.482430934906006,2.4807519912719727,0.018715551123023033,0.018766110762953758,1.4274132251739502,1.4293181896209717,-0.9369695782661438,-0.9382281303405762
Fluid,24872,24872,4.5222468,1.0,1.0,0.34532092875704595,0.3419179656790674,-0.24881126478493534,-0.2481551771759885,0.3321845010564033,0.33206468699026664,0.3255823620686348,0.3259692487315987,1.0,1.0,19.360488395899505,19.366593752500904,4.52,0.0022468376200004414,0.06530779,0.0626949,1.8265173435211182,1.827284812927246,-2.484940528869629,-2.4821062088012695,2.47908878326416,2.477414131164551,0.018673626706004143,0.018678713589906693,1.4298595190048218,1.4317545890808105,-0.9390890598297119,-0.9407148361206055
Fluid,24872,24872,4.5622478,1.0,1.0,0.34917580095414547,0.3457228859808607,-0.24853112122058046,-0.2479056103245483,0.3302349182141297,0.33021294420302555,0.3257853114735231,0.3261627774408737,1.0,1.0,19.353555326716393,19.359747049968778,4.56,0.0022477531400006967,0.06505517,0.062405244,1.8292700052261353,1.8300305604934692,-2.484959125518799,-2.482116937637329,2.4757494926452637,2.474072217941284,0.018658604472875595,0.018705731257796288,1.4322896003723145,1.4341864585876465,-0.9412270784378052,-0.9431485533714294
Fluid,24872,24872,4.6022487,1.0,1.0,0.35304233275178315,0.34954429107838536,-0.24825194806132217,-0.24765489030718965,0.32833747469476193,0.3283775054262403,0.3259801104916947,0.32635827506979537,1.0,1.0,19.346604731888892,19.35287607739922,4.6,0.0022486686700000647,0.062142693,0.062025644,1.8320034742355347,1.8327475786209106,-2.4849698543548584,-2.4821295738220215,2.472403049468994,2.470719337463379,0.018681742250919342,0.01883159950375557,1.434711217880249,1.4366095066070557,-0.9437223672866821,-0.9455006718635559
Fluid,24872,24872,4.6422496,1.0,1.0,0.3569385743860598,0.35337874312511286,-0.24798840617207735,-0.24740118311693243,0.3265472807456856,0.3265548693661717,0.3261646013979168,0.32655799609843184,1.0,1.0,19.33960674904903,19.34598553127014,4.64,0.0022495842000003208,0.060441967,0.06193266,1.834716796875,1.8354357481002808,-2.4849720001220703,-2.482150077819824,2.4690394401550293,2.4673445224761963,0.01867084950208664,0.019038069993257523,1.4371185302734375,1.4390311241149902,-0.9462615251541138,-0.9477300643920898
Fluid,24872,24872,4.6822505,1.0,1.0,0.36084153929586965,0.3572316299801082,-0.24773117134451803,-0.24714256344430793,0.32478939714680083,0.3247415940887626,0.3263507009850953,0.32676167468046174,1.0,1.0,19.332599970948547,19.33906701980737,4.68,0.002250499730000577,0.059948593,0.061600085,1.8374093770980835,1.8380900621414185,-2.4849720001220703,-2.482177257537842,2.465651750564575,2.463944911956787,0.018660137429833412,0.019313596189022064,1.4395235776901245,1.441454291343689,-0.9487935900688171,-0.9501175880432129
Fluid,24872,24872,4.7222514,1.0,1.0,0.3647478019181727,0.3610956537602677,-0.24747788810066942,-0.24688314891422702,0.3230534846289787,0.32294378279236224,0.3265377799519399,0.32696617785676374,1.0,1.0,19.325589496056416,19.332132231732892,4.72,0.002251415249999944,0.059454273,0.061068043,1.8400752544403076,1.8407167196273804,-2.4849750995635986,-2.4822092056274414,2.4622385501861572,2.4605181217193604,0.01864958368241787,0.019648341462016106,1.4419242143630981,1.4438767433166504,-0.9513223767280579,-0.9526412487030029
Fluid,24872,24872,4.7622523,1.0,1.0,0.36865926928200593,0.36495585788308665,-0.24722514467964823,-0.24662514225001353,0.3213365367101041,0.32116735151146014,0.3267228651399382,0.32717028049864805,1.0,1.0,19.318572217492516,19.32520545284324,4.76,0.0022523307800002,0.058838215,0.060522012,1.8427107334136963,1.8433125019073486,-2.484978437423706,-2.482240915298462,2.458796501159668,2.4570586681365967,0.01863916963338852,0.020031966269016266,1.4443210363388062,1.4462839365005493,-0.9538572430610657,-0.9551684260368347
Fluid,24872,24872,4.8022532,1.0,1.0,0.37258255853971545,0.36880721701692726,-0.24697392743765942,-0.24636783360061168,0.3196409222393259,0.3194024694944804,0.3269092011799995,0.3273733342811742,1.0,1.0,19.311537399058864,19.31829451835972,4.8,0.0022532463100004563,0.05835753,0.06042135,1.8453171253204346,1.8458764553070068,-2.4849836826324463,-2.482274055480957,2.455317258834839,2.453557014465332,0.018628912046551704,0.020455744117498398,1.4467113018035889,1.4486829042434692,-0.9563912749290466,-0.9576894044876099
Fluid,24872,24872,4.8422542,1.0,1.0,0.3765084582667959,0.37266830542747065,-0.24672345984488997,-0.2461084676109645,0.31796963811922735,0.3176508679015885,0.32709485622980816,0.3275733829973803,1.0,1.0,19.304499774701576,19.311369543636907,4.84,0.0022541618299998234,0.057884376,0.059418265,1.8478937149047852,1.8484150171279907,-2.4849939346313477,-2.4823098182678223,2.451792001724243,2.450007438659668,0.018618786707520485,0.020911099389195442,1.449090838432312,1.4510780572891235,-0.9589144587516785,-0.9602108597755432
Fluid,24872,24872,4.8822551,1.0,1.0,0.38044322963063965,0.37654513428720776,-0.24647174978078468,-0.2458557639801686,0.31632187048913285,0.31597570108442097,0.3272810108256811,0.32776532451021373,1.0,1.0,19.29745028439961,19.304420919922933,4.88,0.0022550773600000795,0.05726446,0.057715617,1.8504420518875122,1.8509198427200317,-2.4850029945373535,-2.4823403358459473,2.448218584060669,2.4464120864868164,0.018608788028359413,0.02139439806342125,1.451460361480713,1.4534562826156616,-0.9614330530166626,-0.9627472162246704
Fluid,24872,24872,4.922256,1.0,1.0,0.3843870837910631,0.380432557273415,-0.24622025193548294,-0.245608044612027,0.3146933596000829,0.31433973161203516,0.327466634837681,0.32795438327702087,1.0,1.0,19.290388019455328,19.29745715881475,4.92,0.0022559928900003356,0.056681946,0.056832545,1.8529577255249023,1.853400707244873,-2.485013008117676,-2.4823663234710693,2.444601535797119,2.442774534225464,0.018598919734358788,0.021898780018091202,1.4538328647613525,1.455831527709961,-0.9639427661895752,-0.9652661681175232
Fluid,24872,24872,4.9622569,1.0,1.0,0.38832942957613775,0.38433161971203106,-0.2459695810343065,-0.24536321892820348,0.3130874891947247,0.312727989063647,0.32765355919830785,0.32814459753959047,1.0,1.0,19.28332966115552,19.290475450631085,4.96,0.0022569084199997036,0.0562739,0.056381673,1.8554340600967407,1.8558478355407715,-2.48502516746521,-2.4823920726776123,2.4409453868865967,2.4391024112701416,0.01858915016055107,0.022366851568222046,1.4561958312988281,1.4581990242004395,-0.9664469361305237,-0.9677783846855164
Fluid,24872,24872,5.0022578,1.0,1.0,0.3922891436100615,0.38824435271193675,-0.24571943443493804,-0.24512079176599333,0.3114994979799321,0.31113793260270195,0.3278386546898958,0.32833402986066695,1.0,1.0,19.276244664123183,19.28347421075877,5.0,0.002257823939999959,0.055799134,0.05593608,1.8578745126724243,1.8582615852355957,-2.485038995742798,-2.482421398162842,2.4372611045837402,2.4354097843170166,0.01857951283454895,0.02229575626552105,1.4585516452789307,1.460564374923706,-0.968940019607544,-0.9702750444412231
Fluid,24872,24872,5.0422587,1.0,1.0,0.3962513075163619,0.3921570456953596,-0.24546876162288775,-0.24487931735044655,0.3099284390448606,0.3095650492284247,0.32802241491028583,0.32852124966068624,1.0,1.0,19.269157434629452,19.276474675015645,5.04,0.002258739470000215,0.05524965,0.055376478,1.8602861166000366,1.8606406450271606,-2.485053777694702,-2.4824512004852295,2.433563709259033,2.4317126274108887,0.018569977954030037,0.022225983440876007,1.4609044790267944,1.4629234075546265,-0.9714228510856628,-0.9727626442909241
Fluid,24872,24872,5.0822597,1.0,1.0,0.40021353053188835,0.39606503461871895,-0.24521752805624308,-0.2446364986307496,0.3083762778578091,0.3080154069922966,0.3282061264229068,0.3287100375928919,1.0,1.0,19.262071962178656,19.269484044578384,5.08,0.002259654999999583,0.055029828,0.0549578,1.8626600503921509,1.8629906177520752,-2.4850690364837646,-2.4824812412261963,2.4298696517944336,2.428025960922241,0.018560530617833138,0.022158848121762276,1.463247537612915,1.4652791023254395,-0.9738980531692505,-0.975233793258667
Fluid,24872,24872,5.1222606,1.0,1.0,0.40417358771365375,0.3999812249100612,-0.24496582148137724,-0.24439459279469844,0.3068375269648427,0.3064828202988588,0.3283900928804505,0.3288995738470907,1.0,1.0,19.254992526380455,19.262480523548696,5.12,0.002260570529999839,0.054652426,0.054671854,1.8650037050247192,1.8653095960617065,-2.4850854873657227,-2.482513666152954,2.42619252204895,2.4243621826171875,0.018551185727119446,0.02209431864321232,1.4655890464782715,1.467633843421936,-0.9763557314872742,-0.9776948690414429
Fluid,24872,24872,5.1622615,1.0,1.0,0.4081276271464074,0.403909396939614,-0.24471511237905025,-0.24415371907367492,0.3053168542432246,0.3049693881454208,0.32857757099250634,0.3290893468353697,1.0,1.0,19.247923748099794,19.25545798002926,5.16,0.0022614860500000944,0.05426611,0.05418404,1.8673131465911865,1.8675962686538696,-2.485105514526367,-2.482546806335449,2.4225456714630127,2.420736312866211,0.018541939556598663,0.02203211560845375,1.4679313898086548,1.469986915588379,-0.9788039326667786,-0.9801424741744995
Fluid,24872,24872,5.2022624,1.0,1.0,0.4120852012100545,0.40785160080119953,-0.24446078713486932,-0.2439115546724914,0.30382079658626937,0.30347298343975043,0.32876355160590087,0.3292785765924347,1.0,1.0,19.240850993696615,19.248414447469397,5.2,0.0022624015799994623,0.054512445,0.053813215,1.869580864906311,1.869852900505066,-2.4851279258728027,-2.4825797080993652,2.418942928314209,2.4171597957611084,0.018532769754529,0.02197272703051567,1.4702502489089966,1.4723334312438965,-0.9812318086624146,-0.9825775027275085
Fluid,24872,24872,5.2422633,1.0,1.0,0.41604387694114403,0.4118014441595277,-0.24419875060529866,-0.24366618154750794,0.3023242693873414,0.3020211886286546,0.32894689544464556,0.3294705997332982,1.0,1.0,19.23377769466534,19.241360477904255,5.24,0.0022633171099997185,0.05456248,0.052015606,1.871830940246582,1.8720760345458984,-2.4851479530334473,-2.4826114177703857,2.415393829345703,2.413638114929199,0.018523694947361946,0.02191685140132904,1.4725784063339233,1.4746700525283813,-0.9836525321006775,-0.9849947690963745
Fluid,24872,24872,5.2822642,1.0,1.0,0.4200147721397939,0.41576889764793784,-0.24393169775508744,-0.24341594612658152,0.3008416698419244,0.30055671367190967,0.32912674151627896,0.32966221930006223,1.0,1.0,19.226686602506884,19.23428061519186,5.28,0.0022642326399999746,0.05398969,0.052444644,1.8740530014038086,1.8742790222167969,-2.4851653575897217,-2.482638120651245,2.411897659301758,2.4101662635803223,0.01851470023393631,0.021864913403987885,1.4748972654342651,1.477004051208496,-0.9860579967498779,-0.9873937368392944
Fluid,24872,24872,5.3222651,1.0,1.0,0.4240020175229695,0.41976085616029535,-0.24367010376377804,-0.24316231470798308,0.29939087705393724,0.29910958005878063,0.3293002029923119,0.3298496296060198,1.0,1.0,19.219571341652316,19.2271637870553,5.32,0.0022651481599993417,0.05240317,0.051983383,1.8762446641921997,1.8764605522155762,-2.485173463821411,-2.4826629161834717,2.4084479808807373,2.4067368507385254,0.018505778163671494,0.021816417574882507,1.4772053956985474,1.4793298244476318,-0.9884551763534546,-0.989780604839325
Fluid,24872,24872,5.3622661,1.0,1.0,0.4279949718657001,0.42376252486986277,-0.2434114584571662,-0.24290708440196293,0.2979594718683008,0.29767618399223056,0.32947479069407365,0.33003634529750997,1.0,1.0,19.212449052357606,19.22003243421197,5.36,0.002266063689999598,0.051967874,0.051797792,1.8784161806106567,1.8786154985427856,-2.4851748943328857,-2.482687473297119,2.4050369262695312,2.403341054916382,0.018496938049793243,0.021772008389234543,1.4795039892196655,1.481642484664917,-0.9908384680747986,-0.992146372795105
Fluid,24872,24872,5.402267,1.0,1.0,0.4319987185314182,0.4277599510209216,-0.24315400374169593,-0.24265006367292707,0.29654238264174665,0.29625515105237543,0.32965046178930707,0.33022266035918635,1.0,1.0,19.205310181775406,19.21291004672009,5.4,0.002266979219999854,0.051364515,0.05176373,1.8805607557296753,1.8807456493377686,-2.4851737022399902,-2.482712745666504,2.401653289794922,2.39996600151062,0.018488174304366112,0.021731439977884293,1.4817936420440674,1.483946681022644,-0.9932038187980652,-0.994489312171936
Fluid,24872,24872,5.4422679,1.0,1.0,0.4360253994149898,0.43175910666605877,-0.24289608746137975,-0.2423910476201735,0.29514357106204164,0.2948392753597306,0.3298258005624752,0.3304098684342129,1.0,1.0,19.19813634096215,19.205787434421502,5.44,0.002267894739999221,0.050845325,0.051602725,1.8826839923858643,1.8828527927398682,-2.485170841217041,-2.482741355895996,2.398282289505005,2.396595001220703,0.018479492515325546,0.0216950923204422,1.4840726852416992,1.4862462282180786,-0.9955511689186096,-0.9968095421791077
Fluid,24872,24872,5.4822688,1.0,1.0,0.4400495654686884,0.4357660216462956,-0.24263972431408098,-0.24212788476506245,0.2937617821780825,0.2934315676288515,0.33000216968125123,0.33059376438081706,1.0,1.0,19.19096875585671,19.198654627869004,5.48,0.002268810269999477,0.050584152,0.051270418,1.8847813606262207,1.884935975074768,-2.485166549682617,-2.482769250869751,2.3949077129364014,2.3932137489318848,0.018470879644155502,0.02166350558400154,1.4863351583480835,1.4885333776474,-0.9978780746459961,-0.9991099834442139
Fluid,24872,24872,5.5222697,1.0,1.0,0.4440930520502859,0.43978427495215444,-0.24238493686265425,-0.24186263567129682,0.29240040441077225,0.2920390446171591,0.33017615223245195,0.33077412604723183,1.0,1.0,19.183772153392717,19.191505182015625,5.52,0.0022697258000006215,0.050140306,0.050742798,1.886854648590088,1.8869991302490234,-2.485161542892456,-2.483003616333008,2.3915162086486816,2.3898098468780518,0.018462341278791428,0.02163664810359478,1.4885872602462769,1.490813970565796,-1.000185489654541,-1.001397728919983
Fluid,24872,24872,5.5622706,1.0,1.0,0.4481485401958035,0.44381523325711847,-0.24213233637688195,-0.24159995705569592,0.2910561501076963,0.2906757125950153,0.3303524228902759,0.3309524882458112,1.0,1.0,19.17655919456298,19.184337873250275,5.56,0.0022706413299999895,0.04970949,0.049954925,1.888903021812439,1.889042854309082,-2.4877469539642334,-2.485837459564209,2.388096809387207,2.386373281478882,0.018453868106007576,0.021615033969283104,1.4908350706100464,1.49308443069458,-1.0024640560150146,-1.0036669969558716
Fluid,24872,24872,5.6022716,1.0,1.0,0.4521960404151195,0.447839296385166,-0.24188195810241078,-0.24134123220248344,0.2897248535073129,0.2893329880187745,0.33053167064042643,0.331131322342869,1.0,1.0,19.169361071595812,19.177182165209064,5.6,0.0022715568500002448,0.04934184,0.04949285,1.8909332752227783,1.8910678625106812,-2.490502119064331,-2.488631010055542,2.384640693664551,2.38289737701416,0.018445461988449097,0.021598635241389275,1.4930758476257324,1.4953546524047852,-1.0047231912612915,-1.005915880203247
Fluid,24872,24872,5.6422725,1.0,1.0,0.4562405775098936,0.4518694500597653,-0.24163166831182206,-0.24108432690787016,0.288410653661767,0.2880077202064181,0.33071171510570435,0.33131356931360567,1.0,1.0,19.16217040781731,19.17001987339485,5.64,0.002272472380000501,0.049061295,0.04903349,1.892943263053894,1.8930736780166626,-2.4932188987731934,-2.491407871246338,2.3811440467834473,2.3793833255767822,0.018437135964632034,0.021587848663330078,1.4953147172927856,1.4976210594177246,-1.0069645643234253,-1.008155345916748
Fluid,24872,24872,5.6822734,1.0,1.0,0.4602916511054491,0.45590694209134475,-0.24138320328987686,-0.24082938949283944,0.2871093950948048,0.2866984801516704,0.33089165844963614,0.33149825843425446,1.0,1.0,19.154971096898322,19.162849059899393,5.68,0.002273387909999869,0.048665907,0.048717443,1.8949297666549683,1.895059585571289,-2.495884656906128,-2.494154453277588,2.3776156902313232,2.3758435249328613,0.018428880721330643,0.0215823482722044,1.4975533485412598,1.499888300895691,-1.0091876983642578,-1.010378122329712
Fluid,24872,24872,5.7222743,1.0,1.0,0.4643548450299913,0.4599542239816019,-0.2411355515715812,-0.24057471235086508,0.2858222697136715,0.28540771758098765,0.3310740096804129,0.33168521090005965,1.0,1.0,19.14775493345141,19.155664402597317,5.72,0.002274303440000125,0.048412,0.048203982,1.896898865699768,1.8970283269882202,-2.4985172748565674,-2.496880054473877,2.374065399169922,2.3722870349884033,0.01842067949473858,0.02158232219517231,1.4997915029525757,1.5021520853042603,-1.0113937854766846,-1.012584924697876
Fluid,24872,24872,5.7622752,1.0,1.0,0.4684227039988368,0.4640066726199221,-0.24088918146420896,-0.2403217156749577,0.28455376400625476,0.2841311043424783,0.3312579246498339,0.33187411808544703,1.0,1.0,19.140534397604075,19.148473556573155,5.76,0.0022752189600003803,0.050270677,0.04788713,1.8988476991653442,1.8989815711975098,-2.5011215209960938,-2.499584197998047,2.3705053329467773,2.368725538253784,0.018412556499242783,0.021587828174233437,1.5020301342010498,1.5044102668762207,-1.0135865211486816,-1.014787197113037
Fluid,24872,24872,5.8022761,1.0,1.0,0.47248730687363877,0.46805731158841635,-0.24064188444351578,-0.2400687803106455,0.28329123655340405,0.2828707875765982,0.3314452736850554,0.3320647061958495,1.0,1.0,19.133320233798095,19.141287522746957,5.8,0.002276134489999748,0.04800441,0.047700588,1.9007726907730103,1.9009191989898682,-2.5037119388580322,-2.502281427383423,2.366943120956421,2.3651630878448486,0.018404481932520866,0.02159874141216278,1.5042489767074585,1.5066536664962769,-1.0157610177993774,-1.0169771909713745
Fluid,24872,24872,5.8422771,1.0,1.0,0.4765544826412195,0.4721112877018368,-0.24039298025025466,-0.23981827295236421,0.2820517651290546,0.28161951794563744,0.3316321344557908,0.33225648069166774,1.0,1.0,19.12610332212022,19.134097851024407,5.84,0.0022770500200000043,0.047202665,0.0479845,1.902693510055542,1.9028387069702148,-2.506279945373535,-2.5049548149108887,2.3633792400360107,2.3615970611572266,0.018396485596895218,0.021614814177155495,1.506471872329712,1.5088826417922974,-1.017932415008545,-1.019153118133545
Fluid,24872,24872,5.882278,1.0,1.0,0.48062208992278443,0.47616781603227065,-0.24014495298257124,-0.23956875105970502,0.2808174282395071,0.28039500004099366,0.33181927187363724,0.332449920177494,1.0,1.0,19.118887815033748,19.126906886557823,5.88,0.0022779655500002605,0.04910479,0.046854194,1.9045990705490112,1.9047493934631348,-2.5088253021240234,-2.5075972080230713,2.3598101139068604,2.358024835586548,0.018388532102108,0.021635644137859344,1.5086860656738281,1.511100172996521,-1.0200971364974976,-1.021317481994629
Fluid,24872,24872,5.9222789,1.0,1.0,0.48469755344574683,0.48023594451746204,-0.23989769442446696,-0.23931935850053668,0.27959296986072457,0.27917627256114097,0.3320078190546951,0.3326414394909022,1.0,1.0,19.111662290647658,19.11970024233119,5.92,0.0022788810699996276,0.04726896,0.04897512,1.906486988067627,1.9066500663757324,-2.5113298892974854,-2.5101969242095947,2.356234312057495,2.3544459342956543,0.01838066428899765,0.021529385820031166,1.5108757019042969,1.513301968574524,-1.0222363471984863,-1.0234771966934204
Fluid,24872,24872,5.9622798,1.0,1.0,0.48877854986791763,0.48431263743950154,-0.2396521086370361,-0.2390697086058424,0.2783938966864937,0.2779642789728428,0.3321960519667094,0.33283305123085855,1.0,1.0,19.104430191575926,19.112482446188633,5.96,0.0022797965999998837,0.046225213,0.04681081,1.9083670377731323,1.9085407257080078,-2.5138039588928223,-2.512740135192871,2.3526527881622314,2.350863218307495,0.01837283931672573,0.021386083215475082,1.513056755065918,1.515472650527954,-1.0243744850158691,-1.0256178379058838
Fluid,24872,24872,6.0022807,1.0,1.0,0.49286881017041834,0.4883886661302826,-0.23940584471204518,-0.23881955672169014,0.2771979320398779,0.27677758527272905,0.3323857972423608,0.3330281299857403,1.0,1.0,19.09718545352044,19.1052679043945,6.0,0.00228071213000014,0.048234187,0.045989577,1.9102411270141602,1.9104338884353638,-2.5162482261657715,-2.5152454376220703,2.349069595336914,2.3472824096679688,0.01836509257555008,0.021269097924232483,1.5152266025543213,1.517632246017456,-1.0264971256256104,-1.027750849723816
Fluid,24872,24872,6.0422816,1.0,1.0,0.4969666184602977,0.4924685951559359,-0.23916233439322282,-0.23856995918820367,0.27600599369883416,0.27559400443661686,0.3325779586338107,0.33322185270528465,1.0,1.0,19.08993172929309,19.098049988927624,6.04,0.002281627660000396,0.046401236,0.048037775,1.9121021032333374,1.912318468093872,-2.518645763397217,-2.517693042755127,2.345491647720337,2.343709707260132,0.018357397988438606,0.021178599447011948,1.517376184463501,1.5197758674621582,-1.0286012887954712,-1.0298765897750854
Fluid,24872,24872,6.0822825,1.0,1.0,0.5010715363677216,0.49654333752534,-0.23891793997697988,-0.23832056322734146,0.2748432506891923,0.274417847729773,0.3327691827398772,0.33341560957382876,1.0,1.0,19.082669345003573,19.090842130062242,6.08,0.002282543179999763,0.045387868,0.04623056,1.9139564037322998,1.9141924381256104,-2.521013021469116,-2.5200839042663574,2.341923952102661,2.340148448944092,0.01834976114332676,0.021115077659487724,1.5195128917694092,1.5218913555145264,-1.0307036638259888,-1.0319840908050537
Fluid,24872,24872,6.1222835,1.0,1.0,0.5051699400854431,0.500612731982346,-0.23867366346605506,-0.2380716300343459,0.27368060104531255,0.27326796061502234,0.332960187192174,0.3336099613640875,1.0,1.0,19.075419409783485,19.083644873039944,6.12,0.002283458710000019,0.047463693,0.045313373,1.9158084392547607,1.9160619974136353,-2.523343086242676,-2.522440195083618,2.3383688926696777,2.3366000652313232,0.01834218204021454,0.02107616327702999,1.521630048751831,1.5239917039871216,-1.0327959060668945,-1.0340876579284668
Fluid,24872,24872,6.1622844,1.0,1.0,0.509261382123947,0.5046766184965529,-0.2384271085149665,-0.23782272606103444,0.27252407387155414,0.27212260275710426,0.3331547489048128,0.3338040050206164,1.0,1.0,19.06818270583596,19.076458294969083,6.16,0.0022843742400002753,0.045801014,0.047317937,1.917649269104004,1.9179273843765259,-2.5256168842315674,-2.524768114089966,2.334826946258545,2.3330636024475098,0.01833467371761799,0.021061649546027184,1.523734211921692,1.5260791778564453,-1.0348678827285767,-1.0361779928207397
Fluid,24872,24872,6.2022853,1.0,1.0,0.5133599447042967,0.5087419527551199,-0.2381810683544531,-0.2375725897578879,0.2713980652469346,0.2709809647416669,0.3333487066030778,0.33399957496839106,1.0,1.0,19.060937818970164,19.06927136716907,6.2,0.0022852897599996425,0.044565007,0.045320686,1.9194837808609009,1.9197815656661987,-2.5278525352478027,-2.5270538330078125,2.3312954902648926,2.3295366764068604,0.018327249214053154,0.021070091053843498,1.5258208513259888,1.528135895729065,-1.0369373559951782,-1.0382544994354248
Fluid,24872,24872,6.2422862,1.0,1.0,0.5174616074704945,0.5128046532357635,-0.23793575007400464,-0.23732262049915778,0.27026836683573163,0.2698646217446664,0.3335436939114615,0.3341947373082522,1.0,1.0,19.053690338947643,19.062090928855913,6.24,0.0022862052899998986,0.046761613,0.044479337,1.921312689781189,1.9216365814208984,-2.530022621154785,-2.529310703277588,2.327772617340088,2.3260176181793213,0.018319878727197647,0.021100785583257675,1.527896761894226,1.5301849842071533,-1.0390020608901978,-1.0403279066085815
Fluid,24872,24872,6.2822871,1.0,1.0,0.5215738039330713,0.5168689617248826,-0.23768959501699805,-0.2370742736340088,0.26914796159838156,0.2687498260602917,0.3337402460828454,0.3343921302576477,1.0,1.0,19.046428879114853,19.054910847212042,6.28,0.0022871208200001547,0.044903923,0.04670837,1.9231393337249756,1.9234918355941772,-2.532118082046509,-2.531540870666504,2.324256658554077,2.3225042819976807,0.018312547355890274,0.021152975037693977,1.5299526453018188,1.5322216749191284,-1.0410488843917847,-1.0423890352249146
Fluid,24872,24872,6.322288,1.0,1.0,0.5257001478467007,0.5209420760171432,-0.23744178313421055,-0.23682573350429795,0.2680537569223211,0.26764186049699806,0.3339395984051835,0.33459155929912154,1.0,1.0,19.03914829061974,19.047720016870286,6.32,0.0022880363499995227,0.043909997,0.044558298,1.9249627590179443,1.9253402948379517,-2.5341522693634033,-2.5337302684783936,2.320746660232544,2.318998336791992,0.018305284902453423,0.02122456766664982,1.5319997072219849,1.534234881401062,-1.0430909395217896,-1.0444316864013672
Fluid,24872,24872,6.362289,1.0,1.0,0.5298259335319472,0.5250204769355146,-0.2371941430027779,-0.2365756532729712,0.26695689146178386,0.2665595184314706,0.33414013927723285,0.33479221878360726,1.0,1.0,19.03187174580802,19.04052404603532,6.36,0.002288951869999778,0.04617491,0.043674055,1.9267886877059937,1.927191138267517,-2.5364151000976562,-2.535888195037842,2.317246198654175,2.315504550933838,0.01829810068011284,0.021314525976777077,1.5340324640274048,1.5362398624420166,-1.0451223850250244,-1.0464668273925781
Fluid,24872,24872,6.4022899,1.0,1.0,0.5339538948322841,0.5291028590804138,-0.23694588273894562,-0.2363264620727681,0.2658682122125463,0.2654776713120682,0.3343415347171738,0.3349914376342027,1.0,1.0,19.02459533895546,19.03332534926081,6.4,0.002289867400000034,0.044334453,0.045838024,1.9286099672317505,1.9290416240692139,-2.538907766342163,-2.538006067276001,2.31376051902771,2.312025308609009,0.018290983512997627,0.021421315148472786,1.5360504388809204,1.538228154182434,-1.0471373796463013,-1.0484918355941772
Fluid,24872,24872,6.4422908,1.0,1.0,0.5380862637230809,0.5331835119474219,-0.23669621988863768,-0.23607712024738955,0.2648047103533679,0.26440109293048153,0.33454374572997475,0.3351940701886873,1.0,1.0,19.01731495249114,19.0261322022558,6.44,0.002290782929999402,0.043320227,0.043976914,1.9304296970367432,1.9308876991271973,-2.541370153427124,-2.5400776863098145,2.310288190841675,2.3085591793060303,0.01828392781317234,0.021543104201555252,1.5380542278289795,1.5402026176452637,-1.0491466522216797,-1.0504947900772095
Fluid,24872,24872,6.4822917,1.0,1.0,0.5422181576337358,0.5372571287810105,-0.2364469086952045,-0.23582711412735227,0.2637411493388052,0.26335162604378937,0.3347448860092003,0.3353977385559856,1.0,1.0,19.010037353507343,19.018952569381796,6.48,0.002291698459999658,0.045288097,0.043073196,1.9322493076324463,1.9327354431152344,-2.5437936782836914,-2.542100429534912,2.3068270683288574,2.3051023483276367,0.01827695220708847,0.021678363904356956,1.5400439500808716,1.542250156402588,-1.0511411428451538,-1.0524873733520508
Fluid,24872,24872,6.5222926,1.0,1.0,0.546348750200216,0.5413345056959886,-0.23619712586956498,-0.23557683514185782,0.26268388502395346,0.26229809553871075,0.33494834870104756,0.33560169106139826,1.0,1.0,19.002763947323995,19.011769628095337,6.52,0.0022926139800008016,0.043395534,0.0451809,1.9340649843215942,1.9345837831497192,-2.546168327331543,-2.5442230701446533,2.303373098373413,2.301650047302246,0.018270041793584824,0.021825596690177917,1.542035698890686,1.544310450553894,-1.0531169176101685,-1.0544732809066772
Fluid,24872,24872,6.5622935,1.0,1.0,0.5504856202083473,0.5454239441792048,-0.23594588357899798,-0.23532447537481269,0.26164810067147853,0.2612533640095784,0.33515320245572566,0.335805017912435,1.0,1.0,18.9954835335976,19.00457039328778,6.56,0.0022935295100001696,0.042731624,0.043242496,1.9358818531036377,1.9364267587661743,-2.5485098361968994,-2.5466623306274414,2.299922227859497,2.2981982231140137,0.018263207748532295,0.021981442347168922,1.5440908670425415,1.5463615655899048,-1.0550837516784668,-1.0564440488815308
Fluid,24872,24872,6.6022944,1.0,1.0,0.554633945016414,0.5495261472561682,-0.23569142376297372,-0.23507122337393074,0.2606171653088513,0.26023126570811933,0.33535860533887446,0.33600888530572876,1.0,1.0,18.98818797917947,18.997354108177607,6.6,0.0022944450400004257,0.044444833,0.042518325,1.937700867652893,1.9382717609405518,-2.550809621810913,-2.5490520000457764,2.2964694499969482,2.294743061065674,0.018256776034832,0.022147318348288536,1.5461373329162598,1.5484126806259155,-1.057033658027649,-1.0584065914154053
Fluid,24872,24872,6.6422954,1.0,1.0,0.5587799945805223,0.5536383018798103,-0.23543697640454966,-0.23481660744155244,0.25958818019073887,0.25921005946098763,0.33556358292857424,0.33621231307051724,1.0,1.0,18.980899109683953,18.990124880328136,6.64,0.002295360570000682,0.04273609,0.044659846,1.9395146369934082,1.9401167631149292,-2.553061008453369,-2.5513806343078613,2.2930119037628174,2.2912814617156982,0.018255602568387985,0.02208660915493965,1.5481810569763184,1.5504635572433472,-1.058971643447876,-1.0603610277175903
Fluid,24872,24872,6.6822963,1.0,1.0,0.5629338341222476,0.5577502349091069,-0.2351821005319977,-0.23456040203899933,0.25858147791586816,0.25819403872141916,0.33576890684957966,0.3364163511223883,1.0,1.0,18.973601596460497,18.982898239002,6.68,0.002296276090000049,0.042165197,0.042668503,1.9413254261016846,1.9419569969177246,-2.5552711486816406,-2.553640365600586,2.2895467281341553,2.2878103256225586,0.018258918076753616,0.02197403274476528,1.5502305030822754,1.5525095462799072,-1.0609005689620972,-1.0622985363006592
Fluid,24872,24872,6.7222972,1.0,1.0,0.5670865324760599,0.5618680772656511,-0.23492723124273404,-0.23430335703004845,0.25757899492707653,0.25719973091356607,0.33597515601261857,0.3366212589704834,1.0,1.0,18.966309093248043,18.975666064930792,6.72,0.002297191620000305,0.044121742,0.041795187,1.9431339502334595,1.9437984228134155,-2.557434320449829,-2.555842876434326,2.2860701084136963,2.284325361251831,0.018269507214426994,0.021890196949243546,1.5522828102111816,1.5545583963394165,-1.062818169593811,-1.064228892326355
Fluid,24872,24872,6.7622981,1.0,1.0,0.571244444649628,0.5659948060571206,-0.23467208418059626,-0.23404581621367138,0.25657595989330895,0.25620282823552404,0.3361793848706672,0.33682604746639794,1.0,1.0,18.95901224439878,18.96842290378146,6.76,0.002298107150000561,0.04200595,0.04394452,1.9449357986450195,1.9456398487091064,-2.5595405101776123,-2.5579845905303955,2.2825770378112793,2.2808213233947754,0.018287496641278267,0.02183465100824833,1.5543237924575806,1.5566153526306152,-1.0647205114364624,-1.0661500692367554
Fluid,24872,24872,6.802299,1.0,1.0,0.5754142583830442,0.570115021490188,-0.23441432236600038,-0.23378484181129042,0.2555989425090325,0.25523532592341297,0.3363865430967492,0.3370316789197041,1.0,1.0,18.951699856739406,18.96119197908802,6.8,0.0022990226699999283,0.041318312,0.04300251,1.9467403888702393,1.9474763870239258,-2.5615954399108887,-2.5600621700286865,2.279062271118164,2.2772939205169678,0.01831286959350109,0.021807625889778137,1.5563751459121704,1.5586673021316528,-1.0666123628616333,-1.068055510520935
Fluid,24872,24872,6.8422999,1.0,1.0,0.5795847163510235,0.5742243409608584,-0.23415750884867356,-0.23352442816290472,0.25462146854820733,0.25424553247789644,0.336593613121004,0.3372353428454492,1.0,1.0,18.94438858180232,18.95398030698242,6.84,0.0022999382000001845,0.04353868,0.041780833,1.9485450983047485,1.9493130445480347,-2.5636000633239746,-2.5620779991149902,2.2755231857299805,2.2737441062927246,0.018347010016441345,0.021807068958878517,1.558426856994629,1.560719609260559,-1.0684949159622192,-1.0699535608291626
Fluid,24872,24872,6.8823009,1.0,1.0,0.5837614129475457,0.5783307454809012,-0.2338993822364631,-0.23326222790688536,0.25365294668366356,0.25329434091395114,0.3367992674893489,0.33743714967041843,1.0,1.0,18.937069679694606,18.946776567720146,6.88,0.0023008537300004406,0.043419886,0.042696305,1.9503462314605713,1.951150894165039,-2.5655393600463867,-2.564026355743408,2.2719666957855225,2.2701852321624756,0.018391204997897148,0.021831344813108444,1.5604695081710815,1.5627795457839966,-1.0703626871109009,-1.0718462467193604
Fluid,24872,24872,6.9223018,1.0,1.0,0.5879361256441847,0.582441915309575,-0.2336378287639015,-0.2329982407184377,0.2527091965749117,0.2523399851319071,0.3370078525075274,0.33763881248272837,1.0,1.0,18.929757293607306,18.939567260590348,6.92,0.0023017692599998085,0.040364828,0.04270228,1.9521478414535522,1.9529849290847778,-2.5674121379852295,-2.565903902053833,2.2684102058410645,2.266636371612549,0.018443312495946884,0.021878661587834358,1.562509298324585,1.5648256540298462,-1.0722136497497559,-1.0737320184707642
Fluid,24872,24872,6.9623027,1.0,1.0,0.592107605512434,0.5865697492374289,-0.23337663480559356,-0.2327346541519954,0.25175006114596177,0.25139419392024487,0.3372134113638221,0.33784081332729127,1.0,1.0,18.922452924603547,18.932334306309865,6.96,0.002302684780000064,0.040915694,0.04225469,1.953953504562378,1.9548189640045166,-2.569228410720825,-2.5677061080932617,2.26487398147583,2.263117790222168,0.018503986299037933,0.021946407854557037,1.5645569562911987,1.566870927810669,-1.0740679502487183,-1.075608491897583
Fluid,24872,24872,7.0023036,1.0,1.0,0.5962825907358718,0.5907074743204072,-0.23311291771679374,-0.23246956915358288,0.25080823683600495,0.2504569590935707,0.33741745129094197,0.338042083531579,1.0,1.0,18.915145696148915,18.925089132482885,7.0,0.00230360031000032,0.040918875,0.042097334,1.9557547569274902,1.9566538333892822,-2.570970296859741,-2.5694408416748047,2.2613754272460938,2.2596428394317627,0.018572356551885605,0.021979672834277153,1.5665885210037231,1.5689252614974976,-1.07590913772583,-1.0774720907211304
Fluid,24872,24872,7.0423045,1.0,1.0,0.6004566300781823,0.5948491403624782,-0.23284734168784,-0.23220298220220761,0.24989155431511106,0.24952767362607534,0.3376210249777988,0.33824348171188334,1.0,1.0,18.907842609574843,18.917841968524108,7.04,0.002304515839999688,0.04197136,0.04185685,1.9575611352920532,1.9584896564483643,-2.572641134262085,-2.5710978507995605,2.2579240798950195,2.256216526031494,0.018647773191332817,0.02196432277560234,1.5686343908309937,1.5709798336029053,-1.0777479410171509,-1.0793190002441406
Fluid,24872,24872,7.0823054,1.0,1.0,0.6046443010404873,0.5989959119700425,-0.23258236003522909,-0.2319360829286317,0.24895636391867612,0.2486073542229026,0.33782285087827174,0.3384447449365932,1.0,1.0,18.900522803907496,18.910589882820585,7.08,0.002305431369999944,0.0422928,0.041671008,1.9593666791915894,1.9603224992752075,-2.57424259185791,-2.572679042816162,2.2545201778411865,2.252835273742676,0.01872829534113407,0.021965645253658295,1.5706740617752075,1.573032021522522,-1.079580307006836,-1.0811553001403809
Fluid,24872,24872,7.1223063,1.0,1.0,0.6088345349285115,0.6031477299568627,-0.23231471113916924,-0.23166678917019703,0.24805310356810248,0.24769681981780012,0.3380247525101762,0.3386457180579777,1.0,1.0,18.893204413490995,18.90333343204021,7.12,0.0023063468900001993,0.039390013,0.04159738,1.961169719696045,1.9621518850326538,-2.5757555961608887,-2.5741844177246094,2.25115966796875,2.2494959831237793,0.01881413906812668,0.021981529891490936,1.5727126598358154,1.5750861167907715,-1.0814011096954346,-1.0829851627349854
Fluid,24872,24872,7.1623073,1.0,1.0,0.6130292624386211,0.6073084721219215,-0.23204625435567428,-0.23139727661798323,0.2471463493245689,0.2467947945791219,0.3382253878436266,0.3388448769999807,1.0,1.0,18.885882207878765,18.8960657336774,7.16,0.0023072624199995673,0.039411422,0.041388128,1.962970495223999,1.9639748334884644,-2.5771918296813965,-2.5756115913391113,2.247838258743286,2.2461917400360107,0.01890585385262966,0.022010967135429382,1.5747517347335815,1.5771372318267822,-1.0832266807556152,-1.084803819656372
Fluid,24872,24872,7.2023082,1.0,1.0,0.6172250952148653,0.611462380135343,-0.2317775099292031,-0.23112838537789923,0.246249989690316,0.24590262393173562,0.3384234198561441,0.3390433096724587,1.0,1.0,18.878561499495337,18.888811552283006,7.2,0.0023081779499998234,0.03931059,0.041292086,1.9647637605667114,1.965789556503296,-2.578547716140747,-2.576965808868408,2.244547128677368,2.2429118156433105,0.019003886729478836,0.0220317579805851,1.5767894983291626,1.579188585281372,-1.0850406885147095,-1.0866153240203857
Fluid,24872,24872,7.2423091,1.0,1.0,0.6214366874296845,0.6156084270490887,-0.2315104452321134,-0.23085927258144695,0.2453633260857925,0.24501721944919663,0.33862194681148217,0.33924235379400136,1.0,1.0,18.87121961058509,18.881572815642627,7.24,0.0023090934800000795,0.03929222,0.041078247,1.9665488004684448,1.967595100402832,-2.5798227787017822,-2.578397035598755,2.2412736415863037,2.2396421432495117,0.019108278676867485,0.021865811198949814,1.578824758529663,1.581233024597168,-1.0868489742279053,-1.0884220600128174
Fluid,24872,24872,7.28231,1.0,1.0,0.625648421155998,0.6197479617974792,-0.2312428590863459,-0.2305863585374619,0.2444834061890802,0.2441366974933294,0.338818319706202,0.33944252607063774,1.0,1.0,18.863880125454056,18.874347118021554,7.28,0.0023100089999994466,0.0389477,0.040911824,1.9683276414871216,1.9693983793258667,-2.581028938293457,-2.580066204071045,2.238001823425293,2.2363641262054443,0.019219189882278442,0.021724065765738487,1.5808517932891846,1.583275318145752,-1.0886592864990234,-1.090217113494873
Fluid,24872,24872,7.3223109,1.0,1.0,0.6298489205447833,0.6238918585471118,-0.23097465135045972,-0.23031342138400576,0.2436113055014636,0.2432677502029157,0.3390124752671006,0.3396421446951202,1.0,1.0,18.856559573817997,18.867118191166913,7.32,0.0023109245299997028,0.038821805,0.040671147,1.970099925994873,1.971192479133606,-2.5821609497070312,-2.58168363571167,2.234711170196533,2.233057975769043,0.019335836172103882,0.021608076989650726,1.5828745365142822,1.585310459136963,-1.0904624462127686,-1.09200918674469
Fluid,24872,24872,7.3623118,1.0,1.0,0.634052572313072,0.6280445807209497,-0.23070506990726064,-0.23004082252643523,0.24274730276960152,0.24240333828022156,0.3392056144281741,0.33984186876396233,1.0,1.0,18.849237580512565,18.859879046553928,7.36,0.002311840059999959,0.03856155,0.040480763,1.9718692302703857,1.9729772806167603,-2.5835604667663574,-2.583254337310791,2.23138427734375,2.2297074794769287,0.019456427544355392,0.021517954766750336,1.5848981142044067,1.587347149848938,-1.0922600030899048,-1.0937871932983398
Fluid,24872,24872,7.4023128,1.0,1.0,0.6382589860239037,0.632196779809393,-0.23043409224040026,-0.22976681967656826,0.24188888304450168,0.24155017244704452,0.339402906331761,0.34004170481789475,1.0,1.0,18.84191345516682,18.852644295046744,7.4,0.002312755579999326,0.03843053,0.040227164,1.9736312627792358,1.9747518301010132,-2.5851995944976807,-2.584773540496826,2.22800612449646,2.226301670074463,0.019581129774451256,0.02145414426922798,1.586923599243164,1.5893787145614624,-1.0940481424331665,-1.0955580472946167
Fluid,24872,24872,7.4423137,1.0,1.0,0.6424788250253178,0.6363505476483753,-0.23016190906386283,-0.22949267629831765,0.2410397786172583,0.2407029259206422,0.33959981457547606,0.3402421526621635,1.0,1.0,18.834571540183138,18.84541129655645,7.44,0.002313671109999582,0.038196683,0.040047217,1.9753824472427368,1.9765149354934692,-2.5868005752563477,-2.5862433910369873,2.224571466445923,2.2228405475616455,0.019708795472979546,0.021416213363409042,1.5889438390731812,1.5914030075073242,-1.0958311557769775,-1.0973191261291504
Fluid,24872,24872,7.4823146,1.0,1.0,0.6466916362152191,0.6405150693082575,-0.22988965457958946,-0.229216278227281,0.24019963005599596,0.2398649227596345,0.3397966165404659,0.34044376657084796,1.0,1.0,18.82724356079991,18.83816435951326,7.48,0.0023145866399998383,0.038098086,0.03975439,1.9771195650100708,1.9782670736312866,-2.5883636474609375,-2.587663412094116,2.2210848331451416,2.2193329334259033,0.019837670028209686,0.021404435858130455,1.5909558534622192,1.5934233665466309,-1.0975996255874634,-1.099068284034729
Fluid,24872,24872,7.5223155,1.0,1.0,0.6509097284773542,0.644677299412005,-0.22961952289512177,-0.22894120400731957,0.23936529835078288,0.23903281537318063,0.33999244421630076,0.34064516623760543,1.0,1.0,18.819910655837614,18.830924536415754,7.52,0.0023155021700000944,0.037927926,0.0399222,1.9788451194763184,1.9800044298171997,-2.58988356590271,-2.589031219482422,2.2175583839416504,2.2157931327819824,0.01996503956615925,0.021418016403913498,1.5929633378982544,1.5954376459121704,-1.0993608236312866,-1.100803256034851
Fluid,24872,24872,7.5623164,1.0,1.0,0.6551389475660527,0.6488357098981009,-0.22934833979202646,-0.22866637569620915,0.23853767209973314,0.23820615499448144,0.3401903280491427,0.3408470840523396,1.0,1.0,18.812563591388386,18.823693756736642,7.56,0.0023164176900003497,0.037790872,0.03931468,1.9805601835250854,1.9817273616790771,-2.5913636684417725,-2.5903468132019043,2.214007616043091,2.2122342586517334,0.020088450983166695,0.021455425769090652,1.5949703454971313,1.5974392890930176,-1.1011087894439697,-1.1025266647338867
Fluid,24872,24872,7.6023173,1.0,1.0,0.6593675475264772,0.6529983025824312,-0.22907466612110408,-0.22839147164968635,0.23771578549767192,0.23738604807017816,0.34038811639099226,0.34105075397464396,1.0,1.0,18.805220489219746,18.816459476123402,7.6,0.002317333220000606,0.037684605,0.039381046,1.9822652339935303,1.98343825340271,-2.59279465675354,-2.5916130542755127,2.210442543029785,2.208664894104004,0.020220370963215828,0.02151677757501602,1.596969485282898,1.5994393825531006,-1.1028492450714111,-1.1042356491088867
Fluid,24872,24872,7.6423182,1.0,1.0,0.6635929432553341,0.6571663828710486,-0.22880022713975023,-0.2281175662845645,0.23690111843107317,0.23657447942541585,0.3405889804166789,0.3412524440231684,1.0,1.0,18.79788481134738,18.80921963032667,7.64,0.0023182487499999738,0.03751471,0.03911632,1.9839580059051514,1.9851349592208862,-2.594184398651123,-2.5928289890289307,2.2068710327148438,2.205092191696167,0.020355504006147385,0.021600158885121346,1.598960041999817,1.6014230251312256,-1.1045727729797363,-1.1059376001358032
Fluid,24872,24872,7.6823192,1.0,1.0,0.667823114735,0.6613299805793985,-0.22852602386373838,-0.22784184454490924,0.23609358316607026,0.23576792502925867,0.340789759826648,0.34145837743144203,1.0,1.0,18.790544504634664,18.801987983859135,7.68,0.00231916428000023,0.037306227,0.039138533,1.9856374263763428,1.9868192672729492,-2.5955278873443604,-2.5939924716949463,2.2032978534698486,2.2015180587768555,0.020494412630796432,0.02170511521399021,1.6009427309036255,1.6033968925476074,-1.1062861680984497,-1.1076236963272095
Fluid,24872,24872,7.7223201,1.0,1.0,0.6720463666103247,0.6654900812858953,-0.22825125799430176,-0.2275642047558476,0.23529139148453643,0.23496858968829928,0.34099180644203375,0.3416656805962684,1.0,1.0,18.78321855261457,18.794764182888912,7.72,0.002320079800000485,0.037259825,0.038849615,1.9873048067092896,1.988487958908081,-2.59682035446167,-2.5951037406921387,2.199723243713379,2.197941780090332,0.0206365454941988,0.02182948775589466,1.602918267250061,1.6053545475006104,-1.1079870462417603,-1.1092941761016846
Fluid,24872,24872,7.762321,1.0,1.0,0.6762733673931803,0.6696619021046293,-0.22797739136481496,-0.22728897610588802,0.23449764687995717,0.23417501731983295,0.34119656616514465,0.3418728003779936,1.0,1.0,18.775890437572784,18.7875246738613,7.76,0.002320995329999853,0.03694769,0.038680635,1.9889575242996216,1.9901398420333862,-2.598062038421631,-2.5961670875549316,2.196145534515381,2.1943612098693848,0.02078176476061344,0.021972496062517166,1.6048773527145386,1.6072981357574463,-1.1096720695495605,-1.1109569072723389
Fluid,24872,24872,7.8023219,1.0,1.0,0.6805073547028199,0.6738473908937377,-0.22770311489617995,-0.22701329498727926,0.2337093527910194,0.23338797579827394,0.34140512666283235,0.34208256848923346,1.0,1.0,18.768555038226076,18.78026684809053,7.8,0.0023219108600001093,0.036846794,0.038544983,1.9905946254730225,1.9917771816253662,-2.599254846572876,-2.5971808433532715,2.19256329536438,2.190777063369751,0.020929154008626938,0.022023407742381096,1.6068300008773804,1.6092246770858765,-1.1113463640213013,-1.1126092672348022
Fluid,24872,24872,7.8423228,1.0,1.0,0.6847389621054363,0.6780414850915423,-0.22743032584443146,-0.22673807321911651,0.23292651273467152,0.23260692464454047,0.3416153525119891,0.34229428426022585,1.0,1.0,18.761225994471456,18.772998669746414,7.84,0.0023228263900003654,0.036793027,0.038464658,1.992214560508728,1.993403434753418,-2.6004066467285156,-2.59814453125,2.188979387283325,2.1871941089630127,0.02107946202158928,0.021992256864905357,1.6087646484375,1.6111363172531128,-1.1130123138427734,-1.1142463684082031
Fluid,24872,24872,7.8823237,1.0,1.0,0.6889696768826692,0.6822330057576868,-0.22715901670619204,-0.22646184172863235,0.23214791308346766,0.2318322901905629,0.34182802202849827,0.34250940874838753,1.0,1.0,18.753902018779574,18.7657373329189,7.88,0.0023237419099997325,0.036752798,0.038496204,1.9938229322433472,1.9950196743011475,-2.6015143394470215,-2.599066734313965,2.1854007244110107,2.1836206912994385,0.021232135593891144,0.02196204848587513,1.6106822490692139,1.6130292415618896,-1.1146697998046875,-1.1158758401870728
Fluid,24872,24872,7.9223247,1.0,1.0,0.6932171513922105,0.6864275807691466,-0.22688936146152025,-0.22618907668652363,0.23137649639346958,0.23106224979956966,0.34204239186256874,0.3427246080056897,1.0,1.0,18.746555707239192,18.758474869795574,7.92,0.0023246574399999886,0.036624756,0.038344514,1.9954181909561157,1.9966226816177368,-2.6025826930999756,-2.599945306777954,2.1818349361419678,2.180062770843506,0.021387619897723198,0.02193288505077362,1.6125861406326294,1.6149064302444458,-1.1163079738616943,-1.1174942255020142
Fluid,24872,24872,7.9623256,1.0,1.0,0.6974789243415014,0.6906230019915077,-0.22662367200914468,-0.22591922390665625,0.2306106631677321,0.23029806764782,0.34225854575745773,0.342941008876631,1.0,1.0,18.73919044406746,18.751213901408732,7.96,0.0023255729700002448,0.03651796,0.038182627,1.996999740600586,1.9982130527496338,-2.6036014556884766,-2.6007847785949707,2.178286075592041,2.176522970199585,0.021229883655905724,0.02190510369837284,1.6144737005233765,1.6167645454406738,-1.1179420948028564,-1.1191009283065796
Fluid,24872,24872,8.002326,1.0,1.0,0.701742511322773,0.6948272678349018,-0.22635840416176561,-0.22565134743178528,0.22985000320516727,0.22953837542421995,0.3424746382971438,0.3431556052951089,1.0,1.0,18.731825388639677,18.74394313780661,8.0,0.0023260116599992386,0.03643882,0.038021844,1.998573660850525,1.9997944831848145,-2.604578733444214,-2.601592540740967,2.174755811691284,2.173002004623413,0.020817814394831657,0.021878836676478386,1.6163407564163208,1.6186106204986572,-1.1195684671401978,-1.120697259902954
Fluid,24872,24872,8.0423269,1.0,1.0,0.7060141476877221,0.6990458262170403,-0.226094446797508,-0.22538395166532194,0.22909497695874054,0.22878642792315615,0.34269041250556226,0.3433705963011727,1.0,1.0,18.724452435874447,18.736652684349767,8.04,0.002326927190001271,0.036335684,0.03802231,2.0001370906829834,2.00136399269104,-2.605520486831665,-2.6023693084716797,2.1712450981140137,2.169501781463623,0.0205073282122612,0.02176818996667862,1.6181920766830444,1.6204415559768677,-1.121183156967163,-1.1222829818725586
Fluid,24872,24872,8.0823278,1.0,1.0,0.710281646007636,0.7032800060584854,-0.22583120790862588,-0.2251182113142505,0.22834902321124476,0.22804412413539768,0.34290571985900814,0.343583998127945,1.0,1.0,18.717088077450995,18.729341710599222,8.08,0.0023278427100006382,0.036025316,0.037969127,2.0016896724700928,2.002920627593994,-2.606422185897827,-2.603123188018799,2.1677565574645996,2.166025400161743,0.020263848826289177,0.021663853898644447,1.620031714439392,1.6222591400146484,-1.1227855682373047,-1.1238611936569214
Fluid,24872,24872,8.1223288,1.0,1.0,0.7145626442957923,0.7075114116791453,-0.22556923172525323,-0.2248550874529926,0.2276086292389706,0.22730777353797516,0.3431182583352404,0.34379586296481124,1.0,1.0,18.709706089626213,18.722037267516225,8.12,0.0023287582400008944,0.035941016,0.037758324,2.0032334327697754,2.004465341567993,-2.607290744781494,-2.6038506031036377,2.164293050765991,2.1625750064849854,0.020096225664019585,0.02157265692949295,1.6218540668487549,1.624070167541504,-1.1243813037872314,-1.1254276037216187
Fluid,24872,24872,8.1623297,1.0,1.0,0.7188422887777702,0.7117326043707081,-0.22530678578976862,-0.2245904294040471,0.2268783006461079,0.22657897151873624,0.3433288627141461,0.34400467139511925,1.0,1.0,18.702328151734783,18.714750592138806,8.16,0.002329673769999374,0.035571456,0.037401043,2.004767417907715,2.0060038566589355,-2.6081221103668213,-2.604555606842041,2.1608550548553467,2.159149408340454,0.02001032792031765,0.021361522376537323,1.6236661672592163,1.6258715391159058,-1.1259654760360718,-1.1269886493682861
Fluid,24872,24872,8.2023306,1.0,1.0,0.723123838945423,0.7159466796237511,-0.2250444267064048,-0.22432364140120184,0.2261529110299274,0.22585867046158078,0.3435343163055445,0.34420820686973025,1.0,1.0,18.69495025368203,18.707478250710288,8.2,0.0023305892900005176,0.0355169,0.037420586,2.006291151046753,2.007533550262451,-2.6089279651641846,-2.605234384536743,2.157440185546875,2.155743360519409,0.020008845254778862,0.02099219150841236,1.6254667043685913,1.6276609897613525,-1.1275436878204346,-1.1285403966903687
Fluid,24872,24872,8.2423315,1.0,1.0,0.7274024971914347,0.7201685742886094,-0.22477865980994394,-0.22405569173213502,0.22543836416794666,0.2251450954787415,0.34373896341219895,0.3444102632982075,1.0,1.0,18.68758001355122,18.700197649063423,8.24,0.0023315048199989974,0.035248432,0.036937255,2.00780987739563,2.0090560913085938,-2.609692096710205,-2.60589337348938,2.1540400981903076,2.152345657348633,0.02009562775492668,0.020717628300189972,1.6272575855255127,1.6294411420822144,-1.129106879234314,-1.1300828456878662
Fluid,24872,24872,8.2823324,1.0,1.0,0.7316827704650614,0.7243931037283404,-0.22451431426705223,-0.22378547659858847,0.22473127394270578,0.22444970445069684,0.3439421857772045,0.3446130504840659,1.0,1.0,18.680210816741337,18.692916473647564,8.28,0.00233242035000103,0.035015024,0.034465376,2.0093202590942383,2.010568857192993,-2.6104273796081543,-2.6065289974212646,2.150641918182373,2.148944139480591,0.02026648074388504,0.02054762840270996,1.6290544271469116,1.63121497631073,-1.1306586265563965,-1.1316120624542236
Fluid,24872,24872,8.3223333,1.0,1.0,0.7359717148775512,0.7286228008913426,-0.22424760524254805,-0.22351435837241523,0.22403031241050755,0.22373816909080677,0.34414403410133515,0.34481271778202327,1.0,1.0,18.672831859340157,18.685631065362518,8.32,0.0023333358799995096,0.034805145,0.036923155,2.010826587677002,2.0120813846588135,-2.6111316680908203,-2.607145071029663,2.1472342014312744,2.1455278396606445,0.020516667515039444,0.020498620346188545,1.6308430433273315,1.6329972743988037,-1.132203221321106,-1.1331425905227661
Fluid,24872,24872,8.3623343,1.0,1.0,0.7402639055222605,0.7328529794112224,-0.2239818688576107,-0.22324309090157476,0.22333646720996017,0.22304026936245294,0.34434612352776744,0.3450139701327817,1.0,1.0,18.665450946392834,18.67834874175683,8.36,0.002334251400000653,0.034666292,0.035575114,2.0123229026794434,2.0135841369628906,-2.611826181411743,-2.607738971710205,2.1438074111938477,2.14208984375,0.020842663943767548,0.0205583143979311,1.6326240301132202,1.6347628831863403,-1.1337437629699707,-1.134661316871643
Fluid,24872,24872,8.4023352,1.0,1.0,0.7445684164715316,0.7370802034964042,-0.22371587391330744,-0.2229724691362363,0.222647706873253,0.22236792067278222,0.3445484250911681,0.3452177216871238,1.0,1.0,18.658055470587165,18.67107400111195,8.4,0.002335166929999133,0.03454314,0.034498032,2.0138132572174072,2.0150794982910156,-2.6125240325927734,-2.60831618309021,2.1403579711914062,2.138629674911499,0.02123858965933323,0.0207215566188097,1.634401559829712,1.6365283727645874,-1.135279893875122,-1.1361743211746216
Fluid,24872,24872,8.4423361,1.0,1.0,0.7488671518727688,0.741298722350166,-0.22345006820400076,-0.2227005196505952,0.22196508555801273,0.22167705787251707,0.3447500487530456,0.3454202999382506,1.0,1.0,18.650671959076714,18.66381547178015,8.44,0.0023360824600011654,0.034452394,0.03652162,2.0152976512908936,2.0165727138519287,-2.6132006645202637,-2.608874797821045,2.136887550354004,2.1351497173309326,0.021329890936613083,0.02097935974597931,1.6361708641052246,1.6382927894592285,-1.1368037462234497,-1.1376889944076538
Fluid,24872,24872,8.482337,1.0,1.0,0.7531690871921957,0.7455053607579886,-0.22318356796612632,-0.22242868037817382,0.22128862931266374,0.2210014145862522,0.34494832515181345,0.3456233942086664,1.0,1.0,18.64328677250128,18.656577501928894,8.48,0.002336997989999645,0.03438853,0.035996776,2.016775369644165,2.0180609226226807,-2.6138622760772705,-2.609412670135498,2.133397102355957,2.1316487789154053,0.02109876647591591,0.021316763013601303,1.6379284858703613,1.6400477886199951,-1.138330101966858,-1.1391950845718384
Fluid,24872,24872,8.5223379,1.0,1.0,0.7574717504671564,0.7497225342320034,-0.22291744510935552,-0.2221565836399941,0.22063697654461556,0.22033244014387227,0.3451503149637648,0.3458262163247498,1.0,1.0,18.635902667244977,18.64932766889368,8.52,0.0023379135100007886,0.034967747,0.03612929,2.0182461738586426,2.0195436477661133,-2.6144981384277344,-2.6099305152893066,2.1298844814300537,2.128124237060547,0.020877601578831673,0.02114075981080532,1.639682650566101,1.641798496246338,-1.1398513317108154,-1.140700101852417
Fluid,24872,24872,8.5623388,1.0,1.0,0.7617757760754665,0.7539430434652595,-0.22265251884654813,-0.2218855139474397,0.21995846812001313,0.21966549409906885,0.34535238489682923,0.3460300522649837,1.0,1.0,18.628519276247488,18.6420764847176,8.56,0.0023388290399992684,0.03408445,0.035856567,2.0197107791900635,2.02101993560791,-2.6151156425476074,-2.610431671142578,2.126347541809082,2.124577283859253,0.020667046308517456,0.02092551440000534,1.64142906665802,1.6435412168502808,-1.1413657665252686,-1.1422076225280762
Fluid,24872,24872,8.6023397,1.0,1.0,0.7660872146866233,0.7581679754376341,-0.2223892823565181,-0.22161495793769875,0.21930818874856242,0.21900416715651747,0.3455533600495191,0.34623355457865185,1.0,1.0,18.621128385800876,18.63482190489807,8.6,0.0023397445699995245,0.033612017,0.035603374,2.0211691856384277,2.0224928855895996,-2.6156978607177734,-2.6109166145324707,2.1227920055389404,2.121015787124634,0.02047356590628624,0.020719243213534355,1.6431769132614136,1.6452828645706177,-1.142882227897644,-1.1437116861343384
Fluid,24872,24872,8.6423407,1.0,1.0,0.7704047300266965,0.7624072802167462,-0.22212697150152452,-0.22134507830509656,0.21864318233886515,0.218360613380616,0.3457539515388745,0.3464392243273082,1.0,1.0,18.613731991520034,18.627549263203246,8.64,0.0023406600999997806,0.035814464,0.035311494,2.0226263999938965,2.023961067199707,-2.6162631511688232,-2.6117019653320312,2.1192262172698975,2.1174473762512207,0.020290976390242577,0.02052316442131996,1.644930362701416,1.6470187902450562,-1.1443966627120972,-1.1452127695083618
Fluid,24872,24872,8.6823416,1.0,1.0,0.7747249244455998,0.7666543266181061,-0.22186359017757876,-0.22107487339842447,0.21800376937695293,0.21771216353102885,0.3459572411834051,0.3466449302691947,1.0,1.0,18.606335177456845,18.620267501020017,8.68,0.002341575620000924,0.033478033,0.034709204,2.0240774154663086,2.025432586669922,-2.6168010234832764,-2.612724781036377,2.115656852722168,2.1138784885406494,0.02011890336871147,0.02033771015703678,1.6466797590255737,1.6487568616867065,-1.1459063291549683,-1.146710753440857
Fluid,24872,24872,8.7223425,1.0,1.0,0.7790420941807573,0.770902658448884,-0.22159986982390767,-0.22080431951284193,0.21735246623605645,0.21705510273485018,0.34616093546927573,0.3468526298398038,1.0,1.0,18.598945010471436,18.6129864230728,8.72,0.002342491149999404,0.03545475,0.03391187,2.0255327224731445,2.0268990993499756,-2.6173079013824463,-2.6136856079101562,2.112088918685913,2.1103122234344482,0.019958872348070145,0.02016367018222809,1.6484407186508179,1.6504924297332764,-1.1474136114120483,-1.148206114768982
Fluid,24872,24872,8.7623434,1.0,1.0,0.7833558926697369,0.7751528996120488,-0.221335996873527,-0.22053355186663617,0.21672329403149684,0.21642771713432954,0.34636463721061583,0.34705854173417416,1.0,1.0,18.591561098580346,18.605703797398675,8.76,0.00234340667999966,0.034779556,0.033290926,2.026981830596924,2.0283665657043457,-2.617795467376709,-2.614597797393799,2.1085243225097656,2.1067490577697754,0.019810765981674194,0.020001370459794998,1.6501942873001099,1.6522276401519775,-1.1489194631576538,-1.149706244468689
Fluid,24872,24872,8.8023443,1.0,1.0,0.787676150967984,0.7794018946931602,-0.2210725048832816,-0.22026469236783186,0.2160797239613446,0.21578523179346348,0.34656890153420233,0.347263486207461,1.0,1.0,18.584170271285135,18.598424249732176,8.8,0.002344322199999027,0.035410065,0.035677988,2.0284321308135986,2.029834032058716,-2.6182587146759033,-2.6154747009277344,2.104962110519409,2.103186845779419,0.019675852730870247,0.019851474091410637,1.6519546508789062,1.6539616584777832,-1.150428295135498,-1.151207447052002
Fluid,24872,24872,8.8423452,1.0,1.0,0.7920085947839638,0.7836544877798466,-0.22080861382116315,-0.21999622019916656,0.21546283016712536,0.2151581017761355,0.3467754365471363,0.3474699801025299,1.0,1.0,18.576764114495834,18.59114190507602,8.84,0.0023452377299992833,0.034572497,0.0349199,2.029878854751587,2.0312986373901367,-2.618701457977295,-2.6163082122802734,2.1013991832733154,2.0996227264404297,0.019554780796170235,0.019718220457434654,1.653709888458252,1.6556962728500366,-1.1519337892532349,-1.1527122259140015
Fluid,24872,24872,8.8823462,1.0,1.0,0.7963363566323715,0.7879143588639602,-0.22054595303039934,-0.21972451039660937,0.214840407903633,0.2145452447678629,0.3469808035466756,0.34767625600528995,1.0,1.0,18.569366816540324,18.58385159241574,8.88,0.0023461532599995394,0.033910155,0.03438509,2.031327486038208,2.0327630043029785,-2.61912202835083,-2.6171083450317383,2.0978357791900635,2.096061944961548,0.019447393715381622,0.01960032247006893,1.6554713249206543,1.6574455499649048,-1.1534428596496582,-1.15421724319458
Fluid,24872,24872,8.9223471,1.0,1.0,0.8006703646813311,0.7921734255351757,-0.22028231599482587,-0.21945617543221904,0.21421100224123238,0.21391667754598437,0.34718896967781393,0.34788165882239225,1.0,1.0,18.56196284347809,18.57656519679097,8.92,0.0023470687899997955,0.03321931,0.03477663,2.0327720642089844,2.0342283248901367,-2.619528293609619,-2.6178855895996094,2.0942792892456055,2.092510938644409,0.01935482770204544,0.019496528431773186,1.6572285890579224,1.6592150926589966,-1.1549479961395264,-1.1557235717773438
Fluid,24872,24872,8.962348,1.0,1.0,0.8050199636215205,0.7964351054733874,-0.22001977539926842,-0.21918631082584308,0.21360819324450828,0.21331502957098503,0.347392022211314,0.3480904625741121,1.0,1.0,18.554538788040876,18.569278336713918,8.96,0.0023479843099991626,0.03248339,0.034161855,2.0342154502868652,2.035689353942871,-2.6199140548706055,-2.6186320781707764,2.0907347202301025,2.088974714279175,0.019276773557066917,0.019406890496611595,1.658981204032898,1.6609835624694824,-1.1564555168151855,-1.1572235822677612
Fluid,24872,24872,9.0023489,1.0,1.0,0.8093860899748123,0.8006941320406726,-0.2197557507892672,-0.21891640839560855,0.21299170088843733,0.21270627888211913,0.34759680872522863,0.34829851894434527,1.0,1.0,18.547093690304404,18.561998589700654,9.0,0.0023488998399994188,0.034926224,0.033731066,2.035660982131958,2.0371487140655518,-2.6202824115753174,-2.6193630695343018,2.087207794189453,2.0854573249816895,0.01921328902244568,0.01933104172348976,1.660740852355957,1.6627548933029175,-1.1579639911651611,-1.158728003501892
Fluid,24872,24872,9.0423498,1.0,1.0,0.8137638288879228,0.8049514494688819,-0.2194913183249822,-0.21864773408920485,0.21240109898787723,0.21209208299429838,0.34780362037815327,0.34850681679361983,1.0,1.0,18.539635863669165,18.554725009822203,9.04,0.0023498153700014512,0.03399993,0.03290068,2.037102222442627,2.038604974746704,-2.6210269927978516,-2.6200735569000244,2.0837008953094482,2.081960916519165,0.019164063036441803,0.019269321113824844,1.6624960899353027,1.6645218133926392,-1.159468412399292,-1.1602306365966797
Fluid,24872,24872,9.0823507,1.0,1.0,0.8181445672449633,0.8092213312000092,-0.21922744352895623,-0.2183787103198066,0.21180362351579923,0.21150560308214553,0.3480084424604053,0.3487176545661812,1.0,1.0,18.532176653186237,18.547435101223513,9.08,0.002350730899999931,0.03340721,0.03213859,2.038543462753296,2.0400609970092773,-2.6217410564422607,-2.620767116546631,2.080214500427246,2.078484535217285,0.019128402695059776,0.019221069291234016,1.6642519235610962,1.6662955284118652,-1.160974144935608,-1.1617318391799927
Fluid,24872,24872,9.1223516,1.0,1.0,0.8225386619324256,0.813498087412043,-0.21896533737778087,-0.21811013071751056,0.21119656802236558,0.21090389195035505,0.34821278920430665,0.3489230955020418,1.0,1.0,18.524699682397987,18.540138007245595,9.12,0.0023516464200010745,0.03253298,0.0343545,2.039979934692383,2.0415172576904297,-2.6224491596221924,-2.6214475631713867,2.0767483711242676,2.075029134750366,0.01911766082048416,0.01918627694249153,1.6659985780715942,1.6680684089660645,-1.162475347518921,-1.1632384061813354
Fluid,24872,24872,9.1623526,1.0,1.0,0.8269434756254965,0.8177781203632698,-0.21869907001061584,-0.21784208004892197,0.2106216383722589,0.21032010367404982,0.34841349254904797,0.34912395471570223,1.0,1.0,18.517210493213536,18.53283918425369,9.16,0.0023525619499995543,0.03187782,0.032168463,2.041421413421631,2.04297137260437,-2.623152017593384,-2.622103452682495,2.073302745819092,2.0715930461883545,0.019122619181871414,0.019171636551618576,1.667750597000122,1.6698405742645264,-1.1639807224273682,-1.1647403240203857
Fluid,24872,24872,9.2023535,1.0,1.0,0.8313449074245165,0.8220676823862659,-0.21843287482020143,-0.21757265173564386,0.21003789775891019,0.20974609504348093,0.3486105032248561,0.3493270327885958,1.0,1.0,18.509729546532824,18.525529127022814,9.2,0.0023534774800015867,0.033850376,0.03217003,2.042867660522461,2.044426441192627,-2.6238484382629395,-2.622744560241699,2.0698742866516113,2.068171501159668,0.019139934331178665,0.019176067784428596,1.6695075035095215,1.6716110706329346,-1.1654860973358154,-1.1662386655807495
Fluid,24872,24872,9.2423544,1.0,1.0,0.8357436599433459,0.8263669756664687,-0.2181674944697144,-0.2173041417778686,0.2094780946994873,0.20917478184167496,0.3488094671843283,0.34953018854011825,1.0,1.0,18.502255372465825,18.518208162659576,9.24,0.0023543930100000665,0.033141993,0.03203495,2.0443108081817627,2.0458803176879883,-2.6245269775390625,-2.623365879058838,2.0664572715759277,2.0647573471069336,0.0191678274422884,0.019191859290003777,1.671257495880127,1.6733752489089966,-1.1669838428497314,-1.1677322387695312
Fluid,24872,24872,9.2823553,1.0,1.0,0.8401463683341185,0.8306677955994763,-0.217901989226893,-0.21703672707071855,0.20890727184800356,0.2086069064693967,0.34900815319248363,0.3497340145906981,1.0,1.0,18.494778430588415,18.510887603891668,9.28,0.00235530853000121,0.032868,0.034166593,2.0457582473754883,2.0473337173461914,-2.625195026397705,-2.6239724159240723,2.0630428791046143,2.0613415241241455,0.01920648105442524,0.019218800589442253,1.6730085611343384,1.6751383543014526,-1.1684788465499878,-1.1692243814468384
Fluid,24872,24872,9.3223562,1.0,1.0,0.8445423712429823,0.8349703045649802,-0.21763512477756203,-0.21676934950571028,0.20834674644779716,0.2080532900298427,0.34920550180462673,0.3499398479409141,1.0,1.0,18.48731325488644,18.503566915255032,9.32,0.0023562240599996898,0.032349154,0.03309795,2.047205924987793,2.048785448074341,-2.6258411407470703,-2.6245601177215576,2.059623956680298,2.0579192638397217,0.019254503771662712,0.019255975261330605,1.6747480630874634,1.6768925189971924,-1.1699730157852173,-1.1707130670547485
Fluid,24872,24872,9.3623571,1.0,1.0,0.8489408192709661,0.8392742401082699,-0.2173691562496889,-0.21650459247528334,0.207781413428356,0.20749441010752576,0.34940473865770355,0.3501438487883171,1.0,1.0,18.47984731730329,18.496245494069836,9.36,0.002357139589999946,0.032540206,0.032693133,2.0486583709716797,2.050236940383911,-2.6264758110046387,-2.6251347064971924,2.05619740486145,2.0544891357421875,0.019310567528009415,0.0193020012229681,1.6764851808547974,1.6786400079727173,-1.171462059020996,-1.1722016334533691
Fluid,24872,24872,9.4023581,1.0,1.0,0.8533424163707651,0.8435715828308135,-0.21710290014301958,-0.21623586908557377,0.2072095921841693,0.20693362070447935,0.34960396588962905,0.3503438095891832,1.0,1.0,18.47237862598171,18.48893689817844,9.4,0.002358055109999313,0.031871703,0.031521786,2.0501091480255127,2.051689863204956,-2.6270911693573,-2.6256933212280273,2.052764415740967,2.051054000854492,0.019373197108507156,0.01935550384223461,1.6782116889953613,1.6803690195083618,-1.1729562282562256,-1.1737086772918701
Fluid,24872,24872,9.442359,1.0,1.0,0.8577482539214821,0.8478600813869325,-0.21683079234841732,-0.2159663867290755,0.20667363247961756,0.20640479429481487,0.3497979052578893,0.35054459373260094,1.0,1.0,18.464904319208586,18.481641969637842,9.44,0.0023589706400013455,0.03098407,0.03099149,2.0515687465667725,2.0531458854675293,-2.6276819705963135,-2.6262407302856445,2.0493276119232178,2.047616958618164,0.019441738724708557,0.019415918737649918,1.6799217462539673,1.6821205615997314,-1.1744635105133057,-1.1752036809921265
Fluid,24872,24872,9.4823599,1.0,1.0,0.8621431760901489,0.8521419636666442,-0.21655850347702746,-0.21569630157973244,0.20614175984239635,0.20585820099489266,0.3499929081064822,0.35074435514050556,1.0,1.0,18.45744745100223,18.474358026258198,9.48,0.0023598861699998253,0.031710036,0.03320473,2.0530307292938232,2.054605722427368,-2.6282565593719482,-2.6267800331115723,2.0458905696868896,2.044179677963257,0.019515028223395348,0.019482336938381195,1.6816240549087524,1.6838914155960083,-1.1759635210037231,-1.176693320274353
Fluid,24872,24872,9.5223608,1.0,1.0,0.8665379983800484,0.8564334956093262,-0.21628509062847398,-0.21542521833949002,0.20559373716647017,0.20533749091138792,0.3501890784890466,0.3509445736129808,1.0,1.0,18.44999442111261,18.467063454463574,9.52,0.0023608017000000814,0.031181252,0.032432597,2.0544967651367188,2.056065082550049,-2.628805637359619,-2.627307891845703,2.0424530506134033,2.0407400131225586,0.019592251628637314,0.019553126767277718,1.683316707611084,1.6856592893600464,-1.1774494647979736,-1.1781612634658813
Fluid,24872,24872,9.5623617,1.0,1.0,0.8709427346650319,0.8607286669189661,-0.21601019183910086,-0.21515484093833714,0.20507240196968252,0.20480310774423857,0.3503837054159098,0.351141245503036,1.0,1.0,18.44253045916749,18.459766848940834,9.56,0.0023617172199994485,0.030645013,0.032625407,2.0559637546539307,2.057525873184204,-2.62933349609375,-2.6278278827667236,2.0390093326568604,2.0372893810272217,0.019672345370054245,0.019628001376986504,1.6850045919418335,1.6874278783798218,-1.1789212226867676,-1.179616928100586
Fluid,24872,24872,9.6023626,1.0,1.0,0.8753570046059495,0.865032160940497,-0.21573620515991745,-0.2148821948791278,0.20453233723389388,0.2042821090412768,0.3505779558645024,0.35133774435508186,1.0,1.0,18.435056092885578,18.45246060253455,9.6,0.0023626327499997046,0.031185998,0.03191308,2.0574357509613037,2.0589892864227295,-2.6298434734344482,-2.628335952758789,2.035551071166992,2.0338213443756104,0.01975427195429802,0.01970544271171093,1.6867201328277588,1.6891964673995972,-1.1803803443908691,-1.1810599565505981
Fluid,24872,24872,9.6423635,1.0,1.0,0.8797643233596282,0.8693324580378162,-0.21546234157872224,-0.21461011495912402,0.2040203787385968,0.2037682320855812,0.35077364319721793,0.3515361886979158,1.0,1.0,18.42759482409648,18.445161400020755,9.64,0.0023635482799999608,0.030513622,0.03132738,2.0589067935943604,2.060448169708252,-2.6303341388702393,-2.6288349628448486,2.0320725440979004,2.030332326889038,0.019837571308016777,0.019785204902291298,1.6884738206863403,1.690962314605713,-1.181825876235962,-1.1824895143508911
Fluid,24872,24872,9.6823645,1.0,1.0,0.8841757801605413,0.8736357092385295,-0.2151861144333866,-0.21433775473132025,0.2034935831703694,0.20324949544143614,0.35096971702239654,0.3517334850504676,1.0,1.0,18.420130761423536,18.43786072788533,9.68,0.002364463810000217,0.032463517,0.031436488,2.06037974357605,2.0619094371795654,-2.630808115005493,-2.629323720932007,2.0285720825195312,2.0268192291259766,0.019921481609344482,0.01986623927950859,1.6902345418930054,1.6927317380905151,-1.183261752128601,-1.1839196681976318
Fluid,24872,24872,9.7223654,1.0,1.0,0.8885917349837644,0.8779436050085306,-0.21491088397447744,-0.21406551873727486,0.20299014961324516,0.20273150863665423,0.35116595606797346,0.35192988646485723,1.0,1.0,18.412662956867237,18.4305566298536,9.72,0.002365379329999584,0.031547997,0.030429946,2.0618515014648438,2.0633652210235596,-2.63126277923584,-2.62980055809021,2.025045394897461,2.0232796669006348,0.020005876198410988,0.01994832046329975,1.6919904947280884,1.6944876909255981,-1.1847052574157715,-1.1853514909744263
Fluid,24872,24872,9.7623663,1.0,1.0,0.8930054837412652,0.8822468373053362,-0.21463399654045826,-0.21379325087358964,0.20248687862283493,0.20222922986657585,0.3513607495602059,0.3521257586824664,1.0,1.0,18.405199265165628,18.423261955375647,9.76,0.00236629485999984,0.031567678,0.03191549,2.0633249282836914,2.0648250579833984,-2.6317026615142822,-2.6302649974823,2.021493434906006,2.019716739654541,0.020090650767087936,0.020030610263347626,1.6937452554702759,1.6962474584579468,-1.1861443519592285,-1.1867713928222656
Fluid,24872,24872,9.8023672,1.0,1.0,0.8974225525112601,0.8865449627282452,-0.21435629121462543,-0.21351977164763328,0.2019753384175622,0.2017314864707324,0.3515585504937051,0.35231939466360085,1.0,1.0,18.39773201827414,18.415976567911006,9.8,0.0023672103900000963,0.030415518,0.031813283,2.064795970916748,2.066279411315918,-2.6321234703063965,-2.630706787109375,2.017920732498169,2.016136884689331,0.02017674222588539,0.02011386677622795,1.6954962015151978,1.6979992389678955,-1.187569499015808,-1.1881784200668335
Fluid,24872,24872,9.8423681,1.0,1.0,0.9018377256238188,0.890849683189732,-0.2140793302733734,-0.21324599998474095,0.2014900854078471,0.20125146639159194,0.3517552900560402,0.35251487667486087,1.0,1.0,18.39027053023811,18.408684326813283,9.84,0.0023681259200003524,0.02986008,0.031304933,2.0662667751312256,2.0677297115325928,-2.632530450820923,-2.631150484085083,2.014336347579956,2.0125515460968018,0.02026202157139778,0.0201981533318758,1.6972527503967285,1.6997473239898682,-1.1889845132827759,-1.1895711421966553
Fluid,24872,24872,9.882369,1.0,1.0,0.9062525579726661,0.8951549043271823,-0.21380009972244735,-0.21297363241404732,0.20099709534343008,0.20076464155043935,0.351952174549392,0.35270844009090535,1.0,1.0,18.382813018746376,18.40139416553231,9.88,0.0023690414399997195,0.029945824,0.030797228,2.0677337646484375,2.0691778659820557,-2.6329193115234375,-2.631596088409424,2.0107526779174805,2.00897216796875,0.02034592069685459,0.020281609147787094,1.6990100145339966,1.701494574546814,-1.190392255783081,-1.1909502744674683
Fluid,24872,24872,9.92237,1.0,1.0,0.9106748893770183,0.8994770321989807,-0.21352153856538825,-0.21269958972527706,0.20051420792757843,0.20028750920798852,0.35214907604096746,0.3529015353201025,1.0,1.0,18.37534753192694,18.39408262694676,9.92,0.0023699569699999756,0.02942437,0.030254042,2.0691978931427,2.0706191062927246,-2.6332967281341553,-2.6320369243621826,2.007180690765381,2.005410671234131,0.020429084077477455,0.020364006981253624,1.700768232345581,1.7032322883605957,-1.1917924880981445,-1.1923205852508545
Fluid,24872,24872,9.9623709,1.0,1.0,0.9150998886799785,0.9038052123097212,-0.2132439358169935,-0.21242525527282505,0.2000205991918508,0.19980069507764464,0.35234690671057056,0.353093679086411,1.0,1.0,18.367880580892283,18.386765763436763,9.96,0.0023708724999984554,0.03164702,0.031032687,2.0706589221954346,2.0720584392547607,-2.633659839630127,-2.6324687004089355,2.0036330223083496,2.0018792152404785,0.020512791350483894,0.0204445943236351,1.702532172203064,1.7049720287322998,-1.193183422088623,-1.1936845779418945
Fluid,24872,24872,10.0023718,1.0,1.0,0.91952875559772,0.9081462978317713,-0.21296559650215494,-0.21214978471332452,0.19955245811747127,0.19932817652093318,0.3525445945183022,0.35328627720152855,1.0,1.0,18.360409927314482,18.379433077644713,10.0,0.0023717879999995972,0.03097698,0.03042721,2.072114944458008,2.0734941959381104,-2.6340103149414062,-2.6328957080841064,2.000120162963867,1.9983857870101929,0.02059716358780861,0.02044130302965641,1.7042888402938843,1.7067172527313232,-1.1945648193359375,-1.1950387954711914
Fluid,24872,24872,10.0423727,1.0,1.0,0.9239473234844693,0.912489553577412,-0.21268532041507607,-0.2118721409704106,0.1990776367172636,0.19884356343167622,0.3527395233440537,0.3534798421352728,1.0,1.0,18.35295733557364,18.37210010147892,10.04,0.0023727036000007473,0.030554548,0.029580476,2.0735695362091064,2.074925661087036,-2.6343483924865723,-2.633315324783325,1.9966459274291992,1.9949294328689575,0.020682163536548615,0.020390313118696213,1.7060487270355225,1.708455204963684,-1.1959425210952759,-1.1963868141174316
Fluid,24872,24872,10.0823736,1.0,1.0,0.9283639397511355,0.9168425010119398,-0.2124041756759579,-0.2115947995409753,0.19859439326748587,0.19838595195645248,0.35293497479398184,0.35367229258028016,1.0,1.0,18.345512226602587,18.364755712777864,10.08,0.0023736191000001128,0.029637754,0.02892669,2.075017213821411,2.0763509273529053,-2.634676456451416,-2.63372540473938,1.99320650100708,1.991505742073059,0.020668866112828255,0.020353136584162712,1.7078018188476562,1.7101913690567017,-1.1973140239715576,-1.197725534439087
Fluid,24872,24872,10.1223745,1.0,1.0,0.9327774880189312,0.9211934780886286,-0.21212170098289063,-0.2113185288451508,0.1981354801069038,0.19792391061417378,0.3531288913219428,0.35386545164652544,1.0,1.0,18.338075391385058,18.357417261228566,10.12,0.0023745346000012546,0.029158216,0.028746933,2.076462507247925,2.077770233154297,-2.6349918842315674,-2.6341331005096436,1.9897966384887695,1.9881075620651245,0.020613569766283035,0.020329192280769348,1.7095577716827393,1.7119241952896118,-1.1986823081970215,-1.1990628242492676
Fluid,24872,24872,10.1623755,1.0,1.0,0.9371950741597653,0.9255405952854576,-0.2118397707814706,-0.21104351554166895,0.19766320519993455,0.19745383000518946,0.35332527222017385,0.35405785572019777,1.0,1.0,18.330635472370062,18.350087696465312,10.16,0.00237545010000062,0.031343974,0.030972667,2.07790470123291,2.0791821479797363,-2.6352956295013428,-2.634532928466797,1.9864083528518677,1.9847266674041748,0.020574074238538742,0.020317798480391502,1.7113195657730103,1.7136597633361816,-1.2000465393066406,-1.200395107269287
Fluid,24872,24872,10.2023764,1.0,1.0,0.9416089361163614,0.9298849983665914,-0.21155940221374553,-0.2107644336240144,0.197212442912667,0.197009208472176,0.35352229955267306,0.3542498249007622,1.0,1.0,18.323204066409065,18.342765812476603,10.2,0.002376365699999994,0.03023883,0.030062154,2.0793356895446777,2.0805883407592773,-2.6355926990509033,-2.6349236965179443,1.9830321073532104,1.9813520908355713,0.020545264706015587,0.020317230373620987,1.713078260421753,1.7153843641281128,-1.201408863067627,-1.2017288208007812
Fluid,24872,24872,10.2423773,1.0,1.0,0.9460262395655832,0.9342324792131823,-0.21127791275406882,-0.21048571677462413,0.1967596382929576,0.19654648141998673,0.35371796703672653,0.35444355774006103,1.0,1.0,18.31577070563044,18.33544292439215,10.24,0.0023772811999993593,0.030120311,0.030637486,2.080761671066284,2.081991672515869,-2.635880947113037,-2.635308265686035,1.9796561002731323,1.977972149848938,0.02053018845617771,0.020329559221863747,1.714836597442627,1.7171152830123901,-1.2027708292007446,-1.2030560970306396
Fluid,24872,24872,10.2823782,1.0,1.0,0.9504523441034323,0.9385846012087252,-0.21099686541192558,-0.21020555764611362,0.19629504844988463,0.19610785894464652,0.35391375409516035,0.3546362282038761,1.0,1.0,18.30832851926166,18.328117048560173,10.28,0.002378196700000501,0.029116163,0.029920477,2.082178831100464,2.0833840370178223,-2.636157989501953,-2.6356847286224365,1.976269245147705,1.974576473236084,0.02052563987672329,0.020353274419903755,1.7165939807891846,1.7188360691070557,-1.2041311264038086,-1.2043869495391846
Fluid,24872,24872,10.3223791,1.0,1.0,0.9548887904630367,0.9429502336114013,-0.2107161347293431,-0.20992549924085852,0.19585418298043103,0.19566249922203993,0.35411048541859763,0.3548296856243376,1.0,1.0,18.300875502638817,18.320775099949426,10.32,0.0023791121999998666,0.028639356,0.02976714,2.0835886001586914,2.084770917892456,-2.6364266872406006,-2.6360554695129395,1.9728620052337646,1.9711569547653198,0.020533058792352676,0.020388394594192505,1.7183481454849243,1.7205578088760376,-1.205487608909607,-1.2057099342346191
Fluid,24872,24872,10.36238,1.0,1.0,0.9593294133448224,0.9473162479847034,-0.21043684567973658,-0.20964742647292228,0.19539783032583752,0.1952230576368126,0.3543097670160923,0.35502450987625156,1.0,1.0,18.29341900670747,18.313435200135707,10.36,0.0023800278000010167,0.030837642,0.029663896,2.0849900245666504,2.0861477851867676,-2.6366870403289795,-2.6364200115203857,1.9694284200668335,1.9677082300186157,0.020554503425955772,0.02043750323355198,1.7201076745986938,1.7222771644592285,-1.2068384885787964,-1.207028865814209
Fluid,24872,24872,10.4023809,1.0,1.0,0.9637740243898083,0.9516872065579745,-0.21015812083906543,-0.20937346000701845,0.1949739289675513,0.1947758948330367,0.3545092999461808,0.3552200395653064,1.0,1.0,18.28595794788623,18.306091745208796,10.4,0.002380943300000382,0.030210484,0.028607761,2.0863826274871826,2.0875132083892822,-2.6369378566741943,-2.6367783546447754,1.9659638404846191,1.9642294645309448,0.0205876175314188,0.020498676225543022,1.7218600511550903,1.7239900827407837,-1.2081867456436157,-1.208348035812378
Fluid,24872,24872,10.4423819,1.0,1.0,0.9682235960123864,0.9560634544163791,-0.209884584133072,-0.20909998913420783,0.19453223775145134,0.19435661564523882,0.3547098135586396,0.3554165245030639,1.0,1.0,18.278492696456258,18.29874360411832,10.44,0.0023818587999997476,0.029967172,0.028072301,2.087761640548706,2.088871717453003,-2.637181282043457,-2.637129306793213,1.9624723196029663,1.9607269763946533,0.02063419483602047,0.02057201787829399,1.7236100435256958,1.725703477859497,-1.209532380104065,-1.2096608877182007
Fluid,24872,24872,10.4823828,1.0,1.0,0.9726692787750324,0.9604337703289326,-0.2096119220298917,-0.20882898126414298,0.1941008506941583,0.19391781372674488,0.3549103520721589,0.35561064269882336,1.0,1.0,18.271036452363642,18.29140741213912,10.48,0.0023827743999991213,0.028355919,0.030096287,2.0891337394714355,2.0902228355407715,-2.637418270111084,-2.637470245361328,1.9589574337005615,1.9571995735168457,0.02069227211177349,0.020657189190387726,1.7253541946411133,1.7274143695831299,-1.2108757495880127,-1.2109735012054443
Fluid,24872,24872,10.5223837,1.0,1.0,0.9771076786398347,0.9648051315455772,-0.20933908191049724,-0.2085580878207911,0.19366542529838982,0.19351115386360035,0.3551104265440742,0.3558071240789974,1.0,1.0,18.26359444755034,18.284073407529597,10.52,0.002383689900000263,0.030284297,0.029394442,2.090500593185425,2.091566324234009,-2.637646198272705,-2.637803077697754,1.9554188251495361,1.9536510705947876,0.02076510526239872,0.020751789212226868,1.7270959615707397,1.7291141748428345,-1.2122184038162231,-1.2122803926467896
Fluid,24872,24872,10.5623846,1.0,1.0,0.9815419458166952,0.9691880126771938,-0.2090663295204761,-0.20828619379347718,0.1932526267924184,0.19309090730559228,0.35530942669689086,0.3560022009910843,1.0,1.0,18.256162287185106,18.276726493616124,10.56,0.0023846053999996286,0.029488599,0.029062396,2.091858386993408,2.092907667160034,-2.6378636360168457,-2.6381301879882812,1.9518635272979736,1.9500917196273804,0.020849047228693962,0.020855043083429337,1.7288309335708618,1.7308143377304077,-1.2135602235794067,-1.2135802507400513
Fluid,24872,24872,10.6023855,1.0,1.0,0.9859745237986026,0.9735755165071509,-0.20879445407175945,-0.20801397565422455,0.192833247472391,0.19266155867399418,0.3555110313185052,0.3561985098148687,1.0,1.0,18.2487358727153,18.269374516892945,10.6,0.0023855209000007704,0.029268298,0.028092775,2.0932111740112305,2.094242811203003,-2.638076066970825,-2.6384453773498535,1.9483038187026978,1.9465341567993164,0.02094413712620735,0.02096610888838768,1.7305668592453003,1.7325053215026855,-1.2148914337158203,-1.214875340461731
Fluid,24872,24872,10.6423864,1.0,1.0,0.9904114669442884,0.9779614929124457,-0.20852251197169505,-0.2077418800862641,0.19240394056338522,0.19226063909317642,0.3557138046286869,0.35639425096855415,1.0,1.0,18.24130590639148,18.262026374767203,10.64,0.002386436500000144,0.028369328,0.027549425,2.094557762145996,2.095573902130127,-2.6382787227630615,-2.6387550830841064,1.9447518587112427,1.9429900646209717,0.021010247990489006,0.020954731851816177,1.7322956323623657,1.7341915369033813,-1.2162179946899414,-1.216168761253357
Fluid,24872,24872,10.6823874,1.0,1.0,0.9948570011447755,0.9823604755376605,-0.20825019434029127,-0.2074714632443191,0.19199956131369011,0.191843680969801,0.35591821246900557,0.3565900012452958,1.0,1.0,18.23386714917818,18.254662992947353,10.68,0.0023873519999995096,0.027892767,0.029660752,2.095900058746338,2.0969011783599854,-2.638474225997925,-2.639054536819458,1.9412178993225098,1.939466953277588,0.020930875092744827,0.020883431658148766,1.7340213060379028,1.7358708381652832,-1.2175369262695312,-1.2174588441848755
Fluid,24872,24872,10.7223883,1.0,1.0,0.9992906398434517,0.9867728663593248,-0.2079782276482484,-0.20720007966879736,0.19159111959246236,0.19144988731858875,0.35612123909899657,0.35678471742110457,1.0,1.0,18.226448322922213,18.247283612888086,10.72,0.002388267499998875,0.027807893,0.028969035,2.097234010696411,2.098222017288208,-2.638660192489624,-2.6393442153930664,1.937705159187317,1.9359633922576904,0.020864157006144524,0.02082459256052971,1.735734462738037,1.7375351190567017,-1.2188525199890137,-1.2187477350234985
Fluid,24872,24872,10.7623892,1.0,1.0,1.003727241478627,0.9911784623251881,-0.20770747751496604,-0.20692998643029312,0.19117442209337382,0.19104865434555288,0.3563233140182015,0.35698076131065326,1.0,1.0,18.219027520223,18.23991608025369,10.76,0.002389183000000017,0.028040875,0.028527776,2.0985641479492188,2.0995395183563232,-2.638838768005371,-2.6396288871765137,1.9342093467712402,1.9324729442596436,0.020811179652810097,0.020779481157660484,1.7374359369277954,1.739189624786377,-1.2201648950576782,-1.2200285196304321
Fluid,24872,24872,10.8023901,1.0,1.0,1.0081599769455976,0.9955762784299383,-0.20743656577594846,-0.20666093800615923,0.19078478500393484,0.1906377119972257,0.3565255635323303,0.35717938810980715,1.0,1.0,18.21161529729511,18.232562327469303,10.8,0.0023900985999993907,0.027338069,0.027643105,2.099888563156128,2.1008529663085938,-2.6390106678009033,-2.6399083137512207,1.930722713470459,1.928987979888916,0.020772764459252357,0.02074906788766384,1.7391222715377808,1.7408273220062256,-1.2214701175689697,-1.22130286693573
Fluid,24872,24872,10.842391,1.0,1.0,1.0125907946155297,0.9999687683469741,-0.20716632403283244,-0.20639137122402643,0.19037309990773124,0.19025434598122384,0.35672717003201987,0.35737627046818377,1.0,1.0,18.20420918548249,18.225220266627744,10.84,0.0023910141000005325,0.029403316,0.028216274,2.1012115478515625,2.1021652221679688,-2.6391773223876953,-2.640169143676758,1.9272375106811523,1.9255013465881348,0.02075011655688286,0.020733699202537537,1.7407995462417603,1.7424567937850952,-1.222771167755127,-1.222575068473816
Fluid,24872,24872,10.8823919,1.0,1.0,1.0170094989543745,1.0043637097322535,-0.2068956741305585,-0.206119977113461,0.1899908339709131,0.189850016662431,0.35692970311021815,0.3575738250344724,1.0,1.0,18.19682197380618,18.217877870857542,10.88,0.002391929599999898,0.028718185,0.027443249,2.102529287338257,2.1034791469573975,-2.639336109161377,-2.6404271125793457,1.9237489700317383,1.9220112562179565,0.02074299566447735,0.02073337323963642,1.742453932762146,1.7440693378448486,-1.2240660190582275,-1.223841667175293
Fluid,24872,24872,10.9223928,1.0,1.0,1.021419793116977,1.0087542891416146,-0.20662780635534575,-0.2058497474179266,0.18959862121333534,0.18946949063770918,0.35713346150277975,0.3577711979576329,1.0,1.0,18.189449438637727,18.210543124880505,10.92,0.0023928451999992717,0.02830033,0.027074328,2.1038436889648438,2.104789972305298,-2.6398773193359375,-2.6406784057617188,1.9202572107315063,1.9185192584991455,0.020602548494935036,0.020747890695929527,1.744099497795105,1.7456692457199097,-1.2253531217575073,-1.2251083850860596
Fluid,24872,24872,10.9623938,1.0,1.0,1.0258266230303594,1.013139079646241,-0.20635849703732373,-0.20558108442429132,0.18919641185327513,0.18907293057366942,0.35733778116884557,0.35796967176325084,1.0,1.0,18.18208510498404,18.203219114142854,10.96,0.002393760699998637,0.027635714,0.02905145,2.105156898498535,2.10610032081604,-2.640597105026245,-2.6409149169921875,1.916765809059143,1.9150292873382568,0.020437151193618774,0.02060827426612377,1.7457255125045776,1.7472591400146484,-1.226636528968811,-1.2263692617416382
Fluid,24872,24872,11.0023947,1.0,1.0,1.0302380762327616,1.0175234059908866,-0.20609073999131758,-0.20531309143839008,0.18881825875826708,0.188704571759103,0.3575409583270258,0.3581700025462214,1.0,1.0,18.17471821969941,18.195898920134663,11.0,0.002394676199999779,0.027084999,0.028632617,2.1064696311950684,2.1074068546295166,-2.641287088394165,-2.6411492824554443,1.9132767915725708,1.9115411043167114,0.020286310464143753,0.020447850227355957,1.7473407983779907,1.748833417892456,-1.227912425994873,-1.2276251316070557
Fluid,24872,24872,11.0423956,1.0,1.0,1.0346504309710738,1.0219071301832163,-0.20582380241758752,-0.20504674710440887,0.18842607521962454,0.18832484509268085,0.3577450446717714,0.358368225006899,1.0,1.0,18.167353540572677,18.188582820384667,11.04,0.002395591700000921,0.029218493,0.027943375,2.1077821254730225,2.108712911605835,-2.6419553756713867,-2.641535997390747,1.909788727760315,1.9080525636672974,0.02015060931444168,0.02030334621667862,1.7489440441131592,1.7503962516784668,-1.2291882038116455,-1.2288774251937866
Fluid,24872,24872,11.0823965,1.0,1.0,1.0390602002181517,1.026292664685519,-0.20555560950699975,-0.20477977415667198,0.18805588667522716,0.18793550180226334,0.35794961639069733,0.35856789375773995,1.0,1.0,18.159995466614507,18.181267661502332,11.08,0.0023965073000002945,0.028419504,0.027047874,2.1090919971466064,2.110018730163574,-2.6425905227661133,-2.642141342163086,1.9062994718551636,1.9045629501342773,0.020029651001095772,0.020173778757452965,1.750532865524292,1.7519488334655762,-1.230459213256836,-1.2301205396652222
Fluid,24872,24872,11.1223974,1.0,1.0,1.0434732846617163,1.030679183704928,-0.20528766555917122,-0.20451295209749598,0.18768113883921858,0.18757190593932005,0.35815525339800947,0.3587666131493333,1.0,1.0,18.15263630501056,18.173954493595343,11.12,0.0023974228000014364,0.028340902,0.026643893,2.1104042530059814,2.1113269329071045,-2.643205404281616,-2.642720937728882,1.9028105735778809,1.9010754823684692,0.01992485113441944,0.020061001181602478,1.7521164417266846,1.7534946203231812,-1.2317273616790771,-1.2313624620437622
Fluid,24872,24872,11.1623983,1.0,1.0,1.0478762095346175,1.035074750389184,-0.20502094796374346,-0.20424794532591103,0.18729515138906588,0.18719195038172778,0.3583614287408113,0.35896639650818707,1.0,1.0,18.145295198993615,18.166631514407232,11.16,0.0023983382999990255,0.027201816,0.028604222,2.11171293258667,2.1126346588134766,-2.643794059753418,-2.6432790756225586,1.8993252515792847,1.8975930213928223,0.01983599364757538,0.019965486600995064,1.7536885738372803,1.75503671169281,-1.2329922914505005,-1.232602834701538
Fluid,24872,24872,11.2023993,1.0,1.0,1.0522864151621847,1.039470215542654,-0.2047548775653118,-0.2039825072058651,0.18693414665057648,0.18683846796285836,0.35856742541555364,0.35916533040856113,1.0,1.0,18.137947692944714,18.15931121142741,11.2,0.0023992538000001673,0.026784774,0.028145183,2.113020658493042,2.113940715789795,-2.6443612575531006,-2.6438088417053223,1.8958467245101929,1.8941184282302856,0.01976398006081581,0.019886547699570656,1.7552564144134521,1.7565639019012451,-1.234254002571106,-1.2338391542434692
Fluid,24872,24872,11.2424002,1.0,1.0,1.0566934130195695,1.0438642720910851,-0.20448919292891338,-0.20371853532859724,0.1865532097035085,0.1864724676121007,0.3587732765762877,0.3593660733873097,1.0,1.0,18.13060783622885,18.151996269644783,11.24,0.002400169399999541,0.028860422,0.0278371,2.114330768585205,2.1152472496032715,-2.6449134349823,-2.6443161964416504,1.89237642288208,1.8906519412994385,0.019710712134838104,0.019825072959065437,1.7568200826644897,1.758091926574707,-1.2355155944824219,-1.2350674867630005
Fluid,24872,24872,11.2824011,1.0,1.0,1.0610915787991184,1.0482597160668479,-0.20422529463601427,-0.20345503535553341,0.18620223221727059,0.18609661663049368,0.35897977642342443,0.3595662408418503,1.0,1.0,18.12328270076747,18.14468177134065,11.28,0.002401084900000683,0.028324783,0.026667649,2.1156351566314697,2.116551160812378,-2.645442485809326,-2.644801378250122,1.8889137506484985,1.887191891670227,0.01967407390475273,0.01978105865418911,1.758374571800232,1.7596098184585571,-1.2367762327194214,-1.236297607421875
Fluid,24872,24872,11.322402,1.0,1.0,1.0654804561249251,1.0526636636349567,-0.20396026609570025,-0.20319165386653174,0.1858385182365484,0.18574814294343867,0.3591876850208026,0.35976625800325085,1.0,1.0,18.115974124277777,18.13735697736461,11.32,0.0024020004000000483,0.027715443,0.026098223,2.116940975189209,2.1178531646728516,-2.6459505558013916,-2.6452646255493164,1.885455846786499,1.883735179901123,0.019656265154480934,0.019755389541387558,1.7599271535873413,1.7611219882965088,-1.2380331754684448,-1.2375223636627197
Fluid,24872,24872,11.3624029,1.0,1.0,1.069871256754578,1.0570660636785945,-0.20369616147388647,-0.20292814781088903,0.18546599560314186,0.18538000272666624,0.35939548075457006,0.3599672474613168,1.0,1.0,18.108665481569222,18.13003710172076,11.36,0.0024029160000011984,0.026882641,0.028376326,2.118243932723999,2.1191565990448,-2.646440029144287,-2.645712375640869,1.8819997310638428,1.8802790641784668,0.01965617574751377,0.0197489894926548,1.7614694833755493,1.7626349925994873,-1.2392910718917847,-1.2387475967407227
Fluid,24872,24872,11.4024038,1.0,1.0,1.074261998280062,1.0614737109259489,-0.20343223186552792,-0.20266468333225396,0.185116969735187,0.1850408146961572,0.3596040701034505,0.3601684490584141,1.0,1.0,18.101359678449718,18.12271225245369,11.4,0.0024038314999987875,0.026461467,0.027582668,2.119544267654419,2.120452404022217,-2.6469128131866455,-2.646139621734619,1.8785429000854492,1.87682044506073,0.019674599170684814,0.01976015977561474,1.7630119323730469,1.7641347646713257,-1.2405434846878052,-1.2399709224700928
Fluid,24872,24872,11.4424047,1.0,1.0,1.078664129590312,1.06588276429562,-0.20316941866213226,-0.20240291864799928,0.1847528665896892,0.18467160908844718,0.3598072368084071,0.3603671158928417,1.0,1.0,18.09404221601753,18.115389100222313,11.44,0.0024047469999999294,0.028558383,0.026401099,2.1208417415618896,2.1217458248138428,-2.6473729610443115,-2.6465539932250977,1.8750817775726318,1.8733563423156738,0.01971251145005226,0.019790081307291985,1.7645450830459595,1.7656360864639282,-1.2417988777160645,-1.2411890029907227
Fluid,24872,24872,11.4824057,1.0,1.0,1.0830774105501368,1.07028657283787,-0.20290706878699943,-0.20214141897796378,0.18441366434520265,0.18432565188778569,0.36001028597312823,0.36056921270186776,1.0,1.0,18.08671199481715,18.10807634431398,11.48,0.002405662499999295,0.02770069,0.026249146,2.122131824493408,2.123035192489624,-2.6478145122528076,-2.6469545364379883,1.8716152906417847,1.8698874711990356,0.01976584829390049,0.019789718091487885,1.766067624092102,1.7671343088150024,-1.243048071861267,-1.242406964302063
Fluid,24872,24872,11.5224066,1.0,1.0,1.0874911677780026,1.0746864595955792,-0.20264411843257507,-0.20188013739722438,0.18406586115700532,0.18397728357445803,0.360212776443281,0.3607713926416519,1.0,1.0,18.07938430228008,18.10077121028489,11.52,0.002406578100000445,0.027633205,0.026306333,2.123422145843506,2.1243202686309814,-2.6482436656951904,-2.647341012954712,1.8681443929672241,1.8664145469665527,0.019834116101264954,0.019688451662659645,1.7675920724868774,1.7686327695846558,-1.2442907094955444,-1.2436197996139526
Fluid,24872,24872,11.5624075,1.0,1.0,1.0919096162093755,1.0790747485049748,-0.20238274532759992,-0.20161861285400132,0.18370643967730238,0.18364475797828864,0.36041586153377886,0.360972118057095,1.0,1.0,18.07205338096956,18.093485078231893,11.56,0.0024074935999998104,0.026342269,0.025812337,2.124704599380493,2.125600576400757,-2.6486597061157227,-2.6477134227752686,1.8646687269210815,1.8629357814788818,0.019797584041953087,0.01960136368870735,1.7691023349761963,1.7701237201690674,-1.2455308437347412,-1.2448307275772095
Fluid,24872,24872,11.6024084,1.0,1.0,1.096332285652674,1.0834581103538459,-0.2021229240350454,-0.20135959781622156,0.18336149334312013,0.18329282753899256,0.36061791148089006,0.3611731434712374,1.0,1.0,18.064719356536557,18.086208804583926,11.6,0.002408409100000952,0.02795037,0.028152881,2.125986337661743,2.1268787384033203,-2.6490678787231445,-2.648078203201294,1.8611873388290405,1.8594521284103394,0.019691454246640205,0.019528375938534737,1.7706146240234375,1.7716144323349,-1.246766448020935,-1.2460371255874634
Fluid,24872,24872,11.6424093,1.0,1.0,1.1007678715467144,1.08784517163806,-0.2018603101852684,-0.20109798402659387,0.18302308639539025,0.1829638749787308,0.36081984253174487,0.3613763869058137,1.0,1.0,18.05737143741539,18.0789312743113,11.64,0.0024093246000003177,0.02765111,0.027170246,2.127264976501465,2.12815523147583,-2.6494624614715576,-2.6484289169311523,1.857701301574707,1.8559627532958984,0.01959836483001709,0.019468417391180992,1.7721210718154907,1.773099422454834,-1.2480005025863647,-1.2472416162490845
Fluid,24872,24872,11.6824102,1.0,1.0,1.105207302864785,1.0922315297006284,-0.20159715450259932,-0.20083756064736258,0.18268181609490694,0.18262940069177358,0.36102003281136585,0.3615766484302999,1.0,1.0,18.050022413355624,18.0716584210382,11.68,0.0024102401999996914,0.02636998,0.026791085,2.1285414695739746,2.1294305324554443,-2.6498465538024902,-2.6487715244293213,1.8542073965072632,1.8524632453918457,0.019518859684467316,0.019421884790062904,1.7736161947250366,1.7745834589004517,-1.2492308616638184,-1.248442530632019
Fluid,24872,24872,11.7224112,1.0,1.0,1.109638434009552,1.0966323415879125,-0.20133540723937896,-0.20057815353873035,0.18235623142106866,0.1822812870900776,0.36121892361831826,0.3617754293846038,1.0,1.0,18.04268815978312,18.06436856370449,11.72,0.002411155699999057,0.025810542,0.026054792,2.129814863204956,2.1307003498077393,-2.650221824645996,-2.649104356765747,1.8507018089294434,1.8489516973495483,0.019453037530183792,0.01938825473189354,1.7751082181930542,1.776059865951538,-1.2504574060440063,-1.2496458292007446
Fluid,24872,24872,11.7624121,1.0,1.0,1.114069771771978,1.1010434249578853,-0.20107460205466268,-0.20031905804189948,0.18201494093965792,0.18195074831799687,0.36141914997903685,0.36197397642131807,1.0,1.0,18.035357080996707,18.057067717107095,11.76,0.0024120712000001987,0.025726689,0.027814794,2.1310875415802,2.1319684982299805,-2.6505939960479736,-2.6494274139404297,1.847184419631958,1.8454298973083496,0.019401533529162407,0.01936814747750759,1.7766011953353882,1.777535080909729,-1.2516807317733765,-1.2508413791656494
Fluid,24872,24872,11.802413,1.0,1.0,1.1185004610425162,1.1054581064879985,-0.20081350282895782,-0.20005968300218735,0.18168293985423753,0.18163420367066624,0.36161823515420843,0.3621742492257668,1.0,1.0,18.028030937643592,18.049765685740372,11.8,0.0024129867999995724,0.025808958,0.02672618,2.132356882095337,2.133233070373535,-2.6509597301483154,-2.6497409343719482,1.8436596393585205,1.841905951499939,0.0193631574511528,0.019360940903425217,1.7780894041061401,1.779007911682129,-1.252902626991272,-1.2520335912704468
Fluid,24872,24872,11.8424139,1.0,1.0,1.1229336837290695,1.1098731308004663,-0.2005527502731784,-0.19979999372872667,0.18135675015922512,0.18131096956813478,0.3618169653707499,0.36237292998458986,1.0,1.0,18.020705268750355,18.04246592705715,11.84,0.0024139023000007143,0.02769836,0.026487872,2.1336233615875244,2.1344964504241943,-2.6513185501098633,-2.6500484943389893,1.8401403427124023,1.8383973836898804,0.01933879591524601,0.019366301596164703,1.7795732021331787,1.7804789543151855,-1.2541261911392212,-1.253227949142456
Fluid,24872,24872,11.8824148,1.0,1.0,1.1273601758561629,1.1142944880400008,-0.20029060865738021,-0.19953902019034286,0.18104464949010404,0.18097968531307282,0.3620154238528337,0.36257208877156283,1.0,1.0,18.01339280172037,18.03515862670885,11.88,0.0024148178000000797,0.027043678,0.027045336,2.1348862648010254,2.135760545730591,-2.651669979095459,-2.650346279144287,1.8366472721099854,1.8349257707595825,0.019327359274029732,0.019384529441595078,1.781052589416504,1.7819483280181885,-1.255347490310669,-1.2544219493865967
Fluid,24872,24872,11.9224157,1.0,1.0,1.131779622853375,1.1187205689117878,-0.20003044516043322,-0.19927816713889646,0.1807246960358962,0.180657775331143,0.36221491307651393,0.3627715236317468,1.0,1.0,18.006092913283457,18.027848571931944,11.92,0.002415733299999445,0.026585953,0.02707638,2.1361477375030518,2.137021541595459,-2.65201997756958,-2.6506388187408447,1.833199143409729,1.8315038681030273,0.019329246133565903,0.019415440037846565,1.782531499862671,1.7834163904190063,-1.2565674781799316,-1.2556142807006836
Fluid,24872,24872,11.9624166,1.0,1.0,1.1362007300570358,1.1231409195968662,-0.19976817879739858,-0.19901678170722747,0.1803934817055157,0.18033875934387225,0.3624155783389185,0.36297084923857725,1.0,1.0,17.998792860583883,18.02054942375059,11.96,0.002416648899998819,0.025567781,0.026963538,2.1374056339263916,2.1382784843444824,-2.6523613929748535,-2.65092396736145,1.8298028707504272,1.828133225440979,0.019343236461281776,0.01945878006517887,1.7840074300765991,1.7848825454711914,-1.2577868700027466,-1.2568103075027466
Fluid,24872,24872,12.0024176,1.0,1.0,1.1406281219869452,1.1275583171856416,-0.19950656827129412,-0.19875594557015225,0.18008551574923246,0.18002558548642092,0.3626146998311479,0.3631712222704538,1.0,1.0,17.991486984918875,18.013257622028632,12.0,0.0024175643999999608,0.025176942,0.02679418,2.1386616230010986,2.139533042907715,-2.6526989936828613,-2.6512062549591064,1.8264546394348145,1.8248045444488525,0.01937054842710495,0.019513403996825218,1.7854843139648438,1.7863479852676392,-1.2590343952178955,-1.258007287979126
Fluid,24872,24872,12.0424185,1.0,1.0,1.1450505613515043,1.131967350593092,-0.19924666049604742,-0.19849624482493328,0.17976264758180827,0.17971168142841065,0.3628178660119713,0.36337203189292394,1.0,1.0,17.984191529158036,18.00598007499999,12.04,0.0024184799000011026,0.027216349,0.027109465,2.1399145126342773,2.140781879425049,-2.653033494949341,-2.6514852046966553,1.8231407403945923,1.8215017318725586,0.019410492852330208,0.019578969106078148,1.7869683504104614,1.7878124713897705,-1.2603784799575806,-1.2592580318450928
Fluid,24872,24872,12.0824194,1.0,1.0,1.149473647618171,1.136365067029552,-0.19898512127120097,-0.1982362396784361,0.17946290989319835,0.17940146097180668,0.36301942400522547,0.3635731883055884,1.0,1.0,17.976898534653003,17.99872183684714,12.08,0.002419395400000468,0.026591398,0.026744358,2.1411631107330322,2.1420273780822754,-2.6533620357513428,-2.651759624481201,1.8198438882827759,1.8182076215744019,0.01946117915213108,0.019654901698231697,1.7884464263916016,1.7892755270004272,-1.261720895767212,-1.2605640888214111
Fluid,24872,24872,12.1224203,1.0,1.0,1.1538955547512102,1.140764252331985,-0.19872477661969393,-0.19797605410084637,0.17913742758231535,0.17909498261072127,0.36322153815911445,0.3637768101595537,1.0,1.0,17.96960906408806,17.9914651884071,12.12,0.002420311000001618,0.025428887,0.026704706,2.142407178878784,2.1432690620422363,-2.653686761856079,-2.6520330905914307,1.8165483474731445,1.8149076700210571,0.0195228960365057,0.01974048838019371,1.789923906326294,1.7907428741455078,-1.2630563974380493,-1.2618640661239624
Fluid,24872,24872,12.1624212,1.0,1.0,1.1583103677947304,1.1451729846715077,-0.1984644207782368,-0.19771541689273034,0.1788362493457997,0.17878842197264846,0.3634250974546291,0.363981325407673,1.0,1.0,17.962333414707203,17.984201328399365,12.16,0.0024212264999992072,0.025029302,0.02655105,2.143646001815796,2.1445064544677734,-2.654006242752075,-2.652301788330078,1.8132411241531372,1.8115894794464111,0.019594736397266388,0.019835107028484344,1.7914034128189087,1.7922124862670898,-1.2643893957138062,-1.2631579637527466
Fluid,24872,24872,12.2024221,1.0,1.0,1.1627163812306898,1.1495836484937447,-0.19820478665766755,-0.19745530139843745,0.17853295359995375,0.17848609369069915,0.3636306619862927,0.3641876538655377,1.0,1.0,17.955074695691145,17.97693912317301,12.2,0.002422142000000349,0.025005892,0.026531525,2.1448800563812256,2.1457371711730957,-2.6543266773223877,-2.652571201324463,1.8099091053009033,1.8082408905029297,0.019676560536026955,0.019938509911298752,1.7928868532180786,1.7936831712722778,-1.2657115459442139,-1.2644480466842651
Fluid,24872,24872,12.2424231,1.0,1.0,1.167125859943391,1.1539958805377482,-0.197946245686294,-0.19719529540576675,0.17822967152656127,0.17818603806020006,0.36383704722789056,0.36439468537869235,1.0,1.0,17.94781568837189,17.969678067861935,12.24,0.002423057599999723,0.024936646,0.026542082,2.146108388900757,2.1469645500183105,-2.6546406745910645,-2.6528384685516357,1.8065413236618042,1.8048492670059204,0.01976732723414898,0.020050011575222015,1.7943758964538574,1.795158863067627,-1.267030954360962,-1.2657299041748047
Fluid,24872,24872,12.282424,1.0,1.0,1.1715356802213115,1.1583987616395768,-0.19768776615416428,-0.19693632487874316,0.1779291085124072,0.17788590980765892,0.36404257214309915,0.3645996923829129,1.0,1.0,17.940560792757022,17.96243301309087,12.28,0.0024239731000008646,0.024962902,0.026470715,2.147329568862915,2.1481869220733643,-2.6549501419067383,-2.6531074047088623,1.8031212091445923,1.8013972043991089,0.019866906106472015,0.020169313997030258,1.7958683967590332,1.7966315746307373,-1.2683480978012085,-1.2670087814331055
Fluid,24872,24872,12.3224249,1.0,1.0,1.1759441345769581,1.1627876538732713,-0.1974304238702828,-0.19667645738720438,0.17763251188389678,0.17759166916584596,0.36424779212617475,0.3648077987787575,1.0,1.0,17.933311410217126,17.955210143287452,12.32,0.00242488860000023,0.02481501,0.026374994,2.1485443115234375,2.149402379989624,-2.655258893966675,-2.6533734798431396,1.799635648727417,1.7978768348693848,0.019974417984485626,0.020295796915888786,1.797363042831421,1.798112154006958,-1.2696624994277954,-1.2682818174362183
Fluid,24872,24872,12.3624258,1.0,1.0,1.1803402262140563,1.1671756017521802,-0.19717400649639763,-0.19641650775875855,0.17733741854175197,0.17729638996321365,0.3644554586488243,0.3650158959874196,1.0,1.0,17.926081987276994,17.94799201087424,12.36,0.002425804100001372,0.024859877,0.02625036,2.1497538089752197,2.15061354637146,-2.655564308166504,-2.653639793395996,1.7960808277130127,1.7942886352539062,0.020089847967028618,0.020429743453860283,1.798864483833313,1.7995954751968384,-1.2709704637527466,-1.2695519924163818
Fluid,24872,24872,12.4024267,1.0,1.0,1.184738701459781,1.1715618603177043,-0.19691822004845472,-0.19615601707170047,0.17704331031647005,0.17700591947237523,0.3646637674471585,0.3652263554377203,1.0,1.0,17.918853291440676,17.940778638397088,12.4,0.0024267196999989693,0.024629796,0.02652159,2.1509573459625244,2.1518187522888184,-2.655870199203491,-2.6539041996002197,1.79246187210083,1.7906429767608643,0.020213058218359947,0.020570075139403343,1.800371527671814,1.8010839223861694,-1.2722735404968262,-1.2708159685134888
Fluid,24872,24872,12.4424276,1.0,1.0,1.1891449347474163,1.1759487599565892,-0.1966614399328518,-0.19589803348602886,0.17675416000466285,0.17671838768694373,0.36487609109974817,0.36543613971423067,1.0,1.0,17.911616917092076,17.933567375452736,12.44,0.002427635200000111,0.024717422,0.02640403,2.152153968811035,2.1530163288116455,-2.6561689376831055,-2.6541712284088135,1.7887941598892212,1.7869585752487183,0.02034359984099865,0.020476004108786583,1.8018860816955566,1.8025742769241333,-1.2735681533813477,-1.272079586982727
Fluid,24872,24872,12.4824286,1.0,1.0,1.1935487245592427,1.1803334491058446,-0.19640621816351214,-0.19563807095173325,0.17646291926077812,0.17642895650162324,0.36508746948498394,0.3656468869059799,1.0,1.0,17.90438758000257,17.92636169337429,12.48,0.0024285506999994766,0.024531431,0.026232194,2.1533446311950684,2.154209613800049,-2.6564674377441406,-2.6544349193573,1.7850979566574097,1.78325617313385,0.020414015278220177,0.020327160134911537,1.8034025430679321,1.8040690422058105,-1.2748621702194214,-1.2733405828475952
Fluid,24872,24872,12.5224295,1.0,1.0,1.1979491117833325,1.1847198874350011,-0.19614969040427432,-0.19537957720944538,0.17617590064486927,0.17614486725647727,0.36530005929780635,0.36585916555412146,1.0,1.0,17.897167154200478,17.919156494613013,12.52,0.0024294662000006184,0.024580408,0.026048407,2.1545300483703613,2.155395746231079,-2.6567633152008057,-2.6546998023986816,1.7813938856124878,1.779555320739746,0.020295292139053345,0.020185386762022972,1.8049246072769165,1.805564045906067,-1.2761539220809937,-1.274595022201538
Fluid,24872,24872,12.5624304,1.0,1.0,1.2023534410807113,1.1891088392946454,-0.19589351714689726,-0.19512269559256276,0.17588907110743854,0.17586206801891108,0.36551450824639636,0.36607109157087964,1.0,1.0,17.889941701593028,17.911951121543144,12.56,0.002430381799999992,0.024595605,0.025879545,2.1557106971740723,2.156573534011841,-2.657055377960205,-2.654963970184326,1.7777016162872314,1.7758773565292358,0.020183781161904335,0.02005050890147686,1.8064520359039307,1.80705988407135,-1.277440071105957,-1.2758457660675049
Fluid,24872,24872,12.6024313,1.0,1.0,1.206759634800541,1.1934908133143138,-0.19563952546161426,-0.19486520130584337,0.17560591024748656,0.17558103863872712,0.36572930998227593,0.36628502881038016,1.0,1.0,17.8827158931215,17.904757705406578,12.6,0.002431297300001134,0.024524467,0.025749005,2.156881809234619,2.1577465534210205,-2.6573479175567627,-2.655229091644287,1.7740436792373657,1.7722432613372803,0.020080139860510826,0.019922999665141106,1.8079832792282104,1.8085603713989258,-1.2787216901779175,-1.2770893573760986
Fluid,24872,24872,12.6424322,1.0,1.0,1.2111668723304083,1.1978748396377266,-0.19538665217497672,-0.19460791458423532,0.17532317880467696,0.17530349667141218,0.3659451070657654,0.36649812312571006,1.0,1.0,17.87549323140712,17.89756471311674,12.64,0.002432212799998723,0.024494067,0.025894469,2.1580450534820557,2.1589128971099854,-2.6576380729675293,-2.65549373626709,1.770438313484192,1.7686690092086792,0.019984392449259758,0.019802458584308624,1.80951726436615,1.8100613355636597,-1.2799957990646362,-1.278326153755188
Fluid,24872,24872,12.6824331,1.0,1.0,1.2155789558536194,1.202249960644496,-0.1951350859823294,-0.19435158033085248,0.17504607201079084,0.17502944599600415,0.36616255950701043,0.36671341084499653,1.0,1.0,17.868268186235476,17.8903885669515,12.68,0.002433128399999873,0.024288222,0.025895232,2.1592020988464355,2.160071611404419,-2.6579272747039795,-2.6557564735412598,1.7668979167938232,1.7651631832122803,0.019895603880286217,0.01968884840607643,1.8110508918762207,1.8115622997283936,-1.2812646627426147,-1.279558539390564
Fluid,24872,24872,12.722434,1.0,1.0,1.2199870953176706,1.2066195733392637,-0.19488112162186425,-0.19409479411788005,0.1747685857988138,0.1747547419805106,0.3663818849622832,0.3669277719294349,1.0,1.0,17.861053043525292,17.883224370549367,12.72,0.0024340438999992386,0.024249256,0.025902187,2.160355567932129,2.1612255573272705,-2.658210515975952,-2.6560182571411133,1.7634272575378418,1.761724829673767,0.01981462351977825,0.019582005217671394,1.8125901222229004,1.8130605220794678,-1.282529592514038,-1.2807869911193848
Fluid,24872,24872,12.762435,1.0,1.0,1.2243975750644964,1.2109866125477224,-0.19462818309065463,-0.19384021628079634,0.17449184398594603,0.17448050801960668,0.3666001725554345,0.3671426926295359,1.0,1.0,17.853838497360023,17.876068321061158,12.76,0.0024349594000003805,0.024263777,0.025651522,2.1614999771118164,2.162370204925537,-2.6584925651550293,-2.6562821865081787,1.7600198984146118,1.7583445310592651,0.019741082563996315,0.019481755793094635,1.8141251802444458,1.8145577907562256,-1.2837907075881958,-1.2820088863372803
Fluid,24872,24872,12.8024359,1.0,1.0,1.2288177990280942,1.2153536123433921,-0.19437645653964597,-0.19358385907333756,0.1742190561802796,0.17421202894458088,0.36681948208006737,0.3673604865498258,1.0,1.0,17.846613391567633,17.868916345240795,12.8,0.002435874899999746,0.0242428,0.02578353,2.1626365184783936,2.163510799407959,-2.6587746143341064,-2.656543493270874,1.7566643953323364,1.7550090551376343,0.019675210118293762,0.01938818395137787,1.815658688545227,1.8160545825958252,-1.2850449085235596,-1.2832248210906982
Fluid,24872,24872,12.8424368,1.0,1.0,1.2332335347862924,1.2197156250315468,-0.1941242015063622,-0.19333015388247327,0.17394742870713226,0.17394507915873755,0.3670387291653866,0.36757663680595903,1.0,1.0,17.839398797779996,17.861774218009575,12.84,0.002436790500000896,0.024165506,0.025535274,2.1637673377990723,2.164642333984375,-2.6590561866760254,-2.656806230545044,1.7533448934555054,1.7517011165618896,0.01961646042764187,0.01930106058716774,1.817192554473877,1.8175486326217651,-1.2862919569015503,-1.2844356298446655
Fluid,24872,24872,12.8824377,1.0,1.0,1.2376491402896832,1.2240699392976864,-0.1938706852765122,-0.19307515944082237,0.17367888570582837,0.17367877364546558,0.3672581924974122,0.3677927875913132,1.0,1.0,17.8321878542736,17.8546449743923,12.88,0.002437705999998485,0.024014411,0.025661096,2.1648924350738525,2.165769338607788,-2.6593334674835205,-2.657067060470581,1.7500437498092651,1.7484018802642822,0.019564561545848846,0.019220149144530296,1.8187229633331299,1.8190410137176514,-1.2875356674194336,-1.2856382131576538
Fluid,24872,24872,12.9224386,1.0,1.0,1.2420746217067642,1.2284210978291668,-0.19361834252261712,-0.19282083761735722,0.17341123886517856,0.17341495559503792,0.3674790291520535,0.36800947411714136,1.0,1.0,17.824967234761203,17.84752378555002,12.92,0.002438621499999627,0.023943832,0.02526582,2.1660103797912598,2.166888475418091,-2.6596124172210693,-2.657327651977539,1.7467420101165771,1.7450941801071167,0.019519353285431862,0.019144922494888306,1.8202534914016724,1.8205287456512451,-1.2887717485427856,-1.2868343591690063
Fluid,24872,24872,12.9624395,1.0,1.0,1.2465057749841897,1.2327719145455838,-0.1933661735647404,-0.19256857458277613,0.17314620651172916,0.17315387467956472,0.36769904351455096,0.3682261695888874,1.0,1.0,17.817743032106673,17.84040760990123,12.96,0.0024395369999989924,0.023884606,0.025360731,2.1671206951141357,2.168001651763916,-2.6598877906799316,-2.657587766647339,1.7434254884719849,1.7417676448822021,0.01948026940226555,0.019075408577919006,1.8217802047729492,1.8220157623291016,-1.2900015115737915,-1.2880231142044067
Fluid,24872,24872,13.0024405,1.0,1.0,1.250938649256007,1.2371195733303444,-0.19311456993134915,-0.19231614553404855,0.1728840879174821,0.1728943595273289,0.3679208056077334,0.3684438547262358,1.0,1.0,17.810520910879315,17.8332997843858,13.0,0.0024404526000001425,0.023838865,0.025437355,2.1682240962982178,2.1691081523895264,-2.660165309906006,-2.6578481197357178,1.7400869131088257,1.738417148590088,0.01944744400680065,0.01901148073375225,1.82330322265625,1.8235012292861938,-1.291218638420105,-1.289205551147461
Fluid,24872,24872,13.0424414,1.0,1.0,1.255370116693832,1.2414687405309173,-0.19286443144589274,-0.19206349599773445,0.17262170096895582,0.1726373138699121,0.3681438446640282,0.368661929623548,1.0,1.0,17.80330539251992,17.826194444589195,13.04,0.0024413681000012843,0.023835862,0.025304351,2.1693198680877686,2.1702120304107666,-2.6604421138763428,-2.6581063270568848,1.7367231845855713,1.7350410223007202,0.019420258700847626,0.018952304497361183,1.8248231410980225,1.8249800205230713,-1.2924317121505737,-1.2903815507888794
Fluid,24872,24872,13.0824423,1.0,1.0,1.2597923296307603,1.2458175668704339,-0.19261599773289165,-0.19181282918633422,0.1723627370382138,0.17237839878290526,0.36836632188975044,0.36887861125450466,1.0,1.0,17.796106114307758,17.819093878647262,13.08,0.00244228360000065,0.023706421,0.024964957,2.170407772064209,2.17130970954895,-2.660721778869629,-2.6583633422851562,1.733333706855774,1.73163902759552,0.019398849457502365,0.01889801025390625,1.8263410329818726,1.826454520225525,-1.293637990951538,-1.2915517091751099
Fluid,24872,24872,13.1224432,1.0,1.0,1.2642179623930525,1.2501750373985383,-0.19236691928279998,-0.1915627829563882,0.1721036991559211,0.17212457580459847,0.36858702103581836,0.3690963270813959,1.0,1.0,17.788906587516045,17.811985214947505,13.12,0.0024431992000000236,0.023581926,0.025279626,2.1714930534362793,2.172402858734131,-2.660999059677124,-2.658621072769165,1.729918360710144,1.728211522102356,0.019381960853934288,0.01884901523590088,1.8278515338897705,1.8279268741607666,-1.2948352098464966,-1.2927151918411255
Fluid,24872,24872,13.1624441,1.0,1.0,1.2686458244732521,1.2545322862909984,-0.19211918150968246,-0.19131248213770377,0.1718490620501083,0.17187016722569454,0.36880889269026645,0.3693130876558241,1.0,1.0,17.781708360561876,17.80487947722423,13.16,0.002444114699999389,0.023593627,0.02488113,2.1725716590881348,2.1734938621520996,-2.661278486251831,-2.6588754653930664,1.7264783382415771,1.7247591018676758,0.01936999149620533,0.018804511055350304,1.8293590545654297,1.8293932676315308,-1.296023964881897,-1.2938694953918457
Fluid,24872,24872,13.202445,1.0,1.0,1.2730792767986754,1.2588914050325188,-0.1918718138520644,-0.19106174597731437,0.1715938627165549,0.1716180295128065,0.3690302871611587,0.36953006813026157,1.0,1.0,17.77450698665884,17.797775204674767,13.2,0.002445030200000531,0.023501985,0.024952803,2.1736459732055664,2.174582004547119,-2.6615583896636963,-2.6591298580169678,1.7230117321014404,1.7212772369384766,0.019361820071935654,0.01876484416425228,1.8308587074279785,1.8308570384979248,-1.297206997871399,-1.2950177192687988
Fluid,24872,24872,13.2424459,1.0,1.0,1.277519689277777,1.2632514885595894,-0.19162360666484746,-0.19081241866314874,0.17134177669528997,0.17136682779932602,0.3692518630061928,0.36974842358304083,1.0,1.0,17.76730013848425,17.79067441377275,13.24,0.0024459456999998963,0.023480723,0.024788266,2.17471981048584,2.175668478012085,-2.6618380546569824,-2.6593799591064453,1.7195125818252563,1.717759609222412,0.019357793033123016,0.018729887902736664,1.8323537111282349,1.8323158025741577,-1.2983804941177368,-1.2961581945419312
Fluid,24872,24872,13.2824469,1.0,1.0,1.2819646873841188,1.2676172608406704,-0.19137719571236012,-0.19056190352061786,0.1710918608032306,0.17112277081100244,0.36947491562222323,0.36996607138020926,1.0,1.0,17.760089590603915,17.783570166299796,13.28,0.0024468613000010464,0.023307197,0.024880907,2.1757891178131104,2.1767544746398926,-2.6621150970458984,-2.6596293449401855,1.7159754037857056,1.714202880859375,0.01935773715376854,0.01869981549680233,1.8338474035263062,1.8337708711624146,-1.2995431423187256,-1.2972946166992188
Fluid,24872,24872,13.3224478,1.0,1.0,1.2864039226974033,1.2719805605362222,-0.19112965218223235,-0.19031206893086242,0.17084305069871228,0.1708764170792856,0.36969599472155124,0.3701822427664381,1.0,1.0,17.75288977244154,17.776471749997746,13.32,0.002447776800000412,0.023262557,0.024782857,2.176858425140381,2.177839756011963,-2.6623928546905518,-2.6598775386810303,1.712399959564209,1.710609793663025,0.019353866577148438,0.01867474988102913,1.835331916809082,1.8352197408676147,-1.300699234008789,-1.2984246015548706
Fluid,24872,24872,13.3624487,1.0,1.0,1.2908350121400785,1.2763442830005853,-0.19088344264646856,-0.19006259379054405,0.17059648790672044,0.17063081123981172,0.36991541392518584,0.37039939882316975,1.0,1.0,17.745705795234404,17.769375714392247,13.36,0.0024486922999997773,0.023177117,0.024648024,2.177926540374756,2.1789255142211914,-2.662670612335205,-2.660123586654663,1.7087916135787964,1.7069889307022095,0.019313156604766846,0.018654892221093178,1.8368111848831177,1.836664080619812,-1.301849126815796,-1.2995481491088867
Fluid,24872,24872,13.4024496,1.0,1.0,1.2952600101348892,1.2807154226485822,-0.1906382657541696,-0.18981563993847975,0.17035119707212953,0.1703879777955424,0.3701370582861871,0.37061505049850246,1.0,1.0,17.738533684662126,17.762274138833135,13.4,0.002449607799999143,0.023133641,0.024512794,2.178992509841919,2.1800098419189453,-2.6629462242126465,-2.660369634628296,1.7051615715026855,1.7033531665802002,0.019278714433312416,0.018640434369444847,1.8382872343063354,1.8381046056747437,-1.3029876947402954,-1.3006669282913208
Fluid,24872,24872,13.4424505,1.0,1.0,1.2996931455939391,1.2850873869155905,-0.19039276361382476,-0.18956989164905796,0.1701082629544062,0.17014788501882783,0.37035530372179815,0.370832081228024,1.0,1.0,17.731354461064406,17.755176091700285,13.44,0.002450523400000293,0.023070237,0.024441091,2.180060386657715,2.181093215942383,-2.6632206439971924,-2.6606147289276123,1.7015230655670166,1.6997135877609253,0.019250275567173958,0.018631957471370697,1.8397570848464966,1.8395429849624634,-1.3041176795959473,-1.301772952079773
Fluid,24872,24872,13.4824514,1.0,1.0,1.304128938045263,1.289462245703565,-0.19014809116318512,-0.18932291290452213,0.16986769092543036,0.16990846308433813,0.370573664597115,0.37105108303686307,1.0,1.0,17.724175464420618,17.748078305531866,13.48,0.0024514388999996584,0.023089493,0.024365371,2.1811280250549316,2.1821799278259277,-2.663494110107422,-2.660858392715454,1.6978836059570312,1.6960786581039429,0.01922794058918953,0.018629472702741623,1.8412230014801025,1.8409843444824219,-1.3052376508712769,-1.3028717041015625
Fluid,24872,24872,13.5224524,1.0,1.0,1.308573985880192,1.2938365615522012,-0.1899027292316809,-0.18907754629666235,0.16962740785927874,0.16967114840669215,0.37079091055870494,0.3712677327764649,1.0,1.0,17.716988425079975,17.74098442136839,13.52,0.0024523544000008,0.022997424,0.024659926,2.1821980476379395,2.183267116546631,-2.663766622543335,-2.661101818084717,1.6942543983459473,1.692451000213623,0.01921166479587555,0.01863347738981247,1.8426865339279175,1.8424195051193237,-1.3063480854034424,-1.303966999053955
Fluid,24872,24872,13.5624533,1.0,1.0,1.3130217057657394,1.298211439250699,-0.1896582095563242,-0.1888316515888183,0.16939099734936935,0.1694348812826402,0.3710097195836688,0.3714847650814046,1.0,1.0,17.709801610546045,17.733893190062133,13.56,0.002453270000000174,0.022979442,0.02430243,2.1832685470581055,2.1843552589416504,-2.664038896560669,-2.661344051361084,1.6906274557113647,1.6888267993927002,0.019201546907424927,0.01864439994096756,1.8441482782363892,1.8438546657562256,-1.3074487447738647,-1.3050529956817627
Fluid,24872,24872,13.6024542,1.0,1.0,1.3174606786031906,1.3025798255082166,-0.18941600762501176,-0.1885857856889267,0.16915486942366814,0.16920209684040446,0.37122683187137717,0.37170215673454154,1.0,1.0,17.702628438823204,17.726812996025366,13.6,0.0024541854999995394,0.022759503,0.024215773,2.1843385696411133,2.18544602394104,-2.664311170578003,-2.661586284637451,1.6870081424713135,1.685214638710022,0.019198179244995117,0.018662849441170692,1.8456073999404907,1.845287799835205,-1.3085434436798096,-1.3061295747756958
Fluid,24872,24872,13.6424551,1.0,1.0,1.3218915921779122,1.3069510878899144,-0.18917338534624759,-0.18834060760579524,0.16892067317257167,0.16897035786684636,0.37144405072092485,0.37191968263756753,1.0,1.0,17.695467667052046,17.719731681751032,13.64,0.002455100999998905,0.02265185,0.024040986,2.1854090690612793,2.1865367889404297,-2.6645805835723877,-2.66182804107666,1.6834051609039307,1.6816227436065674,0.019200952723622322,0.018689120188355446,1.8470638990402222,1.8467210531234741,-1.3096261024475098,-1.3071976900100708
Fluid,24872,24872,13.682456,1.0,1.0,1.326327755774287,1.3113250436168573,-0.1889314176062367,-0.1880952211687628,0.16868551285837377,0.16873937846106307,0.3716599135119871,0.3721378579332441,1.0,1.0,17.688303550979107,17.71265036045987,13.68,0.0024560165000000467,0.0226854,0.024108432,2.1864817142486572,2.1876299381256104,-2.6648504734039307,-2.662069320678711,1.679826021194458,1.6780579090118408,0.01921037957072258,0.018723009154200554,1.8485164642333984,1.848152995109558,-1.3107017278671265,-1.3082664012908936
Fluid,24872,24872,13.7224569,1.0,1.0,1.3307643184634284,1.3157004667009804,-0.18869044194613568,-0.18785165722727956,0.16845651188399194,0.16851125626232272,0.37187745298339736,0.3723561396611773,1.0,1.0,17.68114254251482,17.705570258101915,13.72,0.0024569320999994204,0.022610774,0.02417252,2.187554359436035,2.1887223720550537,-2.665118455886841,-2.6623122692108154,1.6762769222259521,1.6745251417160034,0.019227266311645508,0.018764888867735863,1.8499644994735718,1.8495830297470093,-1.3117671012878418,-1.309354305267334
Fluid,24872,24872,13.7624578,1.0,1.0,1.3351978375224955,1.3200759693417974,-0.18845009783686212,-0.18760808224277892,0.168228198066231,0.16828511795103934,0.3720945580432879,0.37257288454817383,1.0,1.0,17.67398894189753,17.698490839366478,13.76,0.0024578476000005622,0.022557762,0.024076931,2.1886284351348877,2.189817428588867,-2.665381908416748,-2.66255259513855,1.6727609634399414,1.6710262298583984,0.019251681864261627,0.01881444826722145,1.8514091968536377,1.8510098457336426,-1.3128247261047363,-1.3104338645935059
Fluid,24872,24872,13.8024588,1.0,1.0,1.339630627206234,1.324449883201031,-0.1882102689904807,-0.1873647859261631,0.1680005933510828,0.16805983350738637,0.3723125858940773,0.3727919367071235,1.0,1.0,17.666839563106564,17.69141557539495,13.8,0.0024587630999999277,0.022435073,0.023737699,2.1897027492523193,2.1909117698669434,-2.6656458377838135,-2.662792921066284,1.6692789793014526,1.6675608158111572,0.019283395260572433,0.018872132524847984,1.8528536558151245,1.8524359464645386,-1.313873291015625,-1.3115029335021973
Fluid,24872,24872,13.8424597,1.0,1.0,1.3440621490890414,1.3288267321173182,-0.18797085106712652,-0.1871213338750441,0.16777532472433662,0.16783516681038654,0.3725290442435841,0.37300926851541316,1.0,1.0,17.659694733440244,17.68433953554694,13.84,0.002459678599999293,0.022322346,0.023965705,2.190777063369751,2.1920077800750732,-2.6659059524536133,-2.6630325317382812,1.6658295392990112,1.6641268730163574,0.019322453066706657,0.01893780753016472,1.854293704032898,1.853857398033142,-1.3149164915084839,-1.3125602006912231
Fluid,24872,24872,13.8824606,1.0,1.0,1.3484956364564364,1.3332060937503618,-0.1877323120848582,-0.18687950434250572,0.16755202998029445,0.1676130131422939,0.3727454465867015,0.37322593311226687,1.0,1.0,17.652550139431785,17.67726101745705,13.88,0.002460594199998667,0.022367066,0.023928152,2.191850423812866,2.193103313446045,-2.6661672592163086,-2.663270950317383,1.6624096632003784,1.6607202291488647,0.019369253888726234,0.0190114825963974,1.8557305335998535,1.8552751541137695,-1.315954327583313,-1.313608169555664
Fluid,24872,24872,13.9224615,1.0,1.0,1.3529305209094993,1.3375939592766137,-0.1874951755101668,-0.18663912742880143,0.16732826267332246,0.16739178287297016,0.37296074000907675,0.3734429825472988,1.0,1.0,17.645406853082903,17.67017514431887,13.92,0.0024615096999998087,0.022151535,0.023762705,2.192925214767456,2.194195508956909,-2.6664252281188965,-2.6635093688964844,1.6590148210525513,1.6573362350463867,0.019423525780439377,0.019093625247478485,1.857163429260254,1.8566902875900269,-1.316988468170166,-1.3146438598632812
Fluid,24872,24872,13.9624624,1.0,1.0,1.3573644420981832,1.3419871527170437,-0.18725734126835117,-0.1863988812312961,0.16710685934020994,0.16717374365568285,0.37317611456314337,0.3736622271418637,1.0,1.0,17.638268547527428,17.663086341216502,13.96,0.002462425199999174,0.02213554,0.023665402,2.194000482559204,2.1952879428863525,-2.6666786670684814,-2.6637461185455322,1.6556397676467896,1.6539688110351562,0.019485075026750565,0.019184015691280365,1.8585938215255737,1.8581069707870483,-1.3180190324783325,-1.3156652450561523
Fluid,24872,24872,14.0024633,1.0,1.0,1.3617982591120872,1.3463788358123727,-0.1870196647473365,-0.18615829076528706,0.16688524444507247,0.1669550184809012,0.37339287513671576,0.3738810279905994,1.0,1.0,17.63113392070391,17.656003202645103,14.0,0.0024633408000003243,0.022039784,0.023532158,2.195075035095215,2.196380138397217,-2.6669254302978516,-2.6639819145202637,1.6522774696350098,1.6506102085113525,0.019554199650883675,0.019282402470707893,1.8600268363952637,1.8595212697982788,-1.3190433979034424,-1.3166756629943848
Fluid,24872,24872,14.0424643,1.0,1.0,1.366240604508749,1.3507724709535183,-0.18678366496563484,-0.18591789940129694,0.16666875467363093,0.16673930334068066,0.3736097605913595,0.3741011445490562,1.0,1.0,17.623991528942334,17.648921148843726,14.04,0.002464256300001466,0.022022014,0.02349835,2.1961474418640137,2.1974709033966064,-2.6671712398529053,-2.664216995239258,1.6489194631576538,1.6472511291503906,0.019630994647741318,0.019388893619179726,1.8614585399627686,1.860938549041748,-1.3200644254684448,-1.317671298980713
Fluid,24872,24872,14.0824652,1.0,1.0,1.3706935470784352,1.355164920069436,-0.18654882750781754,-0.1856781074842549,0.16645183485283208,0.16652468015633323,0.3738255741051709,0.3743199812281083,1.0,1.0,17.616838257578877,17.641844364062273,14.08,0.0024651717999990552,0.021972666,0.02343403,2.1972177028656006,2.1985597610473633,-2.6674115657806396,-2.6644487380981445,1.6455559730529785,1.6438812017440796,0.0197149608284235,0.0195027906447649,1.8628857135772705,1.862351894378662,-1.3210822343826294,-1.3186596632003784
Fluid,24872,24872,14.1224661,1.0,1.0,1.375159472060215,1.3595544343721204,-0.18631521032618203,-0.18544075314214137,0.1662368683565178,0.16631131183599288,0.374041860110473,0.3745376034510057,1.0,1.0,17.609671471931037,17.634775010018764,14.12,0.002466087300000197,0.021917451,0.023441913,2.198284864425659,2.1996452808380127,-2.667647123336792,-2.6646811962127686,1.6421773433685303,1.6404931545257568,0.01980629190802574,0.019624143838882446,1.8643107414245605,1.8637640476226807,-1.3220975399017334,-1.3196371793746948
Fluid,24872,24872,14.162467,1.0,1.0,1.3796280530530514,1.3639473864273444,-0.18608056223312822,-0.18520360913734227,0.16602181928171203,0.1660984807375018,0.37425805122653133,0.3747556277052653,1.0,1.0,17.602507072539527,17.627703837007907,14.16,0.002467002899999571,0.0219092,0.023472847,2.199352741241455,2.200730085372925,-2.667877435684204,-2.6649117469787598,1.6387790441513062,1.6370843648910522,0.01990482769906521,0.01975211687386036,1.8657352924346924,1.8651765584945679,-1.323110580444336,-1.3206082582473755
Fluid,24872,24872,14.2024679,1.0,1.0,1.3840976790688144,1.368347755862163,-0.18584643187597072,-0.18496737127876217,0.16581379232557306,0.1658861913985488,0.3744738510408273,0.37497255073143654,1.0,1.0,17.595346869859483,17.6206267639616,14.2,0.0024679184000007126,0.021709029,0.023279887,2.2004177570343018,2.201812982559204,-2.668102741241455,-2.665140390396118,1.6353594064712524,1.633653163909912,0.020010678097605705,0.019886525347828865,1.8671613931655884,1.8665862083435059,-1.3241219520568848,-1.321572184562683
Fluid,24872,24872,14.2424688,1.0,1.0,1.3885771802061926,1.3727373313249436,-0.1856123907850565,-0.18473107126341734,0.16560073209184784,0.16567746758261492,0.3746884378234231,0.3751903478973918,1.0,1.0,17.588177814825666,17.61356869300641,14.24,0.002468833900000078,0.021848677,0.023268383,2.201482057571411,2.2028961181640625,-2.668321371078491,-2.6653668880462646,1.6319152116775513,1.6301953792572021,0.02012331411242485,0.020026709884405136,1.8685851097106934,1.8679969310760498,-1.3251303434371948,-1.32252836227417
Fluid,24872,24872,14.2824697,1.0,1.0,1.3930568945514636,1.3771135576941416,-0.1853801112899403,-0.18449532510728237,0.1653917697992957,0.16546921586110377,0.37490380264136997,0.3754073961301147,1.0,1.0,17.581013473600926,17.60653396464115,14.28,0.002469749500001228,0.021647785,0.02325115,2.202543258666992,2.2039763927459717,-2.6685361862182617,-2.6655921936035156,1.6284438371658325,1.6267107725143433,0.020242294296622276,0.020172500982880592,1.8700069189071655,1.8694076538085938,-1.3261321783065796,-1.3234810829162598
Fluid,24872,24872,14.3224707,1.0,1.0,1.3975421675872644,1.3814935036573983,-0.18514885302753262,-0.18426111070124784,0.16518460335765645,0.16526280527235865,0.37511806594828834,0.37562448160046,1.0,1.0,17.57384684627253,17.599498736317727,14.32,0.0024706650000005936,0.021641808,0.023109999,2.2036032676696777,2.2050564289093018,-2.668743133544922,-2.665817975997925,1.6249465942382812,1.6232013702392578,0.02036752738058567,0.020323162898421288,1.8714288473129272,1.8708187341690063,-1.3271358013153076,-1.3244271278381348
Fluid,24872,24872,14.3624716,1.0,1.0,1.4020314810798729,1.3858791979529645,-0.18491706431220037,-0.18402657163460975,0.16498011805141993,0.1650584675934065,0.37533147513024284,0.37583999745060154,1.0,1.0,17.5666787625126,17.5924606570173,14.36,0.002471580499999959,0.021478763,0.022898206,2.2046618461608887,2.2061374187469482,-2.6689443588256836,-2.6660397052764893,1.6214264631271362,1.6196706295013428,0.02049580030143261,0.020478617399930954,1.8728474378585815,1.8722282648086548,-1.3281382322311401,-1.3253720998764038
Fluid,24872,24872,14.4024725,1.0,1.0,1.406526747247034,1.3902664007591787,-0.184686268519193,-0.1837943542362205,0.1647760385280309,0.16485462580583138,0.3755453035476399,0.3760560374266993,1.0,1.0,17.559507471681524,17.585424886097975,14.4,0.0024724959999993246,0.021511167,0.02287014,2.2057223320007324,2.207216739654541,-2.669140100479126,-2.666257858276367,1.6178858280181885,1.6161199808120728,0.020587999373674393,0.020637938752770424,1.8742650747299194,1.8736367225646973,-1.329134464263916,-1.3263304233551025
Fluid,24872,24872,14.4424734,1.0,1.0,1.4110276320256043,1.3946460041633864,-0.18445520604222193,-0.1835615595524718,0.1645736052398113,0.16464951031144268,0.37575830185032266,0.3762721649851937,1.0,1.0,17.552332993756156,17.578402683757133,14.44,0.0024734116000004747,0.021362297,0.022823563,2.206782341003418,2.2082977294921875,-2.669329881668091,-2.666475772857666,1.6143258810043335,1.6125508546829224,0.020683638751506805,0.020800475031137466,1.8756824731826782,1.8750447034835815,-1.3301303386688232,-1.3273091316223145
Fluid,24872,24872,14.4824743,1.0,1.0,1.415537559806773,1.3990267350967354,-0.18422462201983877,-0.18332985772575713,0.16437024349502827,0.16444790713740984,0.37597011422723325,0.3764876948456729,1.0,1.0,17.545151007025908,17.571382439148007,14.48,0.00247432709999984,0.021332636,0.022882966,2.20784330368042,2.209378480911255,-2.669511556625366,-2.6666901111602783,1.6107481718063354,1.608965277671814,0.020782342180609703,0.020965786650776863,1.8770936727523804,1.8764506578445435,-1.3311272859573364,-1.3282901048660278
Fluid,24872,24872,14.5224752,1.0,1.0,1.4200434676471136,1.4034163704323939,-0.1839954392004228,-0.18310111428520795,0.1641708259695728,0.1642464360809502,0.37618228452710956,0.376701687781023,1.0,1.0,17.53797778442152,17.564353813424145,14.52,0.002475242600000982,0.021203032,0.022817932,2.2089040279388428,2.210458755493164,-2.6696889400482178,-2.6669020652770996,1.6071562767028809,1.6053690910339355,0.02088376134634018,0.02113352343440056,1.8785048723220825,1.877855896949768,-1.3321205377578735,-1.3292698860168457
Fluid,24872,24872,14.5624762,1.0,1.0,1.4245369800776642,1.4078180471499147,-0.1837668594764744,-0.1828730878576861,0.16397137186708977,0.16403783200055255,0.3763966160867406,0.37691661368875296,1.0,1.0,17.530825205346172,17.557313338281563,14.56,0.0024761581000003474,0.021173347,0.022863217,2.209965467453003,2.2115397453308105,-2.6698596477508545,-2.667113780975342,1.6035585403442383,1.6017732620239258,0.02098839543759823,0.021303541958332062,1.8799182176589966,1.8792636394500732,-1.3331090211868286,-1.3302489519119263
Fluid,24872,24872,14.6024771,1.0,1.0,1.4290262535901377,1.4122209515292061,-0.1835386094681643,-0.1826439745267826,0.16377381185619666,0.16383335456502526,0.37661095485765983,0.3771337156106744,1.0,1.0,17.52368291922036,17.55027581511222,14.6,0.002477073699999721,0.021169674,0.021652345,2.2110304832458496,2.212623119354248,-2.670022964477539,-2.6673166751861572,1.599968671798706,1.5981940031051636,0.02109520696103573,0.021474549546837807,1.881328821182251,1.8806686401367188,-1.3340953588485718,-1.3312256336212158
Fluid,24872,24872,14.642478,1.0,1.0,1.4335118588917792,1.4166213413243478,-0.1833119623960035,-0.1824156353979848,0.1635785294301573,0.16363652292057876,0.37682390262209425,0.37735228414042377,1.0,1.0,17.51654957448144,17.54324534342733,14.64,0.0024779891999990866,0.021076607,0.021800162,2.21209454536438,2.2137060165405273,-2.6701812744140625,-2.667518138885498,1.596405029296875,1.5946491956710815,0.021204030141234398,0.021647311747074127,1.882736325263977,1.882074236869812,-1.3350803852081299,-1.332200288772583
Fluid,24872,24872,14.6824789,1.0,1.0,1.4379909372240747,1.4210131472849636,-0.18308623339539368,-0.18218836998873938,0.16337757870038488,0.16345441185885154,0.3770365126365435,0.3775679932939734,1.0,1.0,17.509429146945187,17.53623060081196,14.68,0.0024789047000002284,0.02268354,0.022424512,2.213163137435913,2.2147908210754395,-2.6703333854675293,-2.6677138805389404,1.5928826332092285,1.591151237487793,0.02131478488445282,0.0218210369348526,1.8841427564620972,1.8834795951843262,-1.3360631465911865,-1.3331761360168457
Fluid,24872,24872,14.7224798,1.0,1.0,1.442475115784578,1.4254062791825994,-0.18286109033931922,-0.18196217682696264,0.16317453839616647,0.1632447360196843,0.37724944446568637,0.37778554931539965,1.0,1.0,17.502306543082124,17.529218288816107,14.72,0.002479820299999602,0.021447936,0.021437,2.2142319679260254,2.2158758640289307,-2.6704812049865723,-2.6679036617279053,1.5894114971160889,1.5877066850662231,0.021426556631922722,0.021994968876242638,1.8855454921722412,1.8848823308944702,-1.3370429277420044,-1.3341503143310547
Fluid,24872,24872,14.7624807,1.0,1.0,1.4469678744835177,1.4297976824918264,-0.18263668900026148,-0.1817357583647067,0.16298993816292204,0.16305708274074215,0.3774628867420802,0.3780029859910367,1.0,1.0,17.495176138851797,17.522212381913526,14.76,0.002480735800000744,0.020951314,0.021096963,2.2153027057647705,2.2169618606567383,-2.670620918273926,-2.668091297149658,1.5859922170639038,1.5843104124069214,0.02153954654932022,0.02216922678053379,1.886946201324463,1.886284351348877,-1.3380193710327148,-1.3351240158081055
Fluid,24872,24872,14.8024817,1.0,1.0,1.4514541211570366,1.4341871770312706,-0.18241289279537634,-0.1815118256066149,0.16279663330585964,0.16286118956098208,0.3776753356934111,0.3782200293727387,1.0,1.0,17.488058054627388,17.51521298075535,14.8,0.0024816513000001095,0.02271724,0.022722656,2.2163760662078857,2.2180469036102295,-2.6707546710968018,-2.6682727336883545,1.5826181173324585,1.5809564590454102,0.021653415635228157,0.022289127111434937,1.8883438110351562,1.8876843452453613,-1.3389936685562134,-1.336098074913025
Fluid,24872,24872,14.8424826,1.0,1.0,1.4559348065858462,1.438575142997761,-0.18218955786208965,-0.1812881413642779,0.16259850098908155,0.16266287823113915,0.3778889631664028,0.37843703963285813,1.0,1.0,17.480950633863728,17.50821993131659,14.84,0.002482566799999475,0.021350924,0.02150656,2.2174503803253174,2.2191317081451416,-2.670884609222412,-2.668450117111206,1.5792818069458008,1.5776344537734985,0.021753299981355667,0.022209713235497475,1.8897360563278198,1.8890796899795532,-1.3399665355682373,-1.337072730064392
Fluid,24872,24872,14.8824835,1.0,1.0,1.460404568234407,1.4429674517759656,-0.18196624239276887,-0.18106468303002926,0.1624168041097039,0.162478092090901,0.3781017568220893,0.3786563292675458,1.0,1.0,17.47386200445647,17.50122508687504,14.88,0.0024834823999988487,0.020909367,0.02097696,2.2185275554656982,2.2202165126800537,-2.6710100173950195,-2.6686227321624756,1.575969934463501,1.5743279457092285,0.02169497311115265,0.02213122323155403,1.891126275062561,1.8904764652252197,-1.340938925743103,-1.3380446434020996
Fluid,24872,24872,14.9224844,1.0,1.0,1.4648677827900607,1.4473569462407216,-0.18174442748152383,-0.1808422440374282,0.16222615638491988,0.16228615502392812,0.3783139801103553,0.37887198093080343,1.0,1.0,17.466786292827027,17.4942384496614,14.92,0.0024843978999999905,0.02288329,0.022587415,2.2196054458618164,2.2213003635406494,-2.6711275577545166,-2.6687893867492676,1.57266366481781,1.571016788482666,0.02163529582321644,0.022053955122828484,1.892511248588562,1.8918673992156982,-1.3419090509414673,-1.3390216827392578
Fluid,24872,24872,14.9624853,1.0,1.0,1.469326987186377,1.4517426391970751,-0.18152368144520423,-0.18062063880291362,0.16203035596701512,0.16209011205445692,0.3785266263270537,0.3790888001648998,1.0,1.0,17.45971932323771,17.487261413837714,14.96,0.002485313399999356,0.02110402,0.02146154,2.2206830978393555,2.222382068634033,-2.6712441444396973,-2.6689493656158447,1.5693426132202148,1.5676813125610352,0.021573824808001518,0.0219779834151268,1.8938889503479004,1.8932522535324097,-1.3428786993026733,-1.3399982452392578
Fluid,24872,24872,15.0024862,1.0,1.0,1.4737781915423525,1.4561321539381054,-0.18130317979751215,-0.18040011868165176,0.1618507898981953,0.16191069804247016,0.3787389768502668,0.3793054830139908,1.0,1.0,17.452666434761642,17.480284101903994,15.0,0.002486228900000498,0.02062645,0.020899627,2.221763849258423,2.2234630584716797,-2.6713523864746094,-2.6691057682037354,1.5659878253936768,1.564304232597351,0.02151353284716606,0.02190307527780533,1.8952633142471313,1.8946335315704346,-1.3438454866409302,-1.3409756422042847
Fluid,24872,24872,15.0424871,1.0,1.0,1.478220460971552,1.460525105376257,-0.18108331859004695,-0.18018070964027388,0.16166296886241535,0.16172207496960248,0.37895106158680397,0.37952215746060014,1.0,1.0,17.445629554264183,17.473307119837603,15.04,0.002487144500001648,0.022362955,0.022619147,2.2228450775146484,2.2245421409606934,-2.6714556217193604,-2.669255256652832,1.5625859498977661,1.5608770847320557,0.02145576849579811,0.0218293946236372,1.896633505821228,1.8960107564926147,-1.3448128700256348,-1.3419541120529175
Fluid,24872,24872,15.0824881,1.0,1.0,1.4826514198763325,1.4649235654240857,-0.18086368277389692,-0.17996130756549553,0.16147025082642005,0.1615281776419786,0.37916535309152116,0.3797401427437824,1.0,1.0,17.438610935602284,17.466326001086163,15.08,0.002488059999999237,0.021073338,0.02112438,2.2239253520965576,2.225616693496704,-2.6715588569641113,-2.6693994998931885,1.5591332912445068,1.557400107383728,0.02140120416879654,0.02175687812268734,1.897995114326477,1.8973791599273682,-1.345776915550232,-1.3429338932037354
Fluid,24872,24872,15.122489,1.0,1.0,1.4870971369504575,1.4693282549924482,-0.1806443554204745,-0.17974266590220822,0.1612935923910875,0.16135190129558677,0.37937890394416884,0.3799579868489593,1.0,1.0,17.43157752762657,17.459338682147997,15.12,0.002488975500000379,0.020612823,0.020617355,2.225003480911255,2.226689100265503,-2.671653985977173,-2.6695377826690674,1.5556318759918213,1.5538756847381592,0.021352769806981087,0.021685883402824402,1.8993531465530396,1.8987452983856201,-1.3467422723770142,-1.3439111709594727
Fluid,24872,24872,15.1624899,1.0,1.0,1.4915380865370411,1.4737407862841634,-0.18042625093509054,-0.1795246698864821,0.16110773676474352,0.16116507559493196,0.37959062535579763,0.38017478346872147,1.0,1.0,17.424556324090094,17.45234563033195,15.16,0.0024898910999997526,0.022133911,0.022278495,2.226081132888794,2.2277584075927734,-2.6717448234558105,-2.669671058654785,1.55208420753479,1.5503058433532715,0.021311981603503227,0.02161659486591816,1.900704264640808,1.9001054763793945,-1.347708821296692,-1.3448925018310547
Fluid,24872,24872,15.2024908,1.0,1.0,1.4959741306667647,1.4781525762201686,-0.18020963723541064,-0.17930626805890765,0.1609185568382619,0.16097476237581432,0.37980436096723547,0.38039331173043506,1.0,1.0,17.41754682649175,17.445358485357293,15.2,0.0024908066000008944,0.020956004,0.02102191,2.227154493331909,2.228823661804199,-2.67183518409729,-2.669797420501709,1.548492431640625,1.5466947555541992,0.021278169006109238,0.021548716351389885,1.9020488262176514,1.9014592170715332,-1.3486756086349487,-1.3458715677261353
Fluid,24872,24872,15.2424917,1.0,1.0,1.5004116327588009,1.482572486949183,-0.17999174442344,-0.17908963115874402,0.16074453187282936,0.16080017715073036,0.38001618833727235,0.3806108016690555,1.0,1.0,17.410539825655096,17.438363868368135,15.24,0.00249172210000026,0.02059636,0.020644525,2.2282261848449707,2.229884624481201,-2.671919107437134,-2.6699185371398926,1.544864296913147,1.5430538654327393,0.021253013983368874,0.021482689306139946,1.9033877849578857,1.902808427810669,-1.3496453762054443,-1.3468540906906128
Fluid,24872,24872,15.2824926,1.0,1.0,1.504853167876879,1.4869870098641336,-0.1797756742202043,-0.1788740489296055,0.1605621514226774,0.16061747675697474,0.38022970736681155,0.3808282867657847,1.0,1.0,17.403531996641714,17.431381039065002,15.28,0.0024926376000014017,0.022187121,0.022044903,2.2292943000793457,2.230942487716675,-2.6719987392425537,-2.6700356006622314,1.5412142276763916,1.539400339126587,0.021236402913928032,0.021418344229459763,1.904723882675171,1.9041509628295898,-1.3506137132644653,-1.347838282585144
Fluid,24872,24872,15.3224936,1.0,1.0,1.509299402836999,1.4913916612873597,-0.17956104951304971,-0.17865890817880214,0.16037409590869056,0.16042870391266892,0.3804448758925189,0.3810457245709312,1.0,1.0,17.396523001953963,17.42441409701663,15.32,0.002493553199998999,0.02097769,0.0209134,2.230356216430664,2.231996536254883,-2.672078847885132,-2.6701486110687256,1.5375620126724243,1.5357561111450195,0.02122691459953785,0.021355625241994858,1.9060535430908203,1.9054839611053467,-1.3515836000442505,-1.3488242626190186
Fluid,24872,24872,15.3624945,1.0,1.0,1.5137449812450674,1.4957859804134737,-0.1793460326446279,-0.178444353585979,0.16020238310387422,0.16025857855586814,0.3806588163452072,0.3812633493589908,1.0,1.0,17.389519296799797,17.417464733449698,15.36,0.002494468700000141,0.020378068,0.020424351,2.231415271759033,2.2330472469329834,-2.6721558570861816,-2.6702537536621094,1.5339299440383911,1.5321401357650757,0.021225688979029655,0.021294744685292244,1.9073747396469116,1.9068135023117065,-1.3525596857070923,-1.349811315536499
Fluid,24872,24872,15.4024954,1.0,1.0,1.5181947298260179,1.500176076320141,-0.17913174903891113,-0.1782306339135561,0.16002305648538254,0.16007838700448657,0.38087285095886075,0.3814794853170924,1.0,1.0,17.382514258871204,17.41052608748424,15.4,0.0024953841999995063,0.021980485,0.022230634,2.232473134994507,2.2340967655181885,-2.6722238063812256,-2.6703553199768066,1.5303311347961426,1.5285595655441284,0.021232137456536293,0.021235913038253784,1.9086908102035522,1.9081366062164307,-1.3535382747650146,-1.3508042097091675
Fluid,24872,24872,15.4424963,1.0,1.0,1.5226460484532158,1.5045664554893892,-0.1789169081437063,-0.17801762189524648,0.1598367339238104,0.159893365278205,0.3810877492922747,0.3816966151671134,1.0,1.0,17.37550959126211,17.403592270587794,15.44,0.002496299700000648,0.02081932,0.020834807,2.233527660369873,2.2351434230804443,-2.6722958087921143,-2.670454263687134,1.5267668962478638,1.5250109434127808,0.02119751274585724,0.021178655326366425,1.9099969863891602,1.9094473123550415,-1.3545186519622803,-1.3517966270446777
Fluid,24872,24872,15.4824972,1.0,1.0,1.527103619954812,1.5089526532917978,-0.17870327428034452,-0.1778047440488588,0.15966968662219333,0.1597246150063047,0.3813003615581869,0.3819140403383665,1.0,1.0,17.36850076056861,17.396667986849412,15.48,0.002497215300000022,0.020200485,0.020356378,2.234578847885132,2.2361881732940674,-2.6723625659942627,-2.6705455780029297,1.5232312679290771,1.5214861631393433,0.021072091534733772,0.0211234949529171,1.9112921953201294,1.9107506275177002,-1.3555076122283936,-1.352791428565979
Fluid,24872,24872,15.5224981,1.0,1.0,1.5315661335083954,1.513341041327915,-0.17849181417365917,-0.1775943088136401,0.15948983641274228,0.1595478188591728,0.38151282975368855,0.382129322478465,1.0,1.0,17.36148993732769,17.389744600420713,15.52,0.0024981308000011637,0.021748468,0.021954365,2.235626220703125,2.237229347229004,-2.6724250316619873,-2.670635938644409,1.51971435546875,1.5179740190505981,0.02095174416899681,0.021070251241326332,1.9125808477401733,1.912043809890747,-1.3564990758895874,-1.35379159450531
Fluid,24872,24872,15.562499,1.0,1.0,1.5360296298150287,1.5177289478680043,-0.17827853622889872,-0.17738403414751405,0.159306235330679,0.15936434045159903,0.3817270982253176,0.38234471328898995,1.0,1.0,17.354482354248173,17.382826765755357,15.56,0.002499046299998753,0.02073976,0.020834526,2.2366726398468018,2.2382686138153076,-2.6724889278411865,-2.6707234382629395,1.5162051916122437,1.5144662857055664,0.020836861804127693,0.021018365398049355,1.9138579368591309,1.9133248329162598,-1.3574928045272827,-1.3547947406768799
Fluid,24872,24872,15.6025,1.0,1.0,1.5405027182558992,1.5221127522491429,-0.17806555061751883,-0.1771737296952698,0.1591417483437085,0.15919966202204697,0.3819419656341622,0.38256057546015476,1.0,1.0,17.347466624868225,17.375917194778417,15.6,0.002499961899999903,0.020214172,0.020083893,2.237717390060425,2.239306926727295,-2.6725494861602783,-2.6708061695098877,1.512697696685791,1.5109562873840332,0.02072911150753498,0.02096809819340706,1.9151246547698975,1.9145957231521606,-1.3584882020950317,-1.3557994365692139
Fluid,24872,24872,15.6425009,1.0,1.0,1.5449764490753912,1.5264969187761093,-0.17785378839408542,-0.17696607601422598,0.15896634604879523,0.15902319651127914,0.3821563057015927,0.38277485525928545,1.0,1.0,17.34045300601801,17.369010141977892,15.64,0.0025008773999992684,0.021767793,0.021860814,2.238760471343994,2.240342378616333,-2.6726067066192627,-2.6708850860595703,1.5091842412948608,1.5074368715286255,0.020629609003663063,0.020919349044561386,1.9163804054260254,1.9158552885055542,-1.359487771987915,-1.3568099737167358
Fluid,24872,24872,15.6825018,1.0,1.0,1.5494493813348953,1.5308806037778238,-0.1776433213394337,-0.17675801855393544,0.1587869693144998,0.15884399778129046,0.3823710770210753,0.3829893333367087,1.0,1.0,17.33344398510345,17.362106587772548,15.68,0.00250179290000041,0.020562312,0.020708045,2.2397992610931396,2.2413766384124756,-2.672666549682617,-2.6709656715393066,1.5056577920913696,1.503900408744812,0.020539425313472748,0.02087165229022503,1.9176256656646729,1.917099952697754,-1.3604909181594849,-1.3578215837478638
Fluid,24872,24872,15.7225027,1.0,1.0,1.5539288485576315,1.5352600655721085,-0.17743168122603847,-0.17655036652710598,0.15862359443721988,0.15868257728203694,0.3825847711300887,0.38320346991879173,1.0,1.0,17.326429264803874,17.355213288671912,15.72,0.0025027083999997757,0.020098163,0.0201958,2.2408382892608643,2.2424094676971436,-2.6727213859558105,-2.671038866043091,1.5021101236343384,1.5003389120101929,0.02045944519340992,0.020825063809752464,1.9188600778579712,1.9183350801467896,-1.3614990711212158,-1.3588372468948364
Fluid,24872,24872,15.7625036,1.0,1.0,1.558408099722405,1.5396363320699342,-0.17722262714627823,-0.17634303096633755,0.15845230692292417,0.15851068361581447,0.38279687930105194,0.38341504878204624,1.0,1.0,17.31941741158549,17.348328069346096,15.76,0.0025036240000009258,0.021559613,0.021749195,2.2418742179870605,2.2434418201446533,-2.6727731227874756,-2.6711103916168213,1.4985347986221313,1.496748685836792,0.020391015335917473,0.02077973447740078,1.9200854301452637,1.9195609092712402,-1.362510323524475,-1.3598583936691284
Fluid,24872,24872,15.8025045,1.0,1.0,1.562883186109258,1.5440023051372638,-0.17701334648558845,-0.17613605171221372,0.1582740706803673,0.15833119593086498,0.3830114889443555,0.3836285182005293,1.0,1.0,17.31241550185589,17.34146086634375,15.8,0.002504539499998515,0.020450415,0.020548798,2.2429072856903076,2.244471311569214,-2.672830104827881,-2.671182155609131,1.4949314594268799,1.4931321144104004,0.020334860309958458,0.02073526196181774,1.9213027954101562,1.9207768440246582,-1.3635220527648926,-1.360876202583313
Fluid,24872,24872,15.8425055,1.0,1.0,1.5673584081730527,1.548368620115028,-0.17680562957449308,-0.17592995775332637,0.15811256454804007,0.15817066901210658,0.38322397833118316,0.3838431149666715,1.0,1.0,17.30541824362753,17.334598340110865,15.84,0.0025054549999996567,0.019944096,0.020065617,2.243938684463501,2.245499610900879,-2.6728832721710205,-2.671251058578491,1.49130380153656,1.4894953966140747,0.02029135264456272,0.02069156989455223,1.9225133657455444,1.9219889640808105,-1.3645374774932861,-1.3618947267532349
Fluid,24872,24872,15.8825064,1.0,1.0,1.5718327720596412,1.5527301500202308,-0.17659856943113095,-0.1757251796441889,0.15794460069874633,0.15799994385810542,0.3834368999475229,0.3840549592528073,1.0,1.0,17.29842689586399,17.32774703887622,15.88,0.002506370499999022,0.021536868,0.021468071,2.244968891143799,2.2465267181396484,-2.6730074882507324,-2.6713171005249023,1.4876614809036255,1.4858500957489014,0.02026006020605564,0.02064884826540947,1.9237200021743774,1.9231914281845093,-1.365553855895996,-1.362913966178894
Fluid,24872,24872,15.9225073,1.0,1.0,1.576305945752026,1.5570886657454113,-0.17639124437980105,-0.17552130545427744,0.15776906207344057,0.157823956846962,0.38364868556695747,0.38426721193659397,1.0,1.0,17.29144203041711,17.320903825468477,15.92,0.0025072861000001723,0.020374551,0.02044037,2.2459969520568848,2.247551918029785,-2.673194408416748,-2.671384811401367,1.4840168952941895,1.4822094440460205,0.02024015225470066,0.02060692012310028,1.924919843673706,1.9243870973587036,-1.3665719032287598,-1.3639339208602905
Fluid,24872,24872,15.9625082,1.0,1.0,1.5807767424993018,1.561439018285348,-0.17618474410463958,-0.17531680106310815,0.15761037089392524,0.15766709786472827,0.38386098370332195,0.38447899016299536,1.0,1.0,17.284465229292703,17.314074690029834,15.96,0.0025082015999995377,0.019845845,0.019919632,2.2470250129699707,2.2485761642456055,-2.6733808517456055,-2.67145037651062,1.4803838729858398,1.4785873889923096,0.020231448113918304,0.02056591771543026,1.9261183738708496,1.925581693649292,-1.3675906658172607,-1.3649529218673706
Fluid,24872,24872,16.0025082,1.0,1.0,1.5852501098452239,1.5657907387125172,-0.17597917938957136,-0.17511352763384716,0.15744194313515325,0.15749764326155838,0.38407021512157097,0.3846896711043492,1.0,1.0,17.277489305731184,17.30724920943528,16.0,0.002508163499999938,0.021331623,0.02142045,2.248051643371582,2.249600410461426,-2.6735665798187256,-2.6715126037597656,1.4767768383026123,1.4749988317489624,0.020233051851391792,0.020525909960269928,1.9273152351379395,1.9267736673355103,-1.3686107397079468,-1.3659732341766357
Fluid,24872,24872,16.0425014,1.0,1.0,1.5897190290736085,1.5701449913647687,-0.17577455763545524,-0.17491046831447402,0.15726817428522608,0.1573253068967368,0.3842816555715348,0.38490051058877156,1.0,1.0,17.270523662005793,17.300425211422386,16.04,0.002501449600000427,0.020153379,0.020241084,2.2490768432617188,2.250624895095825,-2.6737477779388428,-2.6715774536132812,1.4732109308242798,1.4714593887329102,0.020243890583515167,0.02048686519265175,1.928513765335083,1.927961826324463,-1.3696268796920776,-1.3669915199279785
Fluid,24872,24872,16.0824947,1.0,1.0,1.594182991428644,1.5745007525188615,-0.17556987584826236,-0.17470806496590496,0.1571102705505554,0.1571704444518009,0.3844923786981093,0.3851115733888192,1.0,1.0,17.263568369856827,17.293604417068085,16.08,0.0024947357000009163,0.019600248,0.019840982,2.2501027584075928,2.2516493797302246,-2.67392897605896,-2.671638011932373,1.4697006940841675,1.4679795503616333,0.020263107493519783,0.020448844879865646,1.9297125339508057,1.9291521310806274,-1.3706440925598145,-1.3680068254470825
Fluid,24872,24872,16.122488,1.0,1.0,1.5986386023986252,1.5788616597282719,-0.1753662650093877,-0.1745073711143848,0.15694558530885352,0.15700485194861308,0.3847020938860356,0.385320576704442,1.0,1.0,17.256627472354193,17.286780868438555,16.12,0.0024880218999996373,0.02136395,0.021337971,2.2511308193206787,2.2526748180389404,-2.674109697341919,-2.671698570251465,1.4662516117095947,1.4645586013793945,0.02028975822031498,0.020412052050232887,1.9309146404266357,1.930343747138977,-1.3716604709625244,-1.3690210580825806
Fluid,24872,24872,16.1624813,1.0,1.0,1.6030768996202371,1.5832245161691472,-0.17516193362611177,-0.1743061635975752,0.15677465993817266,0.1568325772049788,0.38491270641118613,0.3855301215301152,1.0,1.0,17.24971102134481,17.27995816750249,16.16,0.0024813080000001264,0.020174164,0.020106109,2.2521588802337646,2.2536990642547607,-2.6742870807647705,-2.6717641353607178,1.4628560543060303,1.4611855745315552,0.020323164761066437,0.020376503467559814,1.9321175813674927,1.9315342903137207,-1.3726762533187866,-1.3700343370437622
Fluid,24872,24872,16.2024746,1.0,1.0,1.607509333922616,1.587583594240956,-0.17495824627989925,-0.17410609578680375,0.1566195221243821,0.15667960321838945,0.3851228779536768,0.38573817090485446,1.0,1.0,17.242807302416693,17.27314482857921,16.2,0.0024745941000006155,0.019689275,0.019550452,2.253188133239746,2.254725456237793,-2.674463987350464,-2.6718251705169678,1.4595017433166504,1.4578454494476318,0.020363232120871544,0.020342443138360977,1.9333261251449585,1.9327294826507568,-1.3736909627914429,-1.3710448741912842
Fluid,24872,24872,16.2424679,1.0,1.0,1.6119382325252,1.5919425518478725,-0.17475639810140592,-0.17390657506411755,0.1564554444352604,0.15651690702543594,0.38533038957555266,0.38594497499748925,1.0,1.0,17.235912910110507,17.266335274368746,16.24,0.0024678802000011046,0.021194015,0.021302268,2.254218339920044,2.2557525634765625,-2.674640655517578,-2.671884059906006,1.4561710357666016,1.4545199871063232,0.020364942029118538,0.020309720188379288,1.9345370531082153,1.9339268207550049,-1.3747048377990723,-1.3720546960830688
Fluid,24872,24872,16.2824612,1.0,1.0,1.6163659006145725,1.596306253445321,-0.17455339589104987,-0.17370788783225216,0.15628575195271394,0.15634840289536706,0.38554005248570183,0.3861528633292778,1.0,1.0,17.2290256329003,17.25952395383627,16.28,0.0024611663999998257,0.020123191,0.019863497,2.2552504539489746,2.256779670715332,-2.6748130321502686,-2.6719810962677,1.4528460502624512,1.4511909484863281,0.02033013291656971,0.02027817629277706,1.9357523918151855,1.9351264238357544,-1.3757144212722778,-1.373058795928955
Fluid,24872,24872,16.3224545,1.0,1.0,1.6207971756764727,1.600665772992527,-0.1743511736022217,-0.17350951651845983,0.15613387319637986,0.1561987516495716,0.3857487059611698,0.38636069603955664,1.0,1.0,17.22214007396796,17.25272332671065,16.32,0.002454452500000315,0.019546852,0.019441493,2.256282329559326,2.257808208465576,-2.67498517036438,-2.67214298248291,1.4495083093643188,1.447840929031372,0.020296970382332802,0.020248176530003548,1.9369722604751587,1.936331868171692,-1.3767236471176147,-1.3740586042404175
Fluid,24872,24872,16.3624477,1.0,1.0,1.6252305038863275,1.6050179143395467,-0.17415045720908742,-0.17331240381149832,0.1559715986368059,0.15603937054597844,0.38595608058557934,0.3865670183725296,1.0,1.0,17.21525631943252,17.245937478354445,16.36,0.002447738600000804,0.021072892,0.021016024,2.2573156356811523,2.2588374614715576,-2.675158739089966,-2.6723031997680664,1.4461420774459839,1.444455862045288,0.020265357568860054,0.020219571888446808,1.9381955862045288,1.937540054321289,-1.3777318000793457,-1.3750572204589844
Fluid,24872,24872,16.402441,1.0,1.0,1.6296686629383388,1.6093687904983027,-0.17394967389404,-0.17311463853272127,0.15580635471666401,0.15587370464736736,0.3861643638715222,0.3867761885466774,1.0,1.0,17.20837032346336,17.23915935563443,16.4,0.0024410248000030776,0.019781318,0.019756172,2.2583491802215576,2.2598683834075928,-2.6753287315368652,-2.672462224960327,1.4427343606948853,1.441023588180542,0.020234905183315277,0.02019207365810871,1.9394229650497437,1.9387519359588623,-1.3787376880645752,-1.376047968864441
Fluid,24872,24872,16.4424343,1.0,1.0,1.6341144027975014,1.6137207726739902,-0.17375024203360473,-0.17291743011104052,0.15565379796071585,0.15572380672128683,0.3863720851443786,0.3869829740235312,1.0,1.0,17.201477932101778,17.232384661264685,16.44,0.002434310900000014,0.019419625,0.01928232,2.259382963180542,2.2609002590179443,-2.6754989624023438,-2.672621726989746,1.4392752647399902,1.4375370740890503,0.02020614966750145,0.020166046917438507,1.9406522512435913,1.9399670362472534,-1.3797428607940674,-1.3770372867584229
Fluid,24872,24872,16.4824276,1.0,1.0,1.6385688233523328,1.618072433825864,-0.17355141650058978,-0.17272107728590186,0.15549695852622103,0.1555659633028585,0.38657884434633893,0.3871891401675819,1.0,1.0,17.19457900750365,17.225615454433278,16.48,0.002427597000000503,0.020951552,0.020724967,2.2604167461395264,2.2619330883026123,-2.6756675243377686,-2.6727826595306396,1.4357600212097168,1.4339934587478638,0.020179077982902527,0.020141512155532837,1.941887617111206,1.9411864280700684,-1.3807487487792969,-1.3780245780944824
Fluid,24872,24872,16.5224209,1.0,1.0,1.64302494604318,1.6224263066858762,-0.17335082761335877,-0.1725246343600034,0.1553320943821406,0.1554025144586756,0.3867864901584758,0.38739546588526363,1.0,1.0,17.18768241931557,17.21884901598743,16.52,0.002420883199999224,0.019723928,0.019628273,2.2614519596099854,2.2629647254943848,-2.6758334636688232,-2.672940731048584,1.4321885108947754,1.4303977489471436,0.020153626799583435,0.020118167623877525,1.9431259632110596,1.9424066543579102,-1.3817529678344727,-1.3790076971054077
Fluid,24872,24872,16.5624142,1.0,1.0,1.647478243268907,1.6267837159499936,-0.17315050079297795,-0.17232871278432213,0.15518380104008153,0.15525443785146584,0.3869928086398125,0.3876019925921549,1.0,1.0,17.180794063508607,17.212083324698934,16.56,0.0024141692999997133,0.019261274,0.019251043,2.26248836517334,2.2639970779418945,-2.6759986877441406,-2.6731009483337402,1.428572654724121,1.426767110824585,0.020130161195993423,0.020096225664019585,1.9443687200546265,1.94363272190094,-1.382755994796753,-1.3799867630004883
Fluid,24872,24872,16.6024075,1.0,1.0,1.651933920781349,1.6311464741281574,-0.1729522172532959,-0.17213430685467027,0.15502970711173517,0.15509957800601032,0.38719951207963743,0.38780711434517534,1.0,1.0,17.173908180460433,17.205315902440944,16.6,0.0024074554000002024,0.020835295,0.020754954,2.263523578643799,2.265028715133667,-2.6761629581451416,-2.6732609272003174,1.4249320030212402,1.423121690750122,0.020108679309487343,0.02007579430937767,1.945615530014038,1.944861650466919,-1.3837555646896362,-1.3809627294540405
Fluid,24872,24872,16.6424007,1.0,1.0,1.6563886273107473,1.6355134918231762,-0.1727553675894875,-0.17193940045401465,0.15486618932818855,0.15493914273812534,0.3874059802868888,0.388012454415037,1.0,1.0,17.167028226320213,17.198547762818336,16.64,0.0024007415999989234,0.019648258,0.019539684,2.2645561695098877,2.2660601139068604,-2.676325798034668,-2.6734209060668945,1.4212857484817505,1.4194782972335815,0.020089054480195045,0.02005692757666111,1.9468610286712646,1.9460923671722412,-1.3847546577453613,-1.3819352388381958
Fluid,24872,24872,16.682394,1.0,1.0,1.6608472180212313,1.6398811329276057,-0.17255827301611268,-0.171745823115059,0.15471906487025075,0.15479508637712447,0.3876119735047561,0.3882181746082087,1.0,1.0,17.16014795308713,17.191785059622454,16.68,0.0023940276999994126,0.019146381,0.01914622,2.2655892372131348,2.267089366912842,-2.676487445831299,-2.6735827922821045,1.4176486730575562,1.4158501625061035,0.02007151022553444,0.02003982476890087,1.9481128454208374,1.9473258256912231,-1.385750412940979,-1.3829046487808228
Fluid,24872,24872,16.7223873,1.0,1.0,1.665308498652927,1.644255165066678,-0.17236157772987998,-0.17155354631799666,0.1545645811667066,0.15464076703673738,0.387818136179873,0.388423765325559,1.0,1.0,17.153269094721455,17.185019598892165,16.72,0.0023873137999999017,0.02069436,0.020570442,2.26662278175354,2.2681188583374023,-2.676647901535034,-2.673746347427368,1.414033055305481,1.4122498035430908,0.02005617320537567,0.020024603232741356,1.949366807937622,1.9485622644424438,-1.3867452144622803,-1.3838695287704468
Fluid,24872,24872,16.7623806,1.0,1.0,1.6697721938262948,1.6486228455201704,-0.17216476428692595,-0.17136171343862727,0.1544055411489977,0.15448238141894646,0.3880238419485815,0.3886280953050817,1.0,1.0,17.146392245544195,17.17826590560264,16.76,0.0023805999999986227,0.019513756,0.019404428,2.2676544189453125,2.26914644241333,-2.6768057346343994,-2.6739084720611572,1.4104506969451904,1.4086878299713135,0.02004302106797695,0.020010992884635925,1.9506199359893799,1.9497976303100586,-1.3877366781234741,-1.384832739830017
Fluid,24872,24872,16.8023739,1.0,1.0,1.6742383529162972,1.6529942053529632,-0.17196881530779312,-0.17116973042039438,0.15425679860031488,0.15433325509249568,0.38822938738464974,0.3888320731501612,1.0,1.0,17.13951801724586,17.17151264333004,16.8,0.002373886099999112,0.019436445,0.021219017,2.2686853408813477,2.2701756954193115,-2.6769630908966064,-2.6740736961364746,1.4069111347198486,1.4051717519760132,0.020032139495015144,0.019999628886580467,1.9518760442733765,1.951039433479309,-1.388727068901062,-1.385790228843689
Fluid,24872,24872,16.8423672,1.0,1.0,1.6787047750662865,1.6573702702019435,-0.17177237039294882,-0.17097831654407913,0.15410627508899943,0.15418324964905825,0.3884360135230892,0.38903792732328424,1.0,1.0,17.132649459690096,17.16475801860531,16.84,0.002367172199999601,0.01936207,0.02092814,2.2697155475616455,2.271202325820923,-2.6771180629730225,-2.6742372512817383,1.4034183025360107,1.4017008543014526,0.020023589953780174,0.019990134984254837,1.9531337022781372,1.9522807598114014,-1.3897123336791992,-1.3867394924163818
Fluid,24872,24872,16.8823605,1.0,1.0,1.6831724368845573,1.661750879208216,-0.17157733051300897,-0.170786067687134,0.15395802815362988,0.15403380162008024,0.38864191979372353,0.389242268530512,1.0,1.0,17.125784559355704,17.158001031588803,16.88,0.0023604584000018747,0.020470537,0.020923935,2.270742416381836,2.272228717803955,-2.6772732734680176,-2.6744024753570557,1.399967074394226,1.3982665538787842,0.020017443224787712,0.01998286321759224,1.9543936252593994,1.9535220861434937,-1.3906937837600708,-1.3876866102218628
Fluid,24872,24872,16.9223537,1.0,1.0,1.687640297957243,1.6661369972431765,-0.17138190891095456,-0.1705940452307114,0.15380153819328804,0.15388467129349562,0.38884783251361554,0.3894472435483881,1.0,1.0,17.11892442693278,17.15124211003827,16.92,0.002353744499998811,0.01942312,0.02065032,2.27176833152771,2.273254156112671,-2.6774234771728516,-2.6745667457580566,1.3965460062026978,1.3948549032211304,0.0200134739279747,0.01988605596125126,1.9556522369384766,1.9547653198242188,-1.3916712999343872,-1.3886271715164185
Fluid,24872,24872,16.962347,1.0,1.0,1.6920995351223513,1.670521345498427,-0.1711875524841006,-0.17040481822502554,0.1536550292439385,0.1537370541675634,0.38905180055683214,0.3896526477703637,1.0,1.0,17.112080031248027,17.14448995993198,16.96,0.0023470305999993,0.021083761,0.020633994,2.2727928161621094,2.274275541305542,-2.6775753498077393,-2.6747348308563232,1.3931392431259155,1.3914483785629272,0.02001234143972397,0.01973646692931652,1.9569147825241089,1.9560105800628662,-1.3926464319229126,-1.3895634412765503
Fluid,24872,24872,17.0023403,1.0,1.0,1.696562859811202,1.6749061928269537,-0.17099394370214915,-0.17021499778459795,0.15350772706679724,0.15359116521648686,0.3892568740463464,0.38985652343244254,1.0,1.0,17.10523524208443,17.137741872757413,17.0,0.002340316800001574,0.020944426,0.02083837,2.2738125324249268,2.275296211242676,-2.677725076675415,-2.6749038696289062,1.3897271156311035,1.388026237487793,0.019997183233499527,0.01960352435708046,1.9581763744354248,1.9572553634643555,-1.393615484237671,-1.3904902935028076
Fluid,24872,24872,17.0423336,1.0,1.0,1.7010287093030145,1.6792843461802978,-0.1708015526318593,-0.1700245733575536,0.15336059323055493,0.15344424585995423,0.38946155911608266,0.39006091016026584,1.0,1.0,17.09839269546651,17.131006748203145,17.04,0.002333602900002063,0.020872416,0.020610472,2.2748284339904785,2.2763149738311768,-2.677872896194458,-2.675071954727173,1.3862924575805664,1.3845775127410889,0.01986512914299965,0.019487736746668816,1.9594405889511108,1.9584991931915283,-1.3945789337158203,-1.3914128541946411
Fluid,24872,24872,17.0823269,1.0,1.0,1.7054982380260866,1.6836599685991802,-0.1706092687414006,-0.16983638879392485,0.15321485113660183,0.15329991550873467,0.38966826472141897,0.3902660475273222,1.0,1.0,17.0915495070586,17.12427970783317,17.08,0.002326889000002552,0.021049289,0.020546924,2.2758419513702393,2.277329921722412,-2.6780190467834473,-2.6752426624298096,1.3828283548355103,1.3810968399047852,0.019749866798520088,0.01938953995704651,1.9607055187225342,1.9597468376159668,-1.3955367803573608,-1.3923274278640747
Fluid,24872,24872,17.1223202,1.0,1.0,1.7099734304787078,1.6880395111367152,-0.17041733806373416,-0.16964798147129087,0.15306911465297604,0.15315519977097652,0.38987355542605423,0.3904713762908628,1.0,1.0,17.084704868814192,17.117553494163708,17.12,0.0023201751999977205,0.020955412,0.020727165,2.2768514156341553,2.2783424854278564,-2.678164005279541,-2.6754133701324463,1.3793306350708008,1.377581238746643,0.019651371985673904,0.01930771768093109,1.9619698524475098,1.9609930515289307,-1.3964940309524536,-1.393237590789795
Fluid,24872,24872,17.1623135,1.0,1.0,1.7144468284393566,1.692421445747453,-0.1702258120115769,-0.16945966318959352,0.15292305300948647,0.1530107480414504,0.39007810477029536,0.390676873551766,1.0,1.0,17.07786755900783,17.110829346890846,17.16,0.0023134612999982096,0.020862792,0.020721704,2.277858257293701,2.2793538570404053,-2.6783061027526855,-2.6755847930908203,1.3757966756820679,1.3740273714065552,0.019569123163819313,0.019242025911808014,1.9632331132888794,1.9622399806976318,-1.3974480628967285,-1.3941404819488525
Fluid,24872,24872,17.2023067,1.0,1.0,1.7189222568050622,1.6967941960092863,-0.17003345934664182,-0.169270526860444,0.15277729168592394,0.15286662668011,0.3902830069767319,0.3908812567431454,1.0,1.0,17.071033164901955,17.104120894236058,17.2,0.0023067474000022514,0.020595003,0.020726748,2.2788631916046143,2.2803618907928467,-2.6784465312957764,-2.67575740814209,1.372222661972046,1.3704333305358887,0.019502749666571617,0.0191914364695549,1.9644967317581177,1.9634838104248047,-1.398396611213684,-1.3950402736663818
Fluid,24872,24872,17.2423,1.0,1.0,1.7233967699317023,1.701167588890252,-0.16984270606785334,-0.16908434768131247,0.1526334299618302,0.1527237737634159,0.3904892369282092,0.3910870002678957,1.0,1.0,17.064205215958086,17.097417218177483,17.24,0.0023000336000009725,0.020595878,0.020554375,2.27986216545105,2.2813639640808105,-2.678586721420288,-2.6759305000305176,1.36860990524292,1.3668029308319092,0.019451666623353958,0.019155768677592278,1.9657610654830933,1.9647289514541626,-1.3993395566940308,-1.3959318399429321
Fluid,24872,24872,17.2822933,1.0,1.0,1.727877095781938,1.705538828876843,-0.1696525099055213,-0.16889839088084477,0.15249033163991527,0.15258057263684896,0.39069468029431337,0.39129155820625244,1.0,1.0,17.05737562519287,17.090721494421462,17.28,0.002293319699997909,0.02071196,0.020348836,2.280857563018799,2.282362222671509,-2.678725481033325,-2.67610502243042,1.3649648427963257,1.3631469011306763,0.019415417686104774,0.019134521484375,1.9670268297195435,1.9659733772277832,-1.4002776145935059,-1.3968178033828735
Fluid,24872,24872,17.3222866,1.0,1.0,1.732352558493608,1.7099086014380307,-0.16946233997160995,-0.16871195612400036,0.1523477331200934,0.15243774171003185,0.39090145599753784,0.39149799738564606,1.0,1.0,17.05055718005528,17.084033022148503,17.32,0.002286605799998398,0.020582184,0.020367933,2.2818491458892822,2.283358335494995,-2.6788628101348877,-2.676280975341797,1.3613038063049316,1.3594881296157837,0.019393522292375565,0.01912717893719673,1.9682954549789429,1.9672203063964844,-1.4012107849121094,-1.3976963758468628
Fluid,24872,24872,17.3622799,1.0,1.0,1.7368266281244265,1.714285712766673,-0.1692712707824901,-0.16852485554939173,0.15220549980116468,0.15229710296857424,0.39110826558564016,0.39170384166562466,1.0,1.0,17.043744658342547,17.077340119615098,17.36,0.0022798920000006717,0.020435844,0.020354996,2.2828383445739746,2.284351110458374,-2.67899751663208,-2.676455020904541,1.3576548099517822,1.3558562994003296,0.019385606050491333,0.01913345977663994,1.969564437866211,1.9684675931930542,-1.4021408557891846,-1.3985713720321655
Fluid,24872,24872,17.4022732,1.0,1.0,1.7412977908783658,1.7186646348245058,-0.16908176769046385,-0.168338509157599,0.15206398652953654,0.15215735687673854,0.39131377430479936,0.39191033945331727,1.0,1.0,17.0369413741036,17.070649376441597,17.4,0.002273178100001161,0.020329988,0.020281324,2.2838215827941895,2.2853400707244873,-2.6791317462921143,-2.676628589630127,1.3540462255477905,1.3522765636444092,0.01939091831445694,0.01915273442864418,1.9708331823349,1.9697153568267822,-1.4030671119689941,-1.399438738822937
Fluid,24872,24872,17.4422665,1.0,1.0,1.7457643761831685,1.7230455853741382,-0.16889169554684572,-0.16815182934781703,0.1519238946604551,0.15201796586503957,0.39151944052782467,0.39211860471906507,1.0,1.0,17.030149406771752,17.063959940141633,17.44,0.0022664641999980972,0.020601638,0.020158833,2.2848024368286133,2.286325454711914,-2.6792638301849365,-2.676805257797241,1.3504987955093384,1.3487638235092163,0.019409529864788055,0.019184818491339684,1.9721026420593262,1.97096586227417,-1.4039889574050903,-1.4002971649169922
Fluid,24872,24872,17.4822598,1.0,1.0,1.7502367055791026,1.7274280643238433,-0.16870243511201716,-0.16796513318215603,0.1517837086230236,0.1518777110102389,0.39172475250274147,0.392325378862907,1.0,1.0,17.02335577457424,17.057272145164553,17.48,0.002259750400000371,0.020378822,0.020116843,2.2857792377471924,2.2873072624206543,-2.6793956756591797,-2.6769814491271973,1.3470200300216675,1.3453185558319092,0.019440654665231705,0.019228817895054817,1.9733730554580688,1.9722148180007935,-1.404906153678894,-1.401151418685913
Fluid,24872,24872,17.522253,1.0,1.0,1.7547195182602504,1.7318149628776516,-0.16851263887844078,-0.16777961885605733,0.1516440294295952,0.15173981113465076,0.3919308917480151,0.3925321675180619,1.0,1.0,17.016553581316934,17.050584373423508,17.52,0.00225303650000086,0.020387316,0.020283513,2.286752939224243,2.2882845401763916,-2.679525852203369,-2.677157163619995,1.3436059951782227,1.3419333696365356,0.01948380284011364,0.019284510985016823,1.9746445417404175,1.9734643697738647,-1.4058188199996948,-1.4019979238510132
Fluid,24872,24872,17.5622463,1.0,1.0,1.7592029444493165,1.7362062260268967,-0.1683236654747434,-0.16759496880679778,0.15150563240127057,0.15160360558308367,0.3921371399682746,0.3927384889850146,1.0,1.0,17.009753436319848,17.043896668227244,17.56,0.002246322600001349,0.020316033,0.020419924,2.2877230644226074,2.289257526397705,-2.6796553134918213,-2.6773338317871094,1.3402467966079712,1.3385982513427734,0.01953841559588909,0.019351007416844368,1.9759138822555542,1.974711298942566,-1.4067268371582031,-1.4028418064117432
Fluid,24872,24872,17.6022396,1.0,1.0,1.7636913434365478,1.7406008053033375,-0.16813470436235467,-0.16741099085360317,0.15136757045144011,0.15146624725007946,0.3923431269683898,0.39294522887261724,1.0,1.0,17.002952250072372,17.037209513851515,17.6,0.0022396088000000702,0.020345217,0.020136155,2.288689613342285,2.290226936340332,-2.6797826290130615,-2.677511692047119,1.3369333744049072,1.3353042602539062,0.019604135304689407,0.019428083673119545,1.9771822690963745,1.975959062576294,-1.4076323509216309,-1.4036790132522583
Fluid,24872,24872,17.6422329,1.0,1.0,1.768184912472071,1.744995264195705,-0.16794592271124284,-0.1672265687020261,0.15123187164951568,0.1513300105611395,0.3925486087327567,0.393151990193926,1.0,1.0,16.99615033982689,17.030528841466527,17.64,0.0022328949000005593,0.020385286,0.020236908,2.2896528244018555,2.291193962097168,-2.6799099445343018,-2.677689552307129,1.3336557149887085,1.3320391178131104,0.019680164754390717,0.019515031948685646,1.9784469604492188,1.97720468044281,-1.4085321426391602,-1.404511570930481
Fluid,24872,24872,17.6822262,1.0,1.0,1.7726830641437255,1.7493882751586718,-0.16775797276273724,-0.16704187719822386,0.15109511936374306,0.1511946838915566,0.3927548562320268,0.39335843682563904,1.0,1.0,16.989348826856236,17.023855496944435,17.68,0.0022261810000010485,0.02024024,0.020221133,2.290611982345581,2.292158365249634,-2.6800363063812256,-2.6778666973114014,1.3303992748260498,1.3287872076034546,0.01976606994867325,0.019611353054642677,1.9797080755233765,1.9784477949142456,-1.4094274044036865,-1.4053406715393066
Fluid,24872,24872,17.7222195,1.0,1.0,1.7771811005242293,1.7537875981096793,-0.16756981076301147,-0.16685795786142157,0.15095812307722237,0.15105888354611496,0.39296071998227383,0.39356491167743446,1.0,1.0,16.98255280702204,17.017180611769767,17.72,0.0022194671999997695,0.020140188,0.0200316,2.2915682792663574,2.2931196689605713,-2.6801624298095703,-2.678044080734253,1.327147126197815,1.3255304098129272,0.019861334934830666,0.019716551527380943,1.980965495109558,1.979688286781311,-1.4103176593780518,-1.4061650037765503
Fluid,24872,24872,17.7622128,1.0,1.0,1.7816823506074382,1.7581876456482146,-0.16738280471201342,-0.1666736534750074,0.150821558888729,0.1509256434886593,0.39316717312450855,0.3937712225158735,1.0,1.0,16.975758543540596,17.010509154542767,17.76,0.002212753299996706,0.020041153,0.020005897,2.292520523071289,2.2940783500671387,-2.6802873611450195,-2.6782214641571045,1.3238807916641235,1.3222492933273315,0.019965264946222305,0.019830068573355675,1.982216715812683,1.9809234142303467,-1.411200761795044,-1.4069864749908447
Fluid,24872,24872,17.802206,1.0,1.0,1.7861896726067008,1.762600176936166,-0.1671958894464126,-0.16648983842706355,0.15068681868726022,0.15079068500999734,0.3933737177622531,0.39397752736136904,1.0,1.0,16.96896246638318,17.00382598250117,17.8,0.0022060394000007477,0.02011435,0.020086605,2.293469190597534,2.295034170150757,-2.6804120540618896,-2.6783981323242188,1.3205794095993042,1.3189226388931274,0.020077433437108994,0.019951116293668747,1.983461856842041,1.9821527004241943,-1.4120795726776123,-1.4078035354614258
Fluid,24872,24872,17.8421993,1.0,1.0,1.7907045337245768,1.7670270024518657,-0.16700848725959286,-0.16630645032376812,0.15055091988014332,0.15065696398194683,0.39358096068003656,0.39418459740127276,1.0,1.0,16.96216173258653,16.997129124071332,17.84,0.0021993255999994687,0.01999574,0.019967465,2.2944154739379883,2.2959866523742676,-2.680534839630127,-2.678574323654175,1.3172227144241333,1.315532922744751,0.020197352394461632,0.020079128444194794,1.9847019910812378,1.9833770990371704,-1.4129506349563599,-1.4086138010025024
Fluid,24872,24872,17.8821926,1.0,1.0,1.7952275682224397,1.7714567819066616,-0.16682190904241018,-0.1661224713043052,0.15042021348410436,0.15052505140087963,0.3937871420907249,0.39439155701596806,1.0,1.0,16.955354994767422,16.990432364758895,17.88,0.002192611699999958,0.020031596,0.019732071,2.2953579425811768,2.2969369888305664,-2.680659055709839,-2.6787497997283936,1.3137978315353394,1.3120726346969604,0.02032419480383396,0.020213870331645012,1.9859321117401123,1.984594702720642,-1.4138168096542358,-1.4094207286834717
Fluid,24872,24872,17.9221859,1.0,1.0,1.799748126317918,1.7758899609762397,-0.16663556682604497,-0.165939921538943,0.15028511498435845,0.1503908734762039,0.39399343742947396,0.3945975911151121,1.0,1.0,16.9485548288349,16.983735783685248,17.92,0.0021858977999968943,0.019828634,0.01980408,2.2962968349456787,2.297882318496704,-2.680781602859497,-2.678926944732666,1.3103022575378418,1.3085435628890991,0.02035386487841606,0.02017899975180626,1.987155556678772,1.9858055114746094,-1.414673924446106,-1.410223364830017
Fluid,24872,24872,17.9621792,1.0,1.0,1.8042671244667092,1.7803220939580537,-0.16644948436141338,-0.1657585183412269,0.150151951407538,0.15025980391573482,0.3941994741613164,0.3948040555132469,1.0,1.0,16.94176222745841,16.977045820548472,17.96,0.002179183999999168,0.019801082,0.019850483,2.2972323894500732,2.298823595046997,-2.6809043884277344,-2.6791019439697266,1.30674147605896,1.304953932762146,0.020310301333665848,0.020128604024648666,1.9883701801300049,1.987007975578308,-1.415522813796997,-1.411021113395691
Fluid,24872,24872,18.0021725,1.0,1.0,1.8087881605064995,1.7847468901169206,-0.16626369078698214,-0.16557702413894793,0.15001927390434003,0.15012816418177694,0.39440600972750284,0.39500941906903614,1.0,1.0,16.934971895314522,16.970370143872437,18.0,0.002172470099999657,0.019893015,0.019788325,2.2981646060943604,2.299762010574341,-2.6810269355773926,-2.6792783737182617,1.3031258583068848,1.3013166189193726,0.02027277462184429,0.020085478201508522,1.989576816558838,1.9882025718688965,-1.4163627624511719,-1.4118139743804932
Fluid,24872,24872,18.0421658,1.0,1.0,1.81330910950379,1.7891666788021143,-0.16607802990433737,-0.16539495064612877,0.14988825661296504,0.14999792517749092,0.39461188671231034,0.3952151729123914,1.0,1.0,16.928186652360527,16.96370536710105,18.04,0.0021657562000001462,0.01986619,0.019857278,2.2990925312042236,2.30069637298584,-2.681149959564209,-2.679452657699585,1.2994704246520996,1.2976473569869995,0.02024143561720848,0.020049558952450752,1.9907746315002441,1.9893897771835327,-1.4171949625015259,-1.4125994443893433
Fluid,24872,24872,18.082159,1.0,1.0,1.8178327443117435,1.793585864157725,-0.1658932586650732,-0.16521367840971157,0.14975749052346266,0.14986712124211257,0.39481796058596963,0.39542050196727196,1.0,1.0,16.921403223695997,16.957046802747897,18.08,0.00215904240000242,0.019834632,0.01966884,2.300015449523926,2.301626682281494,-2.6812734603881836,-2.6796271800994873,1.2957909107208252,1.2939631938934326,0.02021630108356476,0.02002105675637722,1.9919646978378296,1.9905697107315063,-1.4180163145065308,-1.4133784770965576
Fluid,24872,24872,18.1221523,1.0,1.0,1.8223574757516607,1.798009977044354,-0.16570940008763288,-0.16503202392534036,0.14962850050130802,0.14973754781309123,0.39502482621827484,0.3956253111811157,1.0,1.0,16.914623141978936,16.950386861391333,18.12,0.0021523284999993564,0.019751444,0.019672528,2.300933837890625,2.30255389213562,-2.6813979148864746,-2.6798019409179688,1.2921077013015747,1.2902857065200806,0.020197639241814613,0.019999759271740913,1.9931479692459106,1.9917404651641846,-1.4188288450241089,-1.4141504764556885
Fluid,24872,24872,18.1621456,1.0,1.0,1.8268837083325187,1.8024328805501897,-0.1655258337063222,-0.1648508452940383,0.1494986543241809,0.1496079852224899,0.3952311281494884,0.3958292157486692,1.0,1.0,16.907845699507234,16.943733589351655,18.16,0.0021456145999998455,0.019613096,0.019770661,2.301847457885742,2.303476095199585,-2.6815223693847656,-2.6799750328063965,1.288440227508545,1.2866315841674805,0.020185358822345734,0.019985703751444817,1.9943232536315918,1.992903709411621,-1.419633388519287,-1.4149143695831299
Fluid,24872,24872,18.2021389,1.0,1.0,1.831409545039687,1.8068533749317826,-0.16534363631959145,-0.16466999312947342,0.14936858301165393,0.14948080248780843,0.3954369997278069,0.3960346313919555,1.0,1.0,16.901072845998858,16.937087462795013,18.2,0.0021389008000021192,0.019657956,0.019668762,2.3027546405792236,2.3043930530548096,-2.681647539138794,-2.680255889892578,1.2848025560379028,1.2830114364624023,0.020179802551865578,0.019979212433099747,1.9954907894134521,1.994059681892395,-1.4204292297363281,-1.41567063331604
Fluid,24872,24872,18.2421322,1.0,1.0,1.8359283887532354,1.8112712537590812,-0.16516214494500991,-0.16449059017020218,0.1492402209323223,0.1493515519847798,0.39564215109764445,0.39624010127616244,1.0,1.0,16.89431267349848,16.930449021096475,18.24,0.0021321869000026084,0.019537989,0.019531995,2.303657293319702,2.305304527282715,-2.6817739009857178,-2.680582284927368,1.281201958656311,1.2794299125671387,0.0201809573918581,0.01998014934360981,1.9966511726379395,1.995211124420166,-1.4212169647216797,-1.4164161682128906
Fluid,24872,24872,18.2821255,1.0,1.0,1.8404460100238897,1.8156916064894166,-0.16498014082705353,-0.1643104329272238,0.14911195041616884,0.14922540559509487,0.3958483575375182,0.3964452460186376,1.0,1.0,16.887558747810274,16.923813163428953,18.28,0.0021254729999995448,0.01957915,0.019315371,2.304555654525757,2.3062117099761963,-2.6818995475769043,-2.6808981895446777,1.2776398658752441,1.2758864164352417,0.020188402384519577,0.019988572224974632,1.997807502746582,1.9963538646697998,-1.4219931364059448,-1.4171557426452637
Fluid,24872,24872,18.3221188,1.0,1.0,1.844968802264416,1.8201202200156694,-0.16479718927524487,-0.16413176086814082,0.14898546318863284,0.1490982262303543,0.3960538349675305,0.39664999308615223,1.0,1.0,16.880802370682144,16.91717127687335,18.32,0.002118759199998266,0.019543938,0.01934726,2.3054490089416504,2.3071131706237793,-2.6820240020751953,-2.6812045574188232,1.2741130590438843,1.272374153137207,0.020202042534947395,0.020004360005259514,1.9989560842514038,1.9974912405014038,-1.4227616786956787,-1.4178874492645264
Fluid,24872,24872,18.362112,1.0,1.0,1.8494983125998785,1.8245456985325526,-0.16461605299618043,-0.16395202413855003,0.14885926323479426,0.14897323425364345,0.3962605128855536,0.39685536727533816,1.0,1.0,16.874042437252182,16.91053822593468,18.36,0.0021120453000023076,0.019468095,0.019493295,2.306337594985962,2.308009386062622,-2.6821508407592773,-2.6815009117126465,1.2706130743026733,1.2688848972320557,0.020222023129463196,0.020027009770274162,2.0001003742218018,1.9986687898635864,-1.4235202074050903,-1.4186086654663086
Fluid,24872,24872,18.4021053,1.0,1.0,1.8540251059045458,1.8289755614571483,-0.16443472453907532,-0.1637731447488011,0.14873356212970876,0.14884717075166767,0.39646791720838054,0.3970607890361327,1.0,1.0,16.867292184045976,16.903904465951886,18.4,0.0021053314000027967,0.019319857,0.0193279,2.307219982147217,2.308898448944092,-2.6822779178619385,-2.6817867755889893,1.2671327590942383,1.26541268825531,0.020248280838131905,0.020056532695889473,2.0012404918670654,1.9998689889907837,-1.4242687225341797,-1.4193217754364014
Fluid,24872,24872,18.4420986,1.0,1.0,1.8585561959932768,1.8334114334363554,-0.16425246442023156,-0.1635937490758503,0.14860727302749555,0.14872326200144068,0.3966738411260965,0.3972671452036291,1.0,1.0,16.860542745711374,16.89726785938239,18.44,0.002098617599997965,0.019505458,0.019284975,2.3080976009368896,2.309781789779663,-2.682443380355835,-2.6820626258850098,1.263667345046997,1.2619540691375732,0.020280031487345695,0.020092621445655823,2.0023744106292725,2.001058578491211,-1.4250104427337646,-1.4200252294540405
Fluid,24872,24872,18.4820919,1.0,1.0,1.8630945878682175,1.8378425994180627,-0.1640709222276005,-0.1634159462966546,0.14848250936695526,0.14859674403808792,0.39688008226003574,0.39747205794449675,1.0,1.0,16.853788512816724,16.890642014087376,18.48,0.002091903699998454,0.019335894,0.019410042,2.3089685440063477,2.3106589317321777,-2.6826958656311035,-2.68233060836792,1.260215163230896,1.2585089206695557,0.020317649468779564,0.020135151222348213,2.0035059452056885,2.0022356510162354,-1.4257415533065796,-1.420721411705017
Fluid,24872,24872,18.5220852,1.0,1.0,1.867632942934234,1.8422711735564086,-0.16389127418852087,-0.1632375518890175,0.14835739923943939,0.14847334427122494,0.39708630616608637,0.3976770519256118,1.0,1.0,16.847039801662625,16.884024106256064,18.52,0.0020851897999989433,0.019331291,0.019386977,2.3098318576812744,2.3115313053131104,-2.68294095993042,-2.6825878620147705,1.2567776441574097,1.255079746246338,0.020361153408885002,0.020183676853775978,2.0046334266662598,2.003401279449463,-1.426464319229126,-1.4214073419570923
Fluid,24872,24872,18.5620785,1.0,1.0,1.8721709805166207,1.8467056760329996,-0.163710679521912,-0.1630605154437832,0.1482323091057027,0.1483498850280773,0.39729103395678517,0.39788190091401054,1.0,1.0,16.840295057773744,16.877402675328206,18.56,0.002078476000001217,0.019216064,0.019268839,2.31069016456604,2.3123958110809326,-2.683176040649414,-2.6828362941741943,1.2533570528030396,1.2516683340072632,0.02040984109044075,0.020238064229488373,2.005755662918091,2.004554271697998,-1.4271806478500366,-1.4220839738845825
Fluid,24872,24872,18.6020718,1.0,1.0,1.8767149920195698,1.851140663504203,-0.16353122524281466,-0.16288389457079597,0.14810141946520716,0.14822682112245078,0.39749773113229797,0.3980883850492448,1.0,1.0,16.833547265324878,16.87078484115435,18.6,0.0020717620999981534,0.017906351,0.019279841,2.31154203414917,2.3132545948028564,-2.6834025382995605,-2.683075428009033,1.2499550580978394,1.2482752799987793,0.02046377956867218,0.020298179239034653,2.006875514984131,2.0056979656219482,-1.4278863668441772,-1.4227519035339355
Fluid,24872,24872,18.642065,1.0,1.0,1.8812561187456438,1.855565095197897,-0.16335260836313856,-0.1627079761235029,0.14797678379629234,0.14810383296818808,0.39770252894274644,0.3982923030343238,1.0,1.0,16.82680778474277,16.864185951575852,18.64,0.0020650481999986425,0.017855661,0.019271385,2.3123879432678223,2.3141086101531982,-2.6836206912994385,-2.6833059787750244,1.24657142162323,1.244900107383728,0.0205227117985487,0.02036364935338497,2.0079946517944336,2.0068280696868896,-1.4285831451416016,-1.423412799835205
Fluid,24872,24872,18.6820583,1.0,1.0,1.8857868733557468,1.8599895280389587,-0.1631737174636438,-0.16253319717370954,0.14785531956150388,0.14797990154981225,0.3979076273411459,0.39849667039964265,1.0,1.0,16.820085775971066,16.857592804096797,18.68,0.0020583344000009163,0.01773761,0.019261526,2.3132293224334717,2.3149573802948,-2.683830499649048,-2.683528184890747,1.2432048320770264,1.241539716720581,0.020586753264069557,0.020434454083442688,2.009110689163208,2.0079493522644043,-1.4292737245559692,-1.4240645170211792
Fluid,24872,24872,18.7220516,1.0,1.0,1.890320064820552,1.8644159704995389,-0.16299598610380642,-0.16235826669777634,0.1477322036874636,0.14786060597265577,0.39811268911415565,0.3987024288292429,1.0,1.0,16.813365756449265,16.85100224768475,18.72,0.0020516205000014054,0.017787594,0.019171663,2.3140666484832764,2.3158037662506104,-2.684033155441284,-2.683741569519043,1.2398496866226196,1.2381869554519653,0.020655618980526924,0.020510267466306686,2.0102267265319824,2.009061813354492,-1.4299564361572266,-1.4247080087661743
Fluid,24872,24872,18.7620449,1.0,1.0,1.8948499947728124,1.8688366817350885,-0.16281775156856507,-0.16218263479097758,0.14761236737457986,0.1477326450005369,0.39831876195867033,0.39890929480735143,1.0,1.0,16.806653532156727,16.844424864167607,18.76,0.002044906599998342,0.017767595,0.017780406,2.314899444580078,2.316648483276367,-2.684227228164673,-2.6839444637298584,1.2364978790283203,1.234832525253296,0.02067342773079872,0.02059076726436615,2.0113444328308105,2.010164737701416,-1.4306291341781616,-1.425341010093689
Fluid,24872,24872,18.8020382,1.0,1.0,1.8993730504479287,1.8732538154007656,-0.1626406844717831,-0.16200773323650083,0.14749054069579579,0.14761077216099955,0.39852269263826484,0.39911503436589973,1.0,1.0,16.799953804019182,16.83785729866083,18.8,0.002038192699998831,0.017663201,0.017597161,2.3157284259796143,2.3174917697906494,-2.6844143867492676,-2.68414044380188,1.2331387996673584,1.2314649820327759,0.020651713013648987,0.02064754068851471,2.012460708618164,2.011261224746704,-1.431298017501831,-1.4259694814682007
Fluid,24872,24872,18.8420315,1.0,1.0,1.9038912025640564,1.877672963491511,-0.16246249341592328,-0.16183350897358847,0.14736997389507797,0.14749995551486048,0.39872706772737565,0.399319296309209,1.0,1.0,16.793263821902478,16.831292614671494,18.84,0.0020314789000011046,0.017613214,0.0174259,2.3165571689605713,2.318333864212036,-2.6845943927764893,-2.6843268871307373,1.2297602891921997,1.228071928024292,0.02063239924609661,0.02063901163637638,2.013577938079834,2.012348175048828,-1.4319584369659424,-1.4265918731689453
Fluid,24872,24872,18.8820248,1.0,1.0,1.9084089122798489,1.8820881482871172,-0.16228489006145352,-0.1616596020149677,0.14725032060123422,0.1473848729604965,0.398930434094697,0.3995244706840413,1.0,1.0,16.78657765130055,16.824738485478022,18.88,0.0020247650000015938,0.017666796,0.017299952,2.317384719848633,2.3191745281219482,-2.684767246246338,-2.6845076084136963,1.2263503074645996,1.2246428728103638,0.020615430548787117,0.02063940279185772,2.0146985054016113,2.01343035697937,-1.4326128959655762,-1.4272067546844482
Fluid,24872,24872,18.9220181,1.0,1.0,1.9129245892255249,1.8864978669084203,-0.16210733104437133,-0.16148622859788625,0.14713911790975592,0.1472592246693991,0.39913570883740834,0.39972864499037575,1.0,1.0,16.77989829161728,16.81819605041294,18.92,0.00201805109999853,0.0174012,0.019505404,2.318211078643799,2.320016622543335,-2.6849331855773926,-2.684680461883545,1.2229011058807373,1.22117280960083,0.020600799471139908,0.020648494362831116,2.0158212184906006,2.0145063400268555,-1.4332585334777832,-1.427817702293396
Fluid,24872,24872,18.9620113,1.0,1.0,1.9174455067936305,1.890902640937191,-0.1619316367058263,-0.16131294342657687,0.14702525280158993,0.14714120749071727,0.3993397583390284,0.3999348433074673,1.0,1.0,16.77321819808177,16.811663820165343,18.96,0.002011337300000804,0.017173974,0.018961107,2.3190362453460693,2.3208560943603516,-2.6850948333740234,-2.6848442554473877,1.2194105386734009,1.2176629304885864,0.020588386803865433,0.020665830001235008,2.0169458389282227,2.0155742168426514,-1.4338997602462769,-1.4284193515777588
Fluid,24872,24872,19.0020046,1.0,1.0,1.9219692119228453,1.8953059854882506,-0.16175588544774333,-0.16113900830392006,0.1469048104447697,0.14701451573363034,0.39954329323639315,0.4001403443291273,1.0,1.0,16.76653981091854,16.805138846136206,19.0,0.002004623400001293,0.019168787,0.017472016,2.31986141204834,2.3216962814331055,-2.685250759124756,-2.684999942779541,1.2158828973770142,1.2141199111938477,0.020578285679221153,0.020691094920039177,2.018073320388794,2.016634941101074,-1.4345356225967407,-1.4290142059326172
Fluid,24872,24872,19.0419979,1.0,1.0,1.926487690216069,1.8997114830075876,-0.1615795331503611,-0.1609662657954955,0.14678761248950703,0.14691178130684496,0.3997463985273634,0.4003457387119034,1.0,1.0,16.75987393586112,16.798616641125292,19.04,0.001997909500001782,0.019189494,0.017001582,2.3206868171691895,2.322535753250122,-2.6854000091552734,-2.685149669647217,1.2123275995254517,1.210555911064148,0.020570404827594757,0.020724039524793625,2.0192015171051025,2.017690658569336,-1.4351680278778076,-1.4296064376831055
Fluid,24872,24872,19.0819912,1.0,1.0,1.931002336334441,1.9041146695717448,-0.1614036508785957,-0.16079382419540275,0.146668086575219,0.14679263954874022,0.399949115025685,0.4005498790082222,1.0,1.0,16.75321844512529,16.792102996541512,19.08,0.001991195700000503,0.019090574,0.016976556,2.3215126991271973,2.323376417160034,-2.6855435371398926,-2.685293674468994,1.2087583541870117,1.2069841623306274,0.02056470513343811,0.02072349563241005,2.0203323364257812,2.0187432765960693,-1.4357948303222656,-1.4301929473876953
Fluid,24872,24872,19.1219845,1.0,1.0,1.9355127733069815,1.9085044670615707,-0.16122894719037648,-0.16062093172911263,0.14655038416484503,0.14665083638491241,0.4001528532215394,0.40075427922243745,1.0,1.0,16.746572754953636,16.785609513549954,19.12,0.0019844817999974396,0.019060219,0.017396785,2.322338104248047,2.3242177963256836,-2.685683012008667,-2.685431480407715,1.2051873207092285,1.2034170627593994,0.020561113953590393,0.020714331418275833,2.021467685699463,2.019794225692749,-1.4364163875579834,-1.4307736158370972
Fluid,24872,24872,19.1619778,1.0,1.0,1.9400272075214198,1.9128899624246873,-0.1610546121777332,-0.16044990395453082,0.14642187936774292,0.14653991046286735,0.40035514798967226,0.40095865465556724,1.0,1.0,16.739927534928235,16.77912645544719,19.16,0.0019777679000014814,0.017124439,0.01708396,2.323164939880371,2.3250575065612793,-2.6858181953430176,-2.685563802719116,1.201628565788269,1.1998703479766846,0.020559493452310562,0.020707082003355026,2.0226058959960938,2.020836114883423,-1.437038540840149,-1.431352972984314
Fluid,24872,24872,19.2019711,1.0,1.0,1.9445415515017679,1.9172769647151846,-0.16088155850374417,-0.16028055967119018,0.14630265840281,0.14642314996186018,0.40055828704506835,0.4011615299205198,1.0,1.0,16.73328710035635,16.772647561329897,19.2,0.0019710541000002024,0.017070003,0.017134532,2.3239901065826416,2.325894594192505,-2.685950756072998,-2.6856918334960938,1.1980966329574585,1.1963555812835693,0.020559977740049362,0.02070157788693905,2.023747205734253,2.0218935012817383,-1.4376561641693115,-1.4319288730621338
Fluid,24872,24872,19.2419643,1.0,1.0,1.9490529112514912,1.9216630211301804,-0.1607082859695562,-0.1601111178173375,0.1461863315605968,0.14630621810049482,0.4007609851857271,0.4013642741859206,1.0,1.0,16.72665526114234,16.766175340689735,19.24,0.0019643402000006915,0.01710378,0.017032912,2.3248164653778076,2.3267319202423096,-2.6860783100128174,-2.685814619064331,1.1946005821228027,1.1928786039352417,0.020562496036291122,0.020697753876447678,2.024890661239624,2.0230162143707275,-1.438271403312683,-1.4324983358383179
Fluid,24872,24872,19.2819576,1.0,1.0,1.9535519670485448,1.9260558745854508,-0.16053607901285027,-0.15994262123182118,0.14607113791703363,0.1461892708200343,0.40096378685347267,0.4015664428431392,1.0,1.0,16.72004334926222,16.75969899492503,19.28,0.001957626299997628,0.017110346,0.01701075,2.3256425857543945,2.327569007873535,-2.686201572418213,-2.68593168258667,1.1911427974700928,1.1894384622573853,0.020567022264003754,0.020695548504590988,2.0260369777679443,2.0241425037384033,-1.4388834238052368,-1.4330638647079468
Fluid,24872,24872,19.3219509,1.0,1.0,1.958043839180048,1.930449650748897,-0.16036483721111447,-0.15977360116728148,0.14595500573172301,0.1460748390029054,0.4011674330084345,0.4017702038042728,1.0,1.0,16.713443838234845,16.75322598117308,19.32,0.0019509124999999017,0.01701359,0.017024795,2.3264687061309814,2.32840633392334,-2.686321258544922,-2.6860437393188477,1.1877186298370361,1.1860278844833374,0.020573493093252182,0.02069486677646637,2.0271854400634766,2.025273323059082,-1.4394935369491577,-1.4336211681365967
Fluid,24872,24872,19.3619442,1.0,1.0,1.9625416724705975,1.9348440507858928,-0.16019269731732294,-0.15960561469070036,0.14584035633596773,0.1459597309522005,0.4013706572104802,0.40197303264541207,1.0,1.0,16.706842420568186,16.746756598434864,19.36,0.0019441986000003908,0.016910914,0.017055767,2.3272955417633057,2.329242706298828,-2.686436176300049,-2.686152458190918,1.1843183040618896,1.182634949684143,0.02058185636997223,0.020695660263299942,2.0283353328704834,2.026404857635498,-1.4401012659072876,-1.4341779947280884
Fluid,24872,24872,19.4019375,1.0,1.0,1.9670373084088235,1.939236380712234,-0.1600206323930445,-0.1594369076956577,0.14572468424565196,0.1458457880006398,0.4015721295851094,0.4021759967802935,1.0,1.0,16.700248290024682,16.74029390019748,19.4,0.00193748470000088,0.016988182,0.016907342,2.3281235694885254,2.330080270767212,-2.68654727935791,-2.6862552165985107,1.1809284687042236,1.1792457103729248,0.020592104643583298,0.020697884261608124,2.0294854640960693,2.0275378227233887,-1.4407073259353638,-1.4347312450408936
Fluid,24872,24872,19.4419308,1.0,1.0,1.9715318301823284,1.9436331305928312,-0.15984963434377175,-0.15926936742099895,0.14560922563205428,0.14573122256118823,0.4017749523929972,0.4023792091756117,1.0,1.0,16.693659550816193,16.733830978399535,19.44,0.001930770899999601,0.016893415,0.01693029,2.328951597213745,2.330918312072754,-2.6866555213928223,-2.6863553524017334,1.1775360107421875,1.1758480072021484,0.020604189485311508,0.02070147730410099,2.0306382179260254,2.0286741256713867,-1.4413118362426758,-1.4352796077728271
Fluid,24872,24872,19.4819241,1.0,1.0,1.9760316656160093,1.9480255390119485,-0.15967846051518209,-0.15910121846248784,0.14549725516913437,0.14561839501863844,0.4019771242376826,0.4025825562755636,1.0,1.0,16.687070038261886,16.727377444093502,19.48,0.00192405700000009,0.016864838,0.01691666,2.329780340194702,2.3317575454711914,-2.6867599487304688,-2.6864514350891113,1.174131155014038,1.1724354028701782,0.020618101581931114,0.020706431940197945,2.0317909717559814,2.0298118591308594,-1.4419156312942505,-1.435823678970337
Fluid,24872,24872,19.5219173,1.0,1.0,1.9805342748448167,1.952413624815486,-0.15950686844970313,-0.15893387868341502,0.14538493362134375,0.1455049758002518,0.4021788588049518,0.40278631746581567,1.0,1.0,16.68048249331269,16.720934542477725,19.52,0.0019173431000005792,0.016853034,0.016858738,2.3306100368499756,2.332597494125366,-2.6868605613708496,-2.6865437030792236,1.1707098484039307,1.1690056324005127,0.02063378319144249,0.020712662488222122,2.032944440841675,2.030951738357544,-1.4425179958343506,-1.4363656044006348
Fluid,24872,24872,19.5619106,1.0,1.0,1.985034843252546,1.9568088485879693,-0.15933641115655647,-0.15876691125077572,0.14527201791176791,0.14539114307142176,0.4023813601565223,0.4029897110294124,1.0,1.0,16.673902627546788,16.714487677737807,19.56,0.001910629300002853,0.016931893,0.016997207,2.3314406871795654,2.3334383964538574,-2.6869590282440186,-2.686633586883545,1.1672712564468384,1.165558934211731,0.020651191473007202,0.020720217376947403,2.0340991020202637,2.032092571258545,-1.4431184530258179,-1.4369052648544312
Fluid,24872,24872,19.6019039,1.0,1.0,1.989532039920476,1.961203631555459,-0.15916722219381904,-0.15859981642410598,0.14516010909145366,0.14527990993095252,0.40258339378441943,0.4031933335507609,1.0,1.0,16.667331963365353,16.70804673398795,19.6,0.0019039153999997893,0.01679181,0.016754422,2.332270860671997,2.3342812061309814,-2.6870555877685547,-2.6867198944091797,1.163817048072815,1.1620969772338867,0.020670317113399506,0.02072901464998722,2.0352542400360107,2.0332345962524414,-1.4437180757522583,-1.4374407529830933
Fluid,24872,24872,19.6418972,1.0,1.0,1.994021118070027,1.9655986551142266,-0.15899831372538506,-0.15843364385460532,0.14504684549732383,0.14516733667893222,0.40278501870724825,0.4033962230224967,1.0,1.0,16.660775603378422,16.70161022949004,19.64,0.0018972015000002784,0.016867356,0.016822256,2.3331024646759033,2.3351244926452637,-2.6871488094329834,-2.6868045330047607,1.160347580909729,1.1586196422576904,0.020691046491265297,0.02073906920850277,2.036409378051758,2.034377098083496,-1.444319725036621,-1.4379754066467285
Fluid,24872,24872,19.6818905,1.0,1.0,1.9985066314889997,1.9699946030226783,-0.1588287709544262,-0.158267717587185,0.1449366295549943,0.14505553292492498,0.40298678200494364,0.40359867443882497,1.0,1.0,16.654228407955507,16.695178389760144,19.68,0.0018904876999989995,0.016700212,0.01678576,2.3339364528656006,2.335970401763916,-2.6872384548187256,-2.6868863105773926,1.156861424446106,1.155124306678772,0.02071330137550831,0.0207145344465971,2.037565231323242,2.035519599914551,-1.4449183940887451,-1.438508152961731
Fluid,24872,24872,19.7218838,1.0,1.0,2.0029846049496562,1.974391714381161,-0.15865966070448081,-0.1581020590417915,0.1448256804867824,0.14494471644526472,0.40318765709809196,0.4038009118517859,1.0,1.0,16.647695769677785,16.688750397376825,19.72,0.0018837737999994886,0.016608417,0.0167045,2.3347723484039307,2.3368170261383057,-2.6873269081115723,-2.6869659423828125,1.1533576250076294,1.1516132354736328,0.020736997947096825,0.020681696012616158,2.0387203693389893,2.0366644859313965,-1.44551682472229,-1.4390383958816528
Fluid,24872,24872,19.7618771,1.0,1.0,2.0074625041670453,1.9787862356540928,-0.15849125106995543,-0.15793593981770354,0.14471419385627474,0.14483277640310252,0.40338953440900793,0.40400226356922325,1.0,1.0,16.64116922945944,16.682331818137072,19.76,0.0018770598999999777,0.016832683,0.016868038,2.3356103897094727,2.3376665115356445,-2.687412977218628,-2.6870429515838623,1.1498411893844604,1.148093342781067,0.02076209895312786,0.020652977749705315,2.039876699447632,2.0378081798553467,-1.4461135864257812,-1.439569115638733
Fluid,24872,24872,19.8018703,1.0,1.0,2.0119375122473144,1.9831823642910358,-0.15832238606366206,-0.15777068748999487,0.14460300211734764,0.14472378031600802,0.40359093319000033,0.4042052710961849,1.0,1.0,16.63465237515883,16.675916592209774,19.8,0.0018703460999986987,0.016619135,0.016710604,2.3364508152008057,2.3385167121887207,-2.6874961853027344,-2.6871187686920166,1.1463204622268677,1.1445741653442383,0.02078857272863388,0.02062835916876793,2.041031837463379,2.038954734802246,-1.4467092752456665,-1.4400943517684937
Fluid,24872,24872,19.8418636,1.0,1.0,2.0164195638524234,1.9875906348456482,-0.15815450299475278,-0.1576049911692816,0.14449449308604798,0.14461376766620898,0.4037917522378747,0.40440740846579526,1.0,1.0,16.628133571734573,16.66949115069053,19.84,0.0018636321999991878,0.016640123,0.01661105,2.3372929096221924,2.3393688201904297,-2.68757963180542,-2.6872026920318604,1.1428050994873047,1.1410651206970215,0.020816275849938393,0.020594703033566475,2.042184591293335,2.0400991439819336,-1.4473069906234741,-1.4406198263168335
Fluid,24872,24872,19.8818569,1.0,1.0,2.0209101072635702,1.9919991486194006,-0.15798708055617472,-0.15743928446241964,0.14438399760533052,0.14450284956477225,0.40399243386241085,0.40460984870751726,1.0,1.0,16.621610029117974,16.663070122004704,19.88,0.001856918299999677,0.016625693,0.016563525,2.3381378650665283,2.3402230739593506,-2.687661647796631,-2.687366008758545,1.1393036842346191,1.1375732421875,0.02084519900381565,0.020416848361492157,2.0433363914489746,2.041243553161621,-1.447904109954834,-1.4411450624465942
Fluid,24872,24872,19.9218502,1.0,1.0,2.0253994788169485,1.9964046247405596,-0.15782015473639394,-0.1572747059309664,0.1442751381141857,0.14439384108807696,0.40419385039518557,0.40481214840255486,1.0,1.0,16.61509304669326,16.656658166127407,19.92,0.001850204499998398,0.016644444,0.016649785,2.3389832973480225,2.3410775661468506,-2.68774151802063,-2.6875290870666504,1.1358212232589722,1.134100079536438,0.02073141559958458,0.02024085260927677,2.0444867610931396,2.0423879623413086,-1.4485000371932983,-1.441668152809143
Fluid,24872,24872,19.9618435,1.0,1.0,2.029888274794617,2.0008085094467387,-0.15765258997064072,-0.1571095170404099,0.14416651587477078,0.14428554346265818,0.40439569480836085,0.40501414623480964,1.0,1.0,16.608582851356847,16.650253705922413,19.96,0.001843490599998887,0.016626365,0.016703397,2.339832305908203,2.3419344425201416,-2.6878199577331543,-2.687689781188965,1.1323543787002563,1.1306380033493042,0.02055235207080841,0.02006726711988449,2.0456345081329346,2.0435287952423096,-1.4490959644317627,-1.4421920776367188
Fluid,24872,24872,20.0018368,1.0,1.0,2.0343796402555907,2.005209342753497,-0.15748482589934537,-0.15694503513325145,0.14405872751766952,0.14417805352824,0.40459666013059864,0.40521588075980497,1.0,1.0,16.602075598446184,16.643858210436207,20.0,0.0018367766999993762,0.016525226,0.016609004,2.3406825065612793,2.3427915573120117,-2.6878976821899414,-2.687849760055542,1.1288936138153076,1.1271770000457764,0.020378408953547478,0.019896037876605988,2.0467793941497803,2.044668436050415,-1.449691891670227,-1.442713975906372
