body,n_cpp,n_taichi,t,com_x_cpp,com_x_taichi,com_y_cpp,com_y_taichi,com_z_cpp,com_z_taichi,nu_finite_fraction_cpp,nu_finite_fraction_taichi,nu_mean_cpp,nu_mean_taichi,strainRateNorm_finite_fraction_cpp,strainRateNorm_finite_fraction_taichi,strainRateNorm_mean_cpp,strainRateNorm_mean_taichi,t_taichi,time_error,v_mean_cpp,v_mean_taichi,x_max_cpp,x_max_taichi,x_min_cpp,x_min_taichi,y_max_cpp,y_max_taichi,y_min_cpp,y_min_taichi,z_max_cpp,z_max_taichi,z_min_cpp,z_min_taichi
Cross,51564,51564,0.0,0.939982368089906,0.939982368089906,5.447934698905025,5.447934698905025,-0.18233457792713023,-0.18233457792713023,1.0,1.0,0.0,9.999005317687988,1.0,1.0,0.0,0.0,0.0,0.0,0.0,0.0,2.9000000953674316,2.9000000953674316,-0.9000000357627869,-0.9000000357627869,6.849999904632568,6.849999904632568,3.200000047683716,3.200000047683716,2.25,2.25,-2.25,-2.25
Casson,51564,51564,0.0,-4.060017628144852,-4.060017628144852,5.447934698905025,5.447934698905025,-0.18233457792713023,-0.18233457792713023,1.0,1.0,0.0,10006325.0,1.0,1.0,0.0,0.0,0.0,0.0,0.0,0.0,-2.0999999046325684,-2.0999999046325684,-5.900000095367432,-5.900000095367432,6.849999904632568,6.849999904632568,3.200000047683716,3.200000047683716,2.25,2.25,-2.25,-2.25
Carreau,51564,51564,0.0,-9.060017643828582,-9.060017643828582,5.447934698905025,5.447934698905025,-0.18233457792713023,-0.18233457792713023,1.0,1.0,0.0,9.999937057495117,1.0,1.0,0.0,0.0,0.0,0.0,0.0,0.0,-7.099999904632568,-7.099999904632568,-10.899999618530273,-10.899999618530273,6.849999904632568,6.849999904632568,3.200000047683716,3.200000047683716,2.25,2.25,-2.25,-2.25
Cross,51564,51564,0.041,0.939982368089906,0.939982368089906,5.43870360835937,5.439694466384478,-0.18233457792713023,-0.18233457792713023,1.0,1.0,10.0,9.999005317687988,1.0,1.0,0.0,0.0,0.04,0.0009999936818999994,0.40221003,0.3924,2.9000000953674316,2.9000000953674316,-0.9000000357627869,-0.9000000357627869,6.840768814086914,6.84175968170166,3.1907689571380615,3.1917595863342285,2.25,2.25,-2.25,-2.25
Casson,51564,51564,0.041,-4.060017628144852,-4.060017628144852,5.43870360835937,5.439694466384478,-0.18233457792713023,-0.18233457792713023,0.0,1.0,inf,10006325.0,1.0,1.0,0.0,0.0,0.04,0.0009999936818999994,0.40221003,0.3924,-2.0999999046325684,-2.0999999046325684,-5.900000095367432,-5.900000095367432,6.840768814086914,6.84175968170166,3.1907689571380615,3.1917595863342285,2.25,2.25,-2.25,-2.25
Carreau,51564,51564,0.041,-9.060017643828582,-9.060017643828582,5.43870360835937,5.439694466384478,-0.18233457792713023,-0.18233457792713023,1.0,1.0,10.0,9.999937057495117,1.0,1.0,0.0,0.0,0.04,0.0009999936818999994,0.40221003,0.3924,-7.099999904632568,-7.099999904632568,-10.899999618530273,-10.899999618530273,6.840768814086914,6.84175968170166,3.1907689571380615,3.1917595863342285,2.25,2.25,-2.25,-2.25
Cross,51564,51564,0.081,0.939982368089906,0.939982368089906,5.413786463478188,5.415757737059116,-0.18233457792713023,-0.18233457792713023,1.0,1.0,10.0,9.999005317687988,1.0,1.0,0.0,0.0,0.08,0.001000000238399995,0.7946099,0.7848,2.9000000953674316,2.9000000953674316,-0.9000000357627869,-0.9000000357627869,6.81585168838501,6.8178229331970215,3.165851354598999,3.167823314666748,2.25,2.25,-2.25,-2.25
Casson,51564,51564,0.081,-4.060017628144852,-4.060017628144852,5.413786463478188,5.415757737059116,-0.18233457792713023,-0.18233457792713023,0.0,1.0,inf,10006325.0,1.0,1.0,0.0,0.0,0.08,0.001000000238399995,0.7946099,0.7848,-2.0999999046325684,-2.0999999046325684,-5.900000095367432,-5.900000095367432,6.81585168838501,6.8178229331970215,3.165851354598999,3.167823314666748,2.25,2.25,-2.25,-2.25
Carreau,51564,51564,0.081,-9.060017643828582,-9.060017643828582,5.413786463478188,5.415757737059116,-0.18233457792713023,-0.18233457792713023,1.0,1.0,10.0,9.999937057495117,1.0,1.0,0.0,0.0,0.08,0.001000000238399995,0.7946099,0.7848,-7.099999904632568,-7.099999904632568,-10.899999618530273,-10.899999618530273,6.81585168838501,6.8178229331970215,3.165851354598999,3.167823314666748,2.25,2.25,-2.25,-2.25
Cross,51564,51564,0.121,0.939982368089906,0.939982368089906,5.373173289039712,5.376125407065425,-0.18233457792713023,-0.18233457792713023,1.0,1.0,10.0,9.999005317687988,1.0,1.0,0.0,0.0,0.12,0.0010000216960000113,1.1870097,1.1771995,2.9000000953674316,2.9000000953674316,-0.9000000357627869,-0.9000000357627869,6.775238513946533,6.778190612792969,3.1252381801605225,3.128190755844116,2.25,2.25,-2.25,-2.25
Casson,51564,51564,0.121,-4.060017628144852,-4.060017628144852,5.373173289039712,5.376125407065425,-0.18233457792713023,-0.18233457792713023,0.0,1.0,inf,10006325.0,1.0,1.0,0.0,0.0,0.12,0.0010000216960000113,1.1870097,1.1771995,-2.0999999046325684,-2.0999999046325684,-5.900000095367432,-5.900000095367432,6.775238513946533,6.778190612792969,3.1252381801605225,3.128190755844116,2.25,2.25,-2.25,-2.25
Carreau,51564,51564,0.121,-9.060017643828582,-9.060017643828582,5.373173289039712,5.376125407065425,-0.18233457792713023,-0.18233457792713023,1.0,1.0,10.0,9.999937057495117,1.0,1.0,0.0,0.0,0.12,0.0010000216960000113,1.1870097,1.1771995,-7.099999904632568,-7.099999904632568,-10.899999618530273,-10.899999618530273,6.775238513946533,6.778190612792969,3.1252381801605225,3.128190755844116,2.25,2.25,-2.25,-2.25
Cross,51564,51564,0.161,0.939982368089906,0.939982368089906,5.316864052844209,5.3207970379248,-0.18233457792713023,-0.18233457792713023,1.0,1.0,10.0,9.999005317687988,1.0,1.0,0.0,0.0,0.16,0.0009999835489999942,1.5794094,1.5695986,2.9000000953674316,2.9000000953674316,-0.9000000357627869,-0.9000000357627869,6.718929290771484,6.722862243652344,3.0689287185668945,3.072862386703491,2.25,2.25,-2.25,-2.25
Casson,51564,51564,0.161,-4.060017628144852,-4.060017628144852,5.316864052844209,5.3207970379248,-0.18233457792713023,-0.18233457792713023,0.0,1.0,inf,10006325.0,1.0,1.0,0.0,0.0,0.16,0.0009999835489999942,1.5794094,1.5695986,-2.0999999046325684,-2.0999999046325684,-5.900000095367432,-5.900000095367432,6.718929290771484,6.722862243652344,3.0689287185668945,3.072862386703491,2.25,2.25,-2.25,-2.25
Carreau,51564,51564,0.161,-9.060017643828582,-9.060017643828582,5.316864052844209,5.3207970379248,-0.18233457792713023,-0.18233457792713023,1.0,1.0,10.0,9.999937057495117,1.0,1.0,0.0,0.0,0.16,0.0009999835489999942,1.5794094,1.5695986,-7.099999904632568,-7.099999904632568,-10.899999618530273,-10.899999618530273,6.718929290771484,6.722862243652344,3.0689287185668945,3.072862386703491,2.25,2.25,-2.25,-2.25
Cross,51564,51564,0.2009999,0.939982368089906,0.939982368089906,5.244858317115884,5.2497726350192755,-0.18233457792713023,-0.18233457792713023,1.0,1.0,10.0,9.999005317687988,1.0,1.0,0.0,0.0,0.2,0.000999945401999991,1.9718091,1.9619976,2.9000000953674316,2.9000000953674316,-0.9000000357627869,-0.9000000357627869,6.646923542022705,6.6518378257751465,2.9969232082366943,3.001838207244873,2.25,2.25,-2.25,-2.25
Casson,51564,51564,0.2009999,-4.060017628144852,-4.060017628144852,5.244858317115884,5.2497726350192755,-0.18233457792713023,-0.18233457792713023,0.0,1.0,inf,10006325.0,1.0,1.0,0.0,0.0,0.2,0.000999945401999991,1.9718091,1.9619976,-2.0999999046325684,-2.0999999046325684,-5.900000095367432,-5.900000095367432,6.646923542022705,6.6518378257751465,2.9969232082366943,3.001838207244873,2.25,2.25,-2.25,-2.25
Carreau,51564,51564,0.2009999,-9.060017643828582,-9.060017643828582,5.244858317115884,5.2497726350192755,-0.18233457792713023,-0.18233457792713023,1.0,1.0,10.0,9.999937057495117,1.0,1.0,0.0,0.0,0.2,0.000999945401999991,1.9718091,1.9619976,-7.099999904632568,-7.099999904632568,-10.899999618530273,-10.899999618530273,6.646923542022705,6.6518378257751465,2.9969232082366943,3.001838207244873,2.25,2.25,-2.25,-2.25
Cross,51564,51564,0.2409999,0.939982368089906,0.939982368089906,5.157156575041444,5.163052630270991,-0.18233457792713023,-0.18233457792713023,1.0,1.0,10.0,9.999005317687988,1.0,1.0,0.0,0.0,0.24,0.0009999072550000154,2.36421,2.3543966,2.9000000953674316,2.9000000953674316,-0.9000000357627869,-0.9000000357627869,6.5592217445373535,6.565117835998535,2.90922212600708,2.9151179790496826,2.25,2.25,-2.25,-2.25
Casson,51564,51564,0.2409999,-4.060017628144852,-4.060017628144852,5.157156575041444,5.163052630270991,-0.18233457792713023,-0.18233457792713023,0.0,1.0,inf,10006325.0,1.0,1.0,0.0,0.0,0.24,0.0009999072550000154,2.36421,2.3543966,-2.0999999046325684,-2.0999999046325684,-5.900000095367432,-5.900000095367432,6.5592217445373535,6.565117835998535,2.90922212600708,2.9151179790496826,2.25,2.25,-2.25,-2.25
Carreau,51564,51564,0.2409999,-9.060017643828582,-9.060017643828582,5.157156575041444,5.163052630270991,-0.18233457792713023,-0.18233457792713023,1.0,1.0,10.0,9.999937057495117,1.0,1.0,0.0,0.0,0.24,0.0009999072550000154,2.36421,2.3543966,-7.099999904632568,-7.099999904632568,-10.899999618530273,-10.899999618530273,6.5592217445373535,6.565117835998535,2.90922212600708,2.9151179790496826,2.25,2.25,-2.25,-2.25
Cross,51564,51564,0.2809999,0.939982368089906,0.939982368089906,5.053758773799272,5.060636138520223,-0.18233457792713023,-0.18233457792713023,1.0,1.0,10.0,9.999005317687988,1.0,1.0,0.0,0.0,0.28,0.0009998691079999844,2.7566106,2.7467957,2.9000000953674316,2.9000000953674316,-0.9000000357627869,-0.9000000357627869,6.45582389831543,6.462701320648193,2.8058247566223145,2.81270170211792,2.25,2.25,-2.25,-2.25
Casson,51564,51564,0.2809999,-4.060017628144852,-4.060017628144852,5.080589399817898,5.060636138520223,-0.18233457792713023,-0.18233457792713023,0.0,1.0,inf,10006325.0,1.0,1.0,0.0,0.0,0.28,0.0009998691079999844,0.04905,2.7467957,-2.0999999046325684,-2.0999999046325684,-5.900000095367432,-5.900000095367432,6.482654571533203,6.462701320648193,2.8326549530029297,2.81270170211792,2.25,2.25,-2.25,-2.25
Carreau,51564,51564,0.2809999,-9.060017643828582,-9.060017643828582,5.053758773799272,5.060636138520223,-0.18233457792713023,-0.18233457792713023,1.0,1.0,10.0,9.999937057495117,1.0,1.0,0.0,0.0,0.28,0.0009998691079999844,2.7566106,2.7467957,-7.099999904632568,-7.099999904632568,-10.899999618530273,-10.899999618530273,6.45582389831543,6.462701320648193,2.8058247566223145,2.81270170211792,2.25,2.25,-2.25,-2.25
Cross,51564,51564,0.3209998,0.9399761467164005,0.9399820649586073,4.934820992574321,4.942535967076318,-0.1822787830719246,-0.1823296723460957,1.0,1.0,9.973816450609839,9.993966542835722,1.0,1.0,0.0012264210114390013,0.0008121248377622967,0.32,0.0009998309609999811,3.1408162,3.1382432,2.9000000953674316,2.9000000953674316,-0.8998945951461792,-0.9000027179718018,6.336734294891357,6.3445892333984375,2.6867311000823975,2.694589376449585,2.25,2.25,-2.2465600967407227,-2.2500033378601074
Casson,51564,51564,0.3209998,-4.060017628144852,-4.060018823908997,5.078628456626776,4.942555116040594,-0.18233457792713023,-0.18232568251653636,0.0,1.0,inf,50920.8013227581,1.0,1.0,0.0,0.2472190807400214,0.32,0.0009998309609999811,0.04905,3.371481,-2.0999999046325684,-2.0989391803741455,-5.900000095367432,-5.93333101272583,6.480693817138672,6.377107620239258,2.8306922912597656,2.6937453746795654,2.25,2.254749059677124,-2.25,-2.2573530673980713
Carreau,51564,51564,0.3209998,-9.060022222811734,-9.060018068852099,4.934763517781842,4.942537070189942,-0.18230211614589242,-0.18232959647533994,1.0,1.0,9.99490068284528,9.997812860668256,1.0,1.0,0.0010665080320059366,0.0009211169030939472,0.32,0.0009998309609999811,3.14365,3.1381707,-7.099999904632568,-7.099999904632568,-10.899934768676758,-10.900003433227539,6.33673095703125,6.3445892333984375,2.6867311000823975,2.694589376449585,2.25,2.25,-2.2450265884399414,-2.2500030994415283
Cross,51564,51564,0.3609998,0.9399326737159269,0.9399701489315742,4.8008448378311614,4.808862856449606,-0.18199394017951714,-0.18228542347505317,1.0,1.0,9.926217703228916,9.98041900481239,1.0,1.0,0.003434440072180918,0.001608985593715444,0.36,0.0009997928140000334,3.5095396,3.5243456,2.900000810623169,2.9000000953674316,-0.8999255895614624,-0.9000133872032166,6.201989650726318,6.210781097412109,2.5519416332244873,2.560781240463257,2.2500009536743164,2.25,-2.247576951980591,-2.2542006969451904
Casson,51564,51564,0.3609998,-4.060017628144852,-4.06006053248921,5.076667513435654,4.809361189097506,-0.18233457792713023,-0.18211216387458326,0.0,1.0,inf,43150.47234550214,1.0,1.0,0.0,0.12691990831654057,0.36,0.0009997928140000334,0.04905,3.6286235,-2.0999999046325684,-2.06233286857605,-5.900000095367432,-5.968701362609863,6.478733062744141,6.327723026275635,2.8287296295166016,2.5403738021850586,2.25,2.303334951400757,-2.25,-2.2648658752441406
Carreau,51564,51564,0.3609998,-9.060072691147807,-9.060033843021824,4.80061583265231,4.808877849808195,-0.18209763598852882,-0.18228464421978413,1.0,1.0,9.982641325264385,9.99295607241803,1.0,1.0,0.0031795708603300356,0.0018028793217991545,0.36,0.0009997928140000334,3.5142536,3.5235372,-7.099999904632568,-7.099999904632568,-10.899352073669434,-10.900014877319336,6.201952934265137,6.210781097412109,2.5519416332244873,2.560781240463257,2.25,2.25,-2.245567798614502,-2.2479209899902344
Cross,51564,51564,0.4009998,0.9399792125625667,0.9399485697989703,4.652663226198276,4.660090260348099,-0.18104470734653882,-0.18203596526842947,1.0,1.0,9.845421780710232,9.93806512328432,1.0,1.0,0.007501289843780378,0.004380949648745638,0.4,0.0009997546669999746,3.8548322,3.894223,2.9000084400177,2.9000000953674316,-0.9098976850509644,-0.8999350666999817,6.052036762237549,6.061279773712158,2.4014551639556885,2.4112770557403564,2.250013589859009,2.25,-2.245647668838501,-2.250671625137329
Casson,51564,51564,0.4009998,-4.060017628144852,-4.060027139323352,5.074706570244531,4.663206308763398,-0.18233457792713023,-0.18049089619632108,0.0,1.0,inf,51873.86153209296,1.0,1.0,0.0,0.10284754053524524,0.4,0.0009997546669999746,0.04905,3.9038877,-2.0999999046325684,-2.0064492225646973,-5.900000095367432,-5.996212959289551,6.476772308349609,6.264006614685059,2.8267669677734375,2.3712728023529053,2.25,2.3660941123962402,-2.25,-2.2878315448760986
Carreau,51564,51564,0.4009998,-9.060071210413257,-9.060062181791483,4.652162839189899,4.660152651046488,-0.1813442465396635,-0.1820192121498084,1.0,1.0,9.95876598766893,9.979371923475027,1.0,1.0,0.007442174449783817,0.0044490812501345465,0.4,0.0009997546669999746,3.8642213,3.8931646,-7.09999942779541,-7.099999904632568,-10.907937049865723,-10.899882316589355,6.051612854003906,6.061279773712158,2.401456356048584,2.4112770557403564,2.25,2.25,-2.242912769317627,-2.2450735569000244
Cross,51564,51564,0.4429308,0.9402655171367895,0.9400335835778919,4.484138074597935,4.497075493073465,-0.17838478434687566,-0.18118486708905995,1.0,1.0,9.709989390947683,9.870526917970594,1.0,1.0,0.014003245356485509,0.00868464405750674,0.44,0.002930817603999991,4.1535897,4.241914,2.900033950805664,2.9000000953674316,-0.9410877823829651,-0.973828136920929,5.88176965713501,5.896151542663574,2.2410166263580322,2.2456214427948,2.2500851154327393,2.25,-2.2428505420684814,-2.248594045639038
Casson,51564,51564,0.4429308,-4.060017628144852,-4.059860449027409,5.072787777519921,4.5055094452716595,-0.18233457792713023,-0.17673092946877852,0.0,1.0,inf,55211.659368137975,1.0,1.0,0.0,0.09606814183529269,0.44,0.002930817603999991,0.043501254,4.1695404,-2.0999999046325684,-1.9501179456710815,-5.900000095367432,-6.027003765106201,6.474853515625,6.185324192047119,2.824848175048828,2.218146800994873,2.25,2.429293632507324,-2.25,-2.3369827270507812
Carreau,51564,51564,0.4429308,-9.059825853235774,-9.059973577644465,4.4829658634140515,4.497237299173116,-0.17906473763167186,-0.1811186995252467,1.0,1.0,9.922740956947418,9.957549484731727,1.0,1.0,0.013224053325043764,0.008880823304087553,0.44,0.002930817603999991,4.173054,4.238072,-7.099976539611816,-7.099999904632568,-10.938933372497559,-10.971458435058594,5.8795928955078125,5.896161079406738,2.240424633026123,2.2455880641937256,2.250012159347534,2.25,-2.240229368209839,-2.2416861057281494
Cross,51564,51564,0.4812831,0.9407503825332393,0.9403252296364364,4.320635742591319,4.320847939061523,-0.17349492674616376,-0.17931075917604108,1.0,1.0,9.495754799002423,9.763158064272876,1.0,1.0,0.02785375865083768,0.01654696921508353,0.48,0.0012830686570000083,4.3552175,4.5588984,2.9054131507873535,2.9004476070404053,-0.9645876288414001,-1.0062239170074463,5.718994617462158,5.716033935546875,2.197042942047119,2.165083408355713,2.2508790493011475,2.250000476837158,-2.2401187419891357,-2.2374088764190674
Casson,51564,51564,0.4812831,-4.060017628144852,-4.059382114764301,5.071184580195321,4.337424760034591,-0.18233457792713023,-0.17048975606141004,0.0,1.0,inf,57248.27308870701,1.0,1.0,0.0,0.10818154099932362,0.48,0.0012830686570000083,0.04070568,4.388633,-2.0999999046325684,-1.892857551574707,-5.900000095367432,-6.0618462562561035,6.473250389099121,6.091541290283203,2.823244333267212,2.125105619430542,2.25,2.490778923034668,-2.25,-2.3809406757354736
Carreau,51564,51564,0.4812831,-9.059380088643323,-9.059658238353467,4.318676847194961,4.32125472199435,-0.17464135106235623,-0.17912330581135233,1.0,1.0,9.85641784213825,9.91843781023397,1.0,1.0,0.026623145473702824,0.01796384249143124,0.48,0.0012830686570000083,4.376303,4.551146,-7.094405651092529,-7.099596977233887,-10.96056842803955,-11.015329360961914,5.715100288391113,5.716177463531494,2.193585157394409,2.1579694747924805,2.250270128250122,2.250000476837158,-2.2376084327697754,-2.231724977493286
Cross,51564,51564,0.523484,0.9412920708049884,0.9407690669021183,4.134583267250273,4.133913752194123,-0.16385122586083922,-0.17553071686610122,1.0,1.0,9.227971561981889,9.587889042018356,1.0,1.0,0.04802942258544823,0.0331051730812145,0.52,0.003483991622999949,4.475369,4.7819304,2.9159858226776123,2.9557907581329346,-0.9848223328590393,-1.0189155340194702,5.5369977951049805,5.522970199584961,2.1237504482269287,2.069493055343628,2.2616233825683594,2.2503256797790527,-2.235914468765259,-2.2294633388519287
Casson,51564,51564,0.523484,-4.060017628144852,-4.058775395927118,5.069593875035129,4.161619119246153,-0.18233457792713023,-0.16104501199368876,0.0,1.0,inf,52979.721788799245,1.0,1.0,0.0,0.13373344909549792,0.52,0.003483991622999949,0.035540666,4.528657,-2.0999999046325684,-1.8460323810577393,-5.900000095367432,-6.097837924957275,6.4716596603393555,5.980660438537598,2.8216538429260254,1.9741542339324951,2.25,2.5498602390289307,-2.25,-2.4408340454101562
Carreau,51564,51564,0.523484,-9.058852251566794,-9.059201221572966,4.131862527270284,4.134811378872688,-0.16545156524350924,-0.17511325905816572,1.0,1.0,9.753929008145503,9.857934653056194,1.0,1.0,0.04713772748460414,0.03144832374701302,0.52,0.003483991622999949,4.4913516,4.7653465,-7.083151817321777,-7.071839332580566,-10.980132102966309,-11.033125877380371,5.531561374664307,5.523678302764893,2.123222589492798,2.0708396434783936,2.2591476440429688,2.2504355907440186,-2.2329840660095215,-2.2246196269989014
Cross,51564,51564,0.5624069,0.9416642508867572,0.9412046077959176,3.963234348271596,3.942090471761294,-0.14950879908717632,-0.16795166960175234,1.0,1.0,8.958921978258381,9.344217171165296,1.0,1.0,0.07167161612840986,0.05485378666381452,0.56,0.0024068975449998975,4.406072,4.840136,2.917724847793579,2.9917514324188232,-0.9882863759994507,-1.023522138595581,5.370998382568359,5.321127414703369,2.0642807483673096,1.981418251991272,2.2899985313415527,2.258291482925415,-2.2303240299224854,-2.225778341293335
Casson,51564,51564,0.5624069,-4.060017628144852,-4.058032230181964,5.068242542128355,3.98822280092519,-0.18233457792713023,-0.14658146557047516,0.0,1.0,inf,47602.29210475789,1.0,1.0,0.0,0.22094961846105457,0.56,0.0024068975449998975,0.034368634,4.2466555,-2.0999999046325684,-1.8039661645889282,-5.900000095367432,-6.130439758300781,6.470308303833008,5.852436542510986,2.820302724838257,1.81032395362854,2.25,2.6072402000427246,-2.25,-2.4685769081115723
Carreau,51564,51564,0.5624069,-9.058462545912608,-9.058794390950874,3.9604737273606045,3.9439760580706307,-0.15117269727431798,-0.16716503206124367,1.0,1.0,9.635873297734697,9.755446368932594,1.0,1.0,0.0735446589342732,0.05604826146476188,0.56,0.0024068975449998975,4.394857,4.810182,-7.08251428604126,-7.04347562789917,-10.983109474182129,-11.03695011138916,5.365725040435791,5.323378562927246,2.063486099243164,1.985753059387207,2.2884974479675293,2.259315013885498,-2.2257449626922607,-2.22153639793396
Cross,51564,51564,0.603069,0.9423401175427343,0.9417195771564091,3.8070637072346853,3.7590322083017007,-0.12523284603754178,-0.1524601027056209,1.0,1.0,8.59017781441312,8.769077866055785,1.0,1.0,0.11832767727974773,0.12620085772785053,0.6,0.003069007397000001,3.4212189,4.32785,2.9109528064727783,2.9954586029052734,-0.9803721308708191,-1.0246601104736328,5.200850009918213,5.11840295791626,2.0161123275756836,1.8898123502731323,2.331963300704956,2.2997419834136963,-2.2261340618133545,-2.2230188846588135
Casson,51564,51564,0.603069,-4.060017628144852,-4.056583724406792,5.066890279146839,3.8392301860842175,-0.18233457792713023,-0.12521175651641747,0.0,1.0,inf,41464.061087155125,1.0,1.0,0.0,0.27600318944068625,0.6,0.003069007397000001,0.0323163,3.4958253,-2.0999999046325684,-1.760096788406372,-5.900000095367432,-6.153720378875732,6.468955993652344,5.708948135375977,2.818950891494751,1.7075778245925903,2.25,2.669790744781494,-2.25,-2.468353509902954
Carreau,51564,51564,0.603069,-9.057773247792348,-9.058282816153909,3.806356916351043,3.7626241596275336,-0.12662442926338438,-0.15121597713982102,1.0,1.0,9.46507966963206,9.51311954445793,1.0,1.0,0.11876796196297724,0.12319683516507866,0.6,0.003069007397000001,3.3510656,4.2700205,-7.089880466461182,-7.036685466766357,-10.974239349365234,-11.037678718566895,5.197605609893799,5.123682975769043,2.016538381576538,1.8990439176559448,2.3308987617492676,2.303398609161377,-2.2169551849365234,-2.2192959785461426
Cross,51564,51564,0.6413071,0.9429655594299947,0.9422297267051967,3.715666488547015,3.619147576389963,-0.08967379612499793,-0.1202481311360909,1.0,1.0,8.724934254774768,8.510583362733039,1.0,1.0,0.08994981347762283,0.14375666945332485,0.64,0.0013071155549999602,2.1097302,3.140958,2.902381181716919,2.9958078861236572,-0.9695680737495422,-1.0253373384475708,5.068701267242432,4.925972938537598,1.9617140293121338,1.8290657997131348,2.3679165840148926,2.374959945678711,-2.2256429195404053,-2.2204766273498535
Casson,51564,51564,0.6413071,-4.060017628144852,-4.05484209619633,5.065694395153639,3.7243989766679793,-0.18233457792713023,-0.0992048941069559,0.0,1.0,inf,43430.70076111007,1.0,1.0,0.0,0.2862944536047254,0.64,0.0013071155549999602,0.029986383,2.7365682,-2.0999999046325684,-1.7063474655151367,-5.900000095367432,-6.175192356109619,6.46776008605957,5.547667980194092,2.8177552223205566,1.5947002172470093,2.25,2.7390518188476562,-2.25,-2.4654130935668945
Carreau,51564,51564,0.6413071,-9.057250351497453,-9.057797090528767,3.7189670843030695,3.6254157328053576,-0.09094665168880502,-0.1189028363236556,1.0,1.0,9.567721605994464,9.419046175303261,1.0,1.0,0.08380683917981514,0.14044486893468072,0.64,0.0013071155549999602,2.0060077,3.0666144,-7.098573207855225,-7.034055709838867,-10.962920188903809,-11.038130760192871,5.070428371429443,4.934967517852783,1.965851902961731,1.8443167209625244,2.364457368850708,2.3800830841064453,-2.2156574726104736,-2.21695876121521
Cross,51564,51564,0.6820355,0.943625248095129,0.9427344867800892,3.6628730647776258,3.53158039276053,-0.04931602670205686,-0.07391427638674129,1.0,1.0,9.005305836655875,8.6302254465107,1.0,1.0,0.05525488159326882,0.12128301835116106,0.68,0.002035505771999957,1.3932104,2.2362664,2.8938446044921875,2.99605131149292,-0.959295928478241,-1.0260409116744995,4.978626251220703,4.762984275817871,1.9290411472320557,1.780836820602417,2.3887088298797607,2.461251735687256,-2.224501371383667,-2.217838764190674
Casson,51564,51564,0.6820355,-4.060017628144852,-4.053438585505586,5.064603368136097,3.6387385265889693,-0.18233457792713023,-0.07163259228117419,0.0,1.0,inf,46547.560272272494,1.0,1.0,0.0,0.2867671281944927,0.68,0.002035505771999957,0.023618637,2.1222324,-2.0999999046325684,-1.6459717750549316,-5.900000095367432,-6.190079689025879,6.466669082641602,5.370944976806641,2.816663980484009,1.487829327583313,2.25,2.8280718326568604,-2.25,-2.462313413619995
Carreau,51564,51564,0.6820355,-9.056806987116682,-9.057294089063053,3.670393426181939,3.5402389195164,-0.05130062581022274,-0.07315976724588781,1.0,1.0,9.698704415883894,9.485814950989749,1.0,1.0,0.05098674621624214,0.11812874177035383,0.68,0.002035505771999957,1.3042151,2.171896,-7.107411861419678,-7.032879829406738,-10.952547073364258,-11.038575172424316,4.987966060638428,4.775388240814209,1.9332318305969238,1.7863054275512695,2.3819947242736816,2.465428590774536,-2.2136778831481934,-2.216059684753418
Cross,51564,51564,0.721427,0.9442481450451476,0.9432445777944366,3.6318673438513014,3.4763155880896153,-0.015717445473149756,-0.024966695975514413,1.0,1.0,9.183801672972994,8.759474887450999,1.0,1.0,0.03966987877063259,0.10319889044555801,0.72,0.0014270234109999835,1.0424078,1.7371757,2.88754940032959,2.996410369873047,-0.9522005319595337,-1.0265976190567017,4.9246745109558105,4.6455302238464355,1.9147114753723145,1.6857489347457886,2.398144006729126,2.543708324432373,-2.223464250564575,-2.215881109237671
Casson,51564,51564,0.721427,-4.060017628144852,-4.052592674370983,5.063756075705117,3.5749812890394694,-0.18233457792713023,-0.04469890359543472,0.0,1.0,inf,55601.58552167466,1.0,1.0,0.0,0.26572817100645374,0.72,0.0014270234109999835,0.020114569,1.6684988,-2.0999999046325684,-1.63185453414917,-5.900000095367432,-6.2018046379089355,6.465821743011475,5.179010391235352,2.81581711769104,1.40895676612854,2.25,2.9425768852233887,-2.25,-2.4593288898468018
Carreau,51564,51564,0.721427,-9.056392393325984,-9.056740000336546,3.642586207125816,3.486743214906543,-0.019260144078824547,-0.025381920053181968,1.0,1.0,9.771683558945364,9.54741210713156,1.0,1.0,0.03588521408303844,0.10055839945131576,0.72,0.0014270234109999835,0.9582494,1.682753,-7.113797187805176,-7.032364368438721,-10.945581436157227,-11.039041519165039,4.940620422363281,4.660892009735107,1.9285658597946167,1.691787600517273,2.3898396492004395,2.545639753341675,-2.2122015953063965,-2.2153191566467285
Cross,51564,51564,0.7609329,0.9447504589386858,0.9436403868169952,3.6093333425606744,3.437029918779294,0.011657396904874957,0.020126306053367748,1.0,1.0,9.283204857131969,8.873303159413647,1.0,1.0,0.03248501277923361,0.09201268444177654,0.76,0.0009329223630000216,0.83432686,1.4314713,2.8828909397125244,2.9968137741088867,-0.9472897052764893,-1.0270819664001465,4.885923862457275,4.581175804138184,1.8984123468399048,1.5813491344451904,2.4036359786987305,2.6274311542510986,-2.222662925720215,-2.2156338691711426
Casson,51564,51564,0.7609329,-4.060017628144852,-4.052200293579794,5.062990275229043,3.526384513653811,-0.18233457792713023,-0.019694127663760098,0.0,1.0,inf,62669.94722387375,1.0,1.0,0.0,0.24746820084926918,0.76,0.0009329223630000216,0.019079197,1.3458472,-2.0999999046325684,-1.588605284690857,-5.900000095367432,-6.249062538146973,6.4650559425354,5.063389778137207,2.815051317214966,1.3687559366226196,2.25,3.0484304428100586,-2.25,-2.4564859867095947
Carreau,51564,51564,0.7609329,-9.056045472293633,-9.056251133221576,3.6227796921422284,3.4487800598791853,0.005962072834078976,0.01835511746669866,1.0,1.0,9.80776160561024,9.59913412882945,1.0,1.0,0.02910548090359025,0.0884295898814776,0.76,0.0009329223630000216,0.7503283,1.3857248,-7.1184773445129395,-7.031999588012695,-10.941153526306152,-11.03947639465332,4.907743453979492,4.595120906829834,1.9143778085708618,1.5994138717651367,2.3943636417388916,2.6273372173309326,-2.2114417552948,-2.214604377746582
Cross,51564,51564,0.8004729,0.9450785031429206,0.9439341548041861,3.590836632899988,3.406529489335055,0.0339690408957678,0.06013533327699559,1.0,1.0,9.356164862057964,8.928905901620539,1.0,1.0,0.027301167029149937,0.08859992642314174,0.8,0.0004728555679999191,0.702179,1.211205,2.8794195652008057,2.9972362518310547,-0.9437215328216553,-1.027574062347412,4.8543381690979,4.536016941070557,1.8873506784439087,1.5191025733947754,2.4078290462493896,2.750852108001709,-2.2219905853271484,-2.2153890132904053
Casson,51564,51564,0.8004729,-4.060017628144852,-4.052102177847385,5.062223450279931,3.4891858630656234,-0.18233457792713023,0.0032220865890799713,0.0,1.0,inf,67682.51374942384,1.0,1.0,0.0,0.21728183735952103,0.8,0.0004728555679999191,0.020001251,1.0695995,-2.0999999046325684,-1.5592119693756104,-5.900000095367432,-6.326143741607666,6.46428918838501,5.016070365905762,2.814283847808838,1.2731964588165283,2.25,3.199472665786743,-2.25,-2.453573703765869
Carreau,51564,51564,0.8004729,-9.055815618769284,-9.055843023783703,3.6061425204329196,3.419275653095484,0.025986100345910028,0.057181255261894354,1.0,1.0,9.828661273656014,9.6200173635866,1.0,1.0,0.024882180831937436,0.08558326695620189,0.8,0.0004728555679999191,0.63726246,1.1756287,-7.122025489807129,-7.031497478485107,-10.938214302062988,-11.039889335632324,4.880103588104248,4.549808502197266,1.903559684753418,1.528754711151123,2.398221492767334,2.7398152351379395,-2.210878610610962,-2.2138540744781494
Cross,51564,51564,0.8422849,0.9452700154056052,0.9441258181972381,3.573343984123235,3.381398477046912,0.053361857475346844,0.09547182210570153,1.0,1.0,9.370072870311482,8.955718550874138,1.0,1.0,0.025697329764759604,0.08183978666505114,0.84,0.002284917831000044,0.6016934,1.0521326,2.8764867782592773,2.9976601600646973,-0.9408060312271118,-1.028085470199585,4.824274063110352,4.506051540374756,1.8794313669204712,1.4357352256774902,2.4114551544189453,2.8833112716674805,-2.221318244934082,-2.2151453495025635
Casson,51564,51564,0.8422849,-4.060017628144852,-4.052145462626215,5.0604276107434165,3.4611338323363507,-0.18233457792713023,0.023872685730333902,0.0,1.0,inf,79416.94321890651,1.0,1.0,0.0,0.1764290901159908,0.84,0.002284917831000044,0.04905,0.86785144,-2.0999999046325684,-1.5205767154693604,-5.900000095367432,-6.400154113769531,6.462493419647217,4.984118461608887,2.8124873638153076,1.234778881072998,2.25,3.250302791595459,-2.25,-2.450533390045166
Carreau,51564,51564,0.8422849,-9.055703766304735,-9.055541089152394,3.589514037602146,3.3948144113968475,0.04354246070996557,0.09151830466254635,1.0,1.0,9.832144869630604,9.639388895873537,1.0,1.0,0.024111707358293696,0.07981123137592323,0.84,0.002284917831000044,0.56969774,1.0254089,-7.125243663787842,-7.022539138793945,-10.935736656188965,-11.040314674377441,4.85217809677124,4.525547027587891,1.8926355838775635,1.4643601179122925,2.401846408843994,2.874849796295166,-2.209890604019165,-2.2130818367004395
Cross,51564,51564,0.8822849,0.9453789921076617,0.9442051702053817,3.55808067406623,3.3593239772912558,0.06921217832103908,0.12678085379306955,1.0,1.0,9.406817722548045,9.002955644899727,1.0,1.0,0.02352246853030403,0.07605487214639976,0.88,0.0022848796840000407,0.53238624,0.9408862,2.8741888999938965,2.999509572982788,-0.9386945366859436,-1.0286039113998413,4.797149658203125,4.484974384307861,1.868711233139038,1.3748745918273926,2.4147140979766846,3.0550520420074463,-2.220539093017578,-2.2149031162261963
Casson,51564,51564,0.8822849,-4.060017628144852,-4.052338482403568,5.0584666675522945,3.439696970100908,-0.18233457792713023,0.042244522673332834,0.0,1.0,inf,76237.25042485954,1.0,1.0,0.0,0.1478399941602571,0.88,0.0022848796840000407,0.04905,0.7128113,-2.0999999046325684,-1.4811458587646484,-5.900000095367432,-6.471314907073975,6.4605326652526855,4.954133033752441,2.8105247020721436,1.1631048917770386,2.25,3.403935432434082,-2.25,-2.4481444358825684
Carreau,51564,51564,0.8822849,-9.055680448381407,-9.055350456288839,3.57462552303571,3.373166380840113,0.058212453090865195,0.12197311258834698,1.0,1.0,9.843579081759943,9.65560654765159,1.0,1.0,0.021871457948599293,0.0751481388517707,0.88,0.0022848796840000407,0.5089995,0.918668,-7.127816200256348,-6.994322299957275,-10.93384075164795,-11.040761947631836,4.826327800750732,4.509568691253662,1.8861124515533447,1.4008883237838745,2.4049479961395264,3.0177760124206543,-2.208587169647217,-2.2122771739959717
Cross,51564,51564,0.9222848,0.9454447584632497,0.9441980936066818,3.544000422484787,3.339149912138276,0.08310104255956643,0.1548226019674666,1.0,1.0,9.431795126425824,9.021845706270161,1.0,1.0,0.022120585335325266,0.07449483582129912,0.92,0.0022848415369999264,0.48190728,0.85347825,2.8722453117370605,3.0246033668518066,-0.9369723796844482,-1.0323460102081299,4.7733683586120605,4.464752197265625,1.8599114418029785,1.2945119142532349,2.4183294773101807,3.2306506633758545,-2.2191200256347656,-2.214663505554199
Casson,51564,51564,0.9222848,-4.060017628144852,-4.0525991061310656,5.056505724361172,3.42235525342771,-0.18233457792713023,0.058489256508952495,0.0,1.0,inf,80477.5062157619,1.0,1.0,0.0,0.12439492859014918,0.92,0.0022848415369999264,0.04905,0.6096091,-2.0999999046325684,-1.4291666746139526,-5.900000095367432,-6.53915548324585,6.458571910858154,4.923597812652588,2.8085620403289795,1.0568090677261353,2.25,3.565704822540283,-2.25,-2.4472193717956543
Carreau,51564,51564,0.9222848,-9.055705542366866,-9.05524425759603,3.5608066208917797,3.3533054988352435,0.07124896733637165,0.1492564688813294,1.0,1.0,9.84871880527834,9.672586724540093,1.0,1.0,0.021065352853009426,0.06983803865163937,0.92,0.0022848415369999264,0.46398097,0.8342577,-7.1300177574157715,-6.964420795440674,-10.93227481842041,-11.04123306274414,4.8018412590026855,4.49041748046875,1.876848578453064,1.2931339740753174,2.408029794692993,3.166409730911255,-2.20723819732666,-2.211430311203003
Cross,51564,51564,0.9622848,0.9454731792253839,0.9441461700619104,3.530901882183967,3.3203339068826363,0.09553619713478619,0.1801351227649633,1.0,1.0,9.449703869212266,9.05694219792299,1.0,1.0,0.021015425271718357,0.07027211482679831,0.96,0.002284803391000012,0.44292668,0.7845029,2.8706090450286865,3.056349992752075,-0.9355304837226868,-1.0506236553192139,4.751470565795898,4.441383361816406,1.853190541267395,1.1862223148345947,2.421766757965088,3.4062492847442627,-2.2176926136016846,-2.214427947998047
Casson,51564,51564,0.9622848,-4.060017628144852,-4.052915972976612,5.0545447811700495,3.4076852537729163,-0.18233457792713023,0.07281263553465828,0.0,1.0,inf,86223.33410584861,1.0,1.0,0.0,0.11963306858177988,0.96,0.002284803391000012,0.04905,0.53995234,-2.0999999046325684,-1.3691736459732056,-5.900000095367432,-6.605778217315674,6.456611156463623,4.897655010223389,2.8065993785858154,0.984488844871521,2.25,3.7149016857147217,-2.25,-2.4461913108825684
Carreau,51564,51564,0.9622848,-9.055756304846845,-9.055219801714566,3.547880471097185,3.3347670305816504,0.08294394777891687,0.1738821442308433,1.0,1.0,9.854310549477168,9.690053877477437,1.0,1.0,0.020324072108583696,0.06395022013522172,0.96,0.002284803391000012,0.42845997,0.7653642,-7.13193941116333,-6.931643486022949,-10.930976867675781,-11.041719436645508,4.778923511505127,4.47012996673584,1.8681854009628296,1.188784122467041,2.4114155769348145,3.33076810836792,-2.205970525741577,-2.2105789184570312
Cross,51564,51564,1.0022848,0.9454762967102087,0.9440450334369335,3.5186228063360656,3.302596046571615,0.10688631475037647,0.20318367557510103,1.0,1.0,9.458596110778565,9.082193768784588,1.0,1.0,0.020857391100686986,0.06620989653200039,1.0,0.0022847652399999863,0.41265562,0.7266316,2.8692452907562256,3.0881333351135254,-0.9342957139015198,-1.0651583671569824,4.730593681335449,4.4240803718566895,1.8484020233154297,1.0622366666793823,2.4251296520233154,3.581847906112671,-2.216268301010132,-2.2141973972320557
Casson,51564,51564,1.0022848,-4.060017628144852,-4.053252230746799,5.052583837978927,3.394615136974121,-0.18233457792713023,0.08537842203595046,0.0,1.0,inf,100206.40284285235,1.0,1.0,0.0,0.11014081106929269,1.0,0.0022847652399999863,0.04905,0.48396125,-2.0999999046325684,-1.3094124794006348,-5.900000095367432,-6.669926643371582,6.454650402069092,4.879843711853027,2.8046367168426514,0.9054608941078186,2.25,3.8612799644470215,-2.25,-2.4451842308044434
Carreau,51564,51564,1.0022848,-9.055814907036837,-9.055270267840491,3.5356943370617904,3.317278046845539,0.0936600847814938,0.1962454319558167,1.0,1.0,9.855946835041157,9.701455638861047,1.0,1.0,0.020097497157767652,0.06016118591116634,1.0,0.0022847652399999863,0.40166512,0.7082103,-7.133624076843262,-6.90379524230957,-10.929871559143066,-11.042216300964355,4.758693695068359,4.44979190826416,1.8604435920715332,1.098710298538208,2.4146597385406494,3.5183913707733154,-2.2045559883117676,-2.2097513675689697
Cross,51564,51564,1.0422847,0.9454682667647986,0.9439019047128123,3.507016330936606,3.2857625130484505,0.11742270280310028,0.22431207496249508,1.0,1.0,9.46214484246483,9.113604415624527,1.0,1.0,0.020803331631345602,0.06202203476813668,1.04,0.002284727099999939,0.3891898,0.67766345,2.868100166320801,3.115004539489746,-0.93320631980896,-1.0791758298873901,4.710572719573975,4.406015396118164,1.8402870893478394,0.9727177023887634,2.4284677505493164,3.757446527481079,-2.2148706912994385,-2.213973045349121
Casson,51564,51564,1.0422847,-4.060017628144852,-4.053523975290307,5.050622894787805,3.3826391688260418,-0.18233457792713023,0.0964379734482624,0.0,1.0,inf,86324.81207916581,1.0,1.0,0.0,0.10409833994352143,1.04,0.002284727099999939,0.04905,0.43440548,-2.0999999046325684,-1.251004934310913,-5.900000095367432,-6.733689785003662,6.4526896476745605,4.861749649047852,2.8026740550994873,0.8107369542121887,2.25,4.0076584815979,-2.25,-2.444434642791748
Carreau,51564,51564,1.0422847,-9.055875836559101,-9.055387983726444,3.524131840517852,3.300687406597307,0.1036890293380237,0.21666818339688398,1.0,1.0,9.856023973272322,9.713048838878304,1.0,1.0,0.02022154958070297,0.056448948298184524,1.04,0.002284727099999939,0.38097528,0.65829444,-7.135056495666504,-6.881000518798828,-10.928889274597168,-11.042724609375,4.739199638366699,4.429062843322754,1.855958342552185,0.9929404854774475,2.417806625366211,3.706014394760132,-2.2027587890625,-2.2089643478393555
Cross,51564,51564,1.0822847,0.9454606947420038,0.9437215722381631,3.4959589516683764,3.2697552435129555,0.12734297293347419,0.2437906206484731,1.0,1.0,9.464321806833821,9.125561337249623,1.0,1.0,0.020863528883170362,0.061513832161487966,1.08,0.0022846889499998912,0.3706784,0.6343113,2.8671164512634277,3.1410696506500244,-0.9322095513343811,-1.0925050973892212,4.691254138946533,4.387121677398682,1.8329650163650513,0.8409039378166199,2.4317259788513184,3.948373317718506,-2.213517665863037,-2.2137539386749268
Casson,51564,51564,1.0822847,-4.060017628144852,-4.053734739748633,5.048661951596682,3.371589202172872,-0.18233457792713023,0.1062451626729619,0.0,1.0,inf,94873.89314073666,1.0,1.0,0.0,0.09618959531060696,1.08,0.0022846889499998912,0.04905,0.40356576,-2.0999999046325684,-1.1940542459487915,-5.900000095367432,-6.797452926635742,6.450728893280029,4.842115879058838,2.8007113933563232,0.7125741839408875,2.25,4.159053802490234,-2.25,-2.4437191486358643
Carreau,51564,51564,1.0822847,-9.055938055957133,-9.055553683372015,3.5130963651543583,3.2849215865424175,0.11321801409515451,0.23542548051410336,1.0,1.0,9.85855190709179,9.722531279908354,1.0,1.0,0.019696932666191352,0.05509244254988923,1.08,0.0022846889499998912,0.36453128,0.61538225,-7.136314868927002,-6.859694957733154,-10.928009986877441,-11.047901153564453,4.72032356262207,4.407630920410156,1.8501046895980835,0.8714747428894043,2.4209446907043457,3.8936376571655273,-2.201028347015381,-2.2082252502441406
Cross,51564,51564,1.1222847,0.9454582408139036,0.9435048710003604,3.4853714654415318,3.2544692054664863,0.1367890646422242,0.26182239581576583,1.0,1.0,9.47337721750925,9.158784761732427,1.0,1.0,0.020295875535127888,0.057891186868726734,1.12,0.0022846507999998433,0.35567784,0.5969608,2.8662617206573486,3.173095941543579,-0.9313305020332336,-1.104294776916504,4.67251443862915,4.36757755279541,1.8261927366256714,0.7256931066513062,2.4348690509796143,4.150906085968018,-2.2122201919555664,-2.213538408279419
Casson,51564,51564,1.1222847,-4.060017628144852,-4.053912569956639,5.046700995366611,3.3613617014983435,-0.18233457792713023,0.11503332165608321,0.0,1.0,inf,95412.27879304858,1.0,1.0,0.0,0.09173132441915323,1.12,0.0022846507999998433,0.04905,0.37252647,-2.0999999046325684,-1.1387437582015991,-5.900000095367432,-6.8619866371154785,6.448768138885498,4.822334289550781,2.798748731613159,0.6492195129394531,2.25,4.2981038093566895,-2.25,-2.4429261684417725
Carreau,51564,51564,1.1222847,-9.055994236240856,-9.055757173934444,3.502497873420666,3.2698938674885514,0.12236829994203928,0.252751925541653,1.0,1.0,9.856790451588822,9.731371677584889,1.0,1.0,0.020149218879614877,0.05235846764898588,1.12,0.0022846507999998433,0.35156962,0.57818085,-7.137470722198486,-6.828732013702393,-10.92721176147461,-11.05413818359375,4.701955318450928,4.38532829284668,1.8426541090011597,0.7602576017379761,2.4240849018096924,4.094181060791016,-2.1993770599365234,-2.2075302600860596
Cross,51564,51564,1.1622846,0.9454596935009757,0.9432420497194135,3.475185253623662,3.239869641889872,0.14586240169497267,0.27858696430364965,1.0,1.0,9.472897500472483,9.17346613337409,1.0,1.0,0.020443799083345992,0.055255822723671744,1.16,0.0022846126600000183,0.34290788,0.5628344,2.8655214309692383,3.210832118988037,-0.9305071830749512,-1.114060878753662,4.654263496398926,4.358471393585205,1.8233915567398071,0.6012094020843506,2.4379196166992188,4.35835599899292,-2.210966110229492,-2.2133257389068604
Casson,51564,51564,1.1622846,-4.060017628144852,-4.054057820370306,5.044740034790222,3.351736496711765,-0.18233457792713023,0.12303965430782586,0.0,1.0,inf,92804.7758038324,1.0,1.0,0.0,0.0931411475129336,1.16,0.0022846126600000183,0.04905,0.35126486,-2.0999999046325684,-1.085339069366455,-5.900000095367432,-6.875048637390137,6.446807384490967,4.80000638961792,2.796786069869995,0.5701688528060913,2.25,4.4371538162231445,-2.25,-2.4420583248138428
Carreau,51564,51564,1.1622846,-9.05603495591847,-9.055991511590523,3.4922668534839563,3.2555165118447897,0.1312201714993957,0.26884783176723304,1.0,1.0,9.857874694061783,9.735290874910358,1.0,1.0,0.019926085498315628,0.05146954647459793,1.16,0.0022846126600000183,0.34080547,0.5462958,-7.13850736618042,-6.782808303833008,-10.926471710205078,-11.060276985168457,4.683998107910156,4.362639904022217,1.835759162902832,0.651624858379364,2.427172899246216,4.303397178649902,-2.1977920532226562,-2.2068424224853516
Cross,51564,51564,1.2022846,0.9454636508881088,0.9429279740428228,3.4653437006335754,3.2259529243035456,0.15463298533135258,0.2942672008867908,1.0,1.0,9.472815614648827,9.19048514876426,1.0,1.0,0.020544950161354637,0.052067960602616495,1.2,0.0022845745099999704,0.33255714,0.53271544,2.8649239540100098,3.2471506595611572,-0.9297268986701965,-1.1218864917755127,4.636427402496338,4.35741662979126,1.8204176425933838,0.4974273443222046,2.4409077167510986,4.581130027770996,-2.2097597122192383,-2.2131166458129883
Casson,51564,51564,1.2022846,-4.060017628144852,-4.054157609381397,5.0427790742138345,3.3425307292220996,-0.18233457792713023,0.13043748341127565,0.0,1.0,inf,104908.85786544748,1.0,1.0,0.0,0.08778486671964515,1.2,0.0022845745099999704,0.04905,0.33685216,-2.0999999046325684,-1.0357249975204468,-5.900000095367432,-6.877717018127441,6.4448466300964355,4.784870147705078,2.794823408126831,0.475422203540802,2.25,4.5762038230896,-2.25,-2.440925359725952
Carreau,51564,51564,1.2022846,-9.056057830517513,-9.056241036922527,3.4823655829049738,3.2417571923389397,0.13982939315254753,0.2838867338971576,1.0,1.0,9.85618235289787,9.747407807999405,1.0,1.0,0.020392363740353418,0.04767445820009525,1.2,0.0022845745099999704,0.33121833,0.5175926,-7.139161586761475,-6.741284370422363,-10.925780296325684,-11.07014274597168,4.666393756866455,4.352272033691406,1.8298556804656982,0.5272961854934692,2.4301648139953613,4.512612819671631,-2.1962685585021973,-2.206139326095581
Cross,51564,51564,1.2422845,0.9454706304397166,0.9425612181076777,3.4557967537771455,3.2126281763934923,0.1631590721346876,0.3090035891732665,1.0,1.0,9.474059777914178,9.202097914964435,1.0,1.0,0.020468720635679418,0.05123073680792651,1.24,0.0022845363599999224,0.32381797,0.50698006,2.864449977874756,3.2822365760803223,-0.9289944171905518,-1.1281049251556396,4.618935585021973,4.35636043548584,1.8174985647201538,0.3779493272304535,2.443830728530884,4.803904056549072,-2.208606004714966,-2.2129132747650146
Casson,51564,51564,1.2422845,-4.060017628144852,-4.054242372193779,5.040818113637446,3.333821133639715,-0.18233457792713023,0.1374110006773236,0.0,1.0,inf,97689.75786137472,1.0,1.0,0.0,0.09401729462979372,1.24,0.0022845363599999224,0.04905,0.32005253,-2.0999999046325684,-0.9888439178466797,-5.900000095367432,-6.880280494689941,6.442885875701904,4.769484996795654,2.792860746383667,0.40955111384391785,2.25,4.748658180236816,-2.25,-2.439901828765869
Carreau,51564,51564,1.2422845,-9.05606908852223,-9.056493081499797,3.472758092349721,3.2285804733825882,0.14822805124979826,0.2980195024054763,1.0,1.0,9.856854467504418,9.748344051801856,1.0,1.0,0.02022216452775609,0.047761739413684064,1.24,0.0022845363599999224,0.32267043,0.49203634,-7.138522148132324,-6.701017379760742,-10.925117492675781,-11.081192970275879,4.649120330810547,4.35114049911499,1.8271087408065796,0.387271523475647,2.43308424949646,4.721828460693359,-2.194801092147827,-2.2054355144500732
Cross,51564,51564,1.2822845,0.9454789335707463,0.9421490908937376,3.446512513164959,3.1998615869911973,0.1714866635441896,0.3229390872120103,1.0,1.0,9.473953330390124,9.2157699140379,1.0,1.0,0.02044775411236279,0.04918749394277277,1.28,0.0022844982099998745,0.31611058,0.48347536,2.8640573024749756,3.3287203311920166,-0.9283227920532227,-1.1328778266906738,4.601737976074219,4.355295181274414,1.81448233127594,0.2427753359079361,2.4466657638549805,5.026678562164307,-2.207549810409546,-2.2127158641815186
Casson,51564,51564,1.2822845,-4.060017628144852,-4.054295937223723,5.038857153061057,3.3255857655553265,-0.18233457792713023,0.1440135301163596,0.0,1.0,inf,100295.01210985736,1.0,1.0,0.0,0.084299361943936,1.28,0.0022844982099998745,0.04905,0.31003737,-2.0999999046325684,-0.9429153800010681,-5.900000095367432,-6.880375862121582,6.440925121307373,4.758285045623779,2.790898084640503,0.30006077885627747,2.25,4.935279369354248,-2.25,-2.4389450550079346
Carreau,51564,51564,1.2822845,-9.056074163179662,-9.056750752161847,3.4634196487989484,3.2159650810239166,0.1564414161265912,0.31138425735054237,1.0,1.0,9.855670434658673,9.758288379017353,1.0,1.0,0.020446491694286664,0.044647872662749444,1.28,0.0022844982099998745,0.31527197,0.4692648,-7.137871742248535,-6.660749912261963,-10.924561500549316,-11.09320068359375,4.632139682769775,4.350030899047852,1.8243104219436646,0.26212796568870544,2.435948610305786,4.94691801071167,-2.1934008598327637,-2.2047510147094727
Cross,51564,51564,1.3222845,0.945484731582588,0.9417102269244371,3.4374626515427846,3.187606123269625,0.1796424667327134,0.3361661529281411,1.0,1.0,9.470482507860602,9.224403626909915,1.0,1.0,0.020791306817568727,0.047222974624252755,1.32,0.0022844600699998274,0.30951312,0.4626854,2.8640732765197754,3.3787314891815186,-0.9278194308280945,-1.1375685930252075,4.584800720214844,4.3542375564575195,1.809046983718872,0.0919053927063942,2.4494125843048096,5.249452590942383,-2.20662260055542,-2.212519645690918
Casson,51564,51564,1.3222845,-4.060017628144852,-4.054310009656797,5.03689619248467,3.317684579943771,-0.18233457792713023,0.15028413591731984,0.0,1.0,inf,107766.31426639552,1.0,1.0,0.0,0.08937039553645097,1.32,0.0022844600699998274,0.04905,0.296253,-2.0999999046325684,-0.9009963274002075,-5.900000095367432,-6.883294105529785,6.438964366912842,4.750314712524414,2.788935422897339,0.1724751740694046,2.25,5.1219000816345215,-2.25,-2.4381229877471924
Carreau,51564,51564,1.3222845,-9.05607688156945,-9.057028475766518,3.4543172130480406,3.20388222797941,0.16449058915213038,0.3240859970638617,1.0,1.0,9.853550348998725,9.761200005047705,1.0,1.0,0.020813402417595505,0.04431013360674197,1.32,0.0022844600699998274,0.30866525,0.4487986,-7.137237071990967,-6.622717380523682,-10.92429256439209,-11.102849960327148,4.615418434143066,4.348926544189453,1.8215548992156982,0.12682917714118958,2.438750743865967,5.175058841705322,-2.192098379135132,-2.2040953636169434
Cross,51564,51564,1.3622844,0.945488459772514,0.9412670666998381,3.4286213314461103,3.175819159355863,0.1876448400344753,0.3487781151565999,1.0,1.0,9.469275220307319,9.232099625435657,1.0,1.0,0.020790961146551535,0.04595345646683713,1.36,0.0022844219200000015,0.3033155,0.44390368,2.864759922027588,3.3872499465942383,-0.9291254281997681,-1.141648292541504,4.568096160888672,4.353189468383789,1.804308533668518,-0.04727340489625931,2.4521141052246094,5.486289024353027,-2.2057297229766846,-2.212325096130371
Casson,51564,51564,1.3622844,-4.060017628144852,-4.054249535478231,5.034935231908281,3.3101159117812613,-0.18233457792713023,0.156252585793506,0.0,1.0,inf,98815.07702768125,1.0,1.0,0.0,0.0875712224694628,1.36,0.0022844219200000015,0.04905,0.2879063,-2.0999999046325684,-0.8635746240615845,-5.900000095367432,-6.887500286102295,6.4370036125183105,4.7417402267456055,2.786972761154175,0.05317787453532219,2.25,5.317984104156494,-2.25,-2.4374866485595703
Carreau,51564,51564,1.3622844,-9.056078380614013,-9.057324495199774,3.445426537263071,3.192296218964144,0.17239429778133386,0.33621606281099153,1.0,1.0,9.851232958324534,9.765971018898876,1.0,1.0,0.021298424363307037,0.04232553875393665,1.36,0.0022844219200000015,0.3025071,0.4306466,-7.136612415313721,-6.5896501541137695,-10.924973487854004,-11.112326622009277,4.598923683166504,4.347825050354004,1.8186308145523071,-0.00604522880166769,2.4414782524108887,5.4127678871154785,-2.1909122467041016,-2.2034664154052734
Cross,51564,51564,1.4022844,0.9454921394653971,0.9408396796238411,3.4199989383288734,3.1644757391610288,0.19552607655203158,0.3608464775108531,1.0,1.0,9.47519781259188,9.246461307232156,1.0,1.0,0.02052699067892649,0.044176502249655865,1.4,0.0022843837700001757,0.29729426,0.4264657,2.865436553955078,3.4165916442871094,-0.9308552742004395,-1.1445382833480835,4.551620006561279,4.3521599769592285,1.798559308052063,-0.17530328035354614,2.4548099040985107,5.736502647399902,-2.204866886138916,-2.212132692337036
Casson,51564,51564,1.4022844,-4.060017628144852,-4.054165255498844,5.032974271331892,3.3028750758350878,-0.18233457792713023,0.16199429126061168,0.0,1.0,inf,102743.1650994015,1.0,1.0,0.0,0.08633700868977011,1.4,0.0022843837700001757,0.04905,0.2760872,-2.0999999046325684,-0.8253654837608337,-5.900000095367432,-6.896239757537842,6.435042858123779,4.732641220092773,2.7850100994110107,-0.052421312779188156,2.25,5.524150848388672,-2.25,-2.436863422393799
Carreau,51564,51564,1.4022844,-9.056077337562783,-9.057636129524125,3.436769201957396,3.181158764481137,0.1801860754845185,0.34785049409618335,1.0,1.0,9.852820464124155,9.769302298988274,1.0,1.0,0.02113718991288293,0.041071471695492405,1.4,0.0022843837700001757,0.29620817,0.4141069,-7.135974884033203,-6.5571417808532715,-10.926342010498047,-11.150981903076172,4.582667827606201,4.3467278480529785,1.8130393028259277,-0.1485418826341629,2.4441213607788086,5.653695106506348,-2.189826726913452,-2.2028629779815674
Cross,51564,51564,1.4422843,0.945495918540315,0.9404381789425711,3.411499034539102,3.1535554724040984,0.20324997042131782,0.3724446172199137,1.0,1.0,9.484889714252347,9.258869835139523,1.0,1.0,0.019863380506446118,0.042931907185277354,1.44,0.0022843456300001286,0.2927266,0.41101396,2.866105079650879,3.448812961578369,-0.9325884580612183,-1.1465482711791992,4.535318374633789,4.351151466369629,1.7926195859909058,-0.3190291225910187,2.457498788833618,5.9867167472839355,-2.204024076461792,-2.211942434310913
Casson,51564,51564,1.4422843,-4.060017628144852,-4.054093160771499,5.031013310755504,3.2959170527780057,-0.18233457792713023,0.16750954436158103,0.0,1.0,inf,100906.06084673156,1.0,1.0,0.0,0.08608244016579897,1.44,0.0022843456300001286,0.04905,0.28064412,-2.0999999046325684,-0.7853976488113403,-5.900000095367432,-6.899898529052734,6.433082103729248,4.7243733406066895,2.7830474376678467,-0.1737164556980133,2.25,5.73031759262085,-2.25,-2.4361886978149414
Carreau,51564,51564,1.4422843,-9.056076992169334,-9.057965351162737,3.428236598003439,3.1704490772139917,0.1878217629191643,0.35904094600023195,1.0,1.0,9.858964166457396,9.773626186583023,1.0,1.0,0.01976698266883036,0.039626583617450445,1.44,0.0022843456300001286,0.29171136,0.3987276,-7.13533353805542,-6.5240631103515625,-10.927783966064453,-11.189367294311523,4.566573619842529,4.345635414123535,1.8086943626403809,-0.2800547480583191,2.4467132091522217,5.908167362213135,-2.1888198852539062,-2.202287435531616
Cross,51564,51564,1.4822843,0.9455002486340701,0.9400688160652524,3.4032295678568336,3.1430306531750225,0.21089668765157485,0.38363903297854196,1.0,1.0,9.463256335399045,9.273733858353468,1.0,1.0,0.02122382577333327,0.041807593165478565,1.48,0.0022843074800000807,0.28930908,0.39652926,2.8667685985565186,3.4838883876800537,-0.9343011975288391,-1.1640045642852783,4.519206523895264,4.350151538848877,1.786799669265747,-0.4784509241580963,2.4601805210113525,6.236930847167969,-2.203198194503784,-2.211754083633423
Casson,51564,51564,1.4822843,-4.060017628144852,-4.054022046650606,5.029052351862157,3.2893232522086513,-0.18233457695383276,0.17290064463027158,0.0,1.0,inf,101060.13495893558,1.0,1.0,0.0,0.08459468616447426,1.48,0.0022843074800000807,0.049049687,0.26639807,-2.0999999046325684,-0.7489239573478699,-5.900000095367432,-6.9007568359375,6.431121349334717,4.716517925262451,2.7810847759246826,-0.31070753931999207,2.25,5.9364848136901855,-2.25,-2.4357426166534424
Carreau,51564,51564,1.4822843,-9.056081729848524,-9.058304956530629,3.4199392741464973,3.160127057935059,0.1953829252988409,0.3698257286677661,1.0,1.0,9.851205196052145,9.777012928167869,1.0,1.0,0.02116821118334965,0.03890707091354318,1.48,0.0022843074800000807,0.28833836,0.3848819,-7.1346869468688965,-6.495172500610352,-10.929311752319336,-11.223684310913086,4.550657749176025,4.344552040100098,1.803395390510559,-0.4272635579109192,2.4492909908294678,6.162639617919922,-2.1878581047058105,-2.2017319202423096
Cross,51564,51564,1.5222843,0.945505717363139,0.9397313566237387,3.3950436824015027,3.1328920222270216,0.21839747739920082,0.39446741752340375,1.0,1.0,9.476926183092077,9.284957339780101,1.0,1.0,0.020549979827143315,0.03999812384274804,1.52,0.0022842693300000327,0.28308937,0.38297713,2.867417812347412,3.5350637435913086,-0.9359828233718872,-1.2041940689086914,4.5032453536987305,4.3491597175598145,1.7809003591537476,-0.6270807385444641,2.462838649749756,6.500673770904541,-2.2023911476135254,-2.2115671634674072
Casson,51564,51564,1.5222843,-4.060017628144852,-4.053941759674962,5.027091425954579,3.2830171385072076,-0.1823345568775495,0.17814011924339002,0.010957257001008455,1.0,inf,97939.24347443137,1.0,1.0,4.081704198564894e-08,0.09113612123758372,1.52,0.0022842693300000327,0.04904946,0.26704526,-2.0999999046325684,-0.7154828310012817,-5.900000095367432,-6.902687072753906,6.4291605949401855,4.712327003479004,2.7791221141815186,-0.41671064496040344,2.25,6.1603779792785645,-2.25,-2.4354007244110107
Carreau,51564,51564,1.5222843,-9.05609050286065,-9.058647681185146,3.411736523186797,3.150164306970423,0.202797731701657,0.3802516828170246,1.0,1.0,9.85414073348147,9.77994937362594,1.0,1.0,0.020943535635215827,0.03793791024911704,1.52,0.0022842693300000327,0.28163934,0.3720388,-7.134050369262695,-6.467149257659912,-10.930868148803711,-11.257867813110352,4.5348944664001465,4.34348726272583,1.7974624633789062,-0.590168297290802,2.4518656730651855,6.417111873626709,-2.1870272159576416,-2.201199769973755
Cross,51564,51564,1.5622842,0.9455107378607142,0.9394293866899928,3.386989878605727,3.1231110273139397,0.22579214054243815,0.40495803013151255,1.0,1.0,9.497499175146066,9.298991901414388,1.0,1.0,0.018793375890896837,0.03797311412193736,1.56,0.0022842311899999856,0.2803697,0.37029603,2.868060350418091,3.5607171058654785,-0.9376438856124878,-1.2441977262496948,4.487414360046387,4.348176002502441,1.7766534090042114,-0.7738526463508606,2.4654581546783447,6.773243427276611,-2.2015957832336426,-2.211381435394287
Casson,51564,51564,1.5622842,-4.060017628144852,-4.05389083420349,5.025130500333672,3.2767531081690797,-0.1823345366394353,0.183213729370688,0.025308354666046078,1.0,inf,102046.78335239796,1.0,1.0,5.233530906277474e-08,0.08798365672514118,1.56,0.0022842311899999856,0.04904946,0.2442993,-2.0999999046325684,-0.7029821276664734,-5.900000095367432,-6.9030561447143555,6.427199840545654,4.706765651702881,2.7771594524383545,-0.5301713347434998,2.25,6.387399673461914,-2.25,-2.4350478649139404
Carreau,51564,51564,1.5622842,-9.05610197694203,-9.058989499641921,3.4036803877447994,3.140536519200735,0.21010752410661418,0.3903535147066188,1.0,1.0,9.86213159771075,9.788017399325307,1.0,1.0,0.019144312436042824,0.03586601865282681,1.56,0.0022842311899999856,0.27868953,0.36028504,-7.1334228515625,-6.444537162780762,-10.932461738586426,-11.2920503616333,4.5192646980285645,4.342904567718506,1.7918124198913574,-0.7387858033180237,2.4544320106506348,6.68841028213501,-2.186213731765747,-2.2006900310516357
Cross,51564,51564,1.6022842,0.9455157350782727,0.9391727079346005,3.379075035969546,3.113661641268179,0.23308959415780361,0.4151415455341303,1.0,1.0,9.481687093315571,9.310176312072663,1.0,1.0,0.0201927227357653,0.03675024525058502,1.6,0.0022841930399999377,0.2752907,0.35855287,2.8687033653259277,3.569200277328491,-0.9392548203468323,-1.2820663452148438,4.471780300140381,4.347200870513916,1.7727339267730713,-0.9363206028938293,2.4680376052856445,7.045813083648682,-2.2008066177368164,-2.2111966609954834
Casson,51564,51564,1.6022842,-4.060017628144852,-4.0538358226269375,5.02316957524912,3.2706845925536987,-0.18233451608921858,0.18817915747115696,0.030738499728492748,1.0,inf,109712.26594961876,1.0,1.0,1.5514817590063414e-06,0.09028442163772661,1.6,0.0022841930399999377,0.04904946,0.25678116,-2.0999999046325684,-0.6906082630157471,-5.900000095367432,-6.904836654663086,6.425239086151123,4.701373100280762,2.7751967906951904,-0.6593279838562012,2.25,6.614421367645264,-2.25,-2.4344301223754883
Carreau,51564,51564,1.6022842,-9.056115556480849,-9.059321502858364,3.395771940590828,3.131232032319342,0.21732320359740895,0.40017679957287294,1.0,1.0,9.857264570865848,9.794072517375119,1.0,1.0,0.02024927256986615,0.034443324567318245,1.6,0.0022841930399999377,0.2735416,0.34937248,-7.132794380187988,-6.421924591064453,-10.934069633483887,-11.324871063232422,4.503844261169434,4.3423309326171875,1.7858774662017822,-0.8974759578704834,2.4569952487945557,6.962649822235107,-2.1854171752929688,-2.200202703475952
Cross,51564,51564,1.6422842,0.9455196974885982,0.9389530983232225,3.371298552632156,3.1045261495733305,0.2402892459148951,0.4250518087565945,1.0,1.0,9.514858007967383,9.326623792298205,1.0,1.0,0.017696718634327643,0.03478430305079598,1.64,0.002284154890000112,0.27189314,0.34778026,2.8693387508392334,3.579599618911743,-0.9409248232841492,-1.3198835849761963,4.456287384033203,4.346236228942871,1.767956018447876,-1.10956871509552,2.470566987991333,7.3209547996521,-2.200024366378784,-2.211013078689575
Casson,51564,51564,1.6422842,-4.060017628144852,-4.053799364970409,5.0212086504789815,3.264702556163123,-0.1823344953563641,0.19299382602390525,0.03250329687378791,1.0,inf,105335.53020612792,1.0,1.0,9.862453192892467e-08,0.0903379753703014,1.64,0.002284154890000112,0.04904945,0.25286704,-2.0999999046325684,-0.6777700781822205,-5.900000095367432,-6.9048590660095215,6.423278331756592,4.6960859298706055,2.7732341289520264,-0.8041805624961853,2.25,6.841443061828613,-2.25,-2.4337158203125
Carreau,51564,51564,1.6422842,-9.056130798966601,-9.05963733212719,3.387992130767734,3.12223267402741,0.2244426060433689,0.40975321357099376,1.0,1.0,9.868027677196443,9.80145178595966,1.0,1.0,0.018041867874900787,0.03249660717732523,1.64,0.002284154890000112,0.27073509,0.33924586,-7.132180690765381,-6.403458595275879,-10.935705184936523,-11.357484817504883,4.488541603088379,4.341766357421875,1.7811005115509033,-1.0557396411895752,2.4595227241516113,7.2438836097717285,-2.184633493423462,-2.199735403060913
Cross,51564,51564,1.6822841,0.9455241584645425,0.9387716884633123,3.3636395669933177,3.0956849525062395,0.24737159536464387,0.43471286236659057,1.0,1.0,9.487742061565424,9.33660028509483,1.0,1.0,0.01971404481394657,0.03333647239586445,1.68,0.002284116740000064,0.2679159,0.33761102,2.8699753284454346,3.617830276489258,-0.9425739049911499,-1.3577007055282593,4.440950870513916,4.345282554626465,1.7632744312286377,-1.2706568241119385,2.4730565547943115,7.610671520233154,-2.199251651763916,-2.2108304500579834
Casson,51564,51564,1.6822841,-4.060017628144852,-4.053811901911126,5.019247731544004,3.2590423385853895,-0.1823344712389312,0.19770919984308785,0.03580017066170196,1.0,inf,111799.6936166948,1.0,1.0,3.4898703657945082e-06,0.08673895019882182,1.68,0.002284116740000064,0.049048856,0.23938127,-2.0999999046325684,-0.6614468693733215,-5.900000095367432,-6.904660701751709,6.4213175773620605,4.6921916007995605,2.7712714672088623,-0.9647290706634521,2.25,7.068464756011963,-2.25,-2.433077335357666
Carreau,51564,51564,1.6822841,-9.056146849571304,-9.059930211291285,3.3803217842020157,3.113519287742347,0.2314587476944107,0.41910221746612175,1.0,1.0,9.86219534291556,9.803112934604108,1.0,1.0,0.019274490045599897,0.03257260615135888,1.68,0.002284116740000064,0.26731214,0.32998022,-7.13157320022583,-6.387225151062012,-10.937314987182617,-11.390097618103027,4.473383903503418,4.3412089347839355,1.7779523134231567,-1.19975745677948,2.462015151977539,7.5381059646606445,-2.1838600635528564,-2.1992838382720947
Cross,51564,51564,1.7222841,0.9455270716580622,0.938629837310311,3.3561321892593896,3.087125545656799,0.2543643753479903,0.4441465262403675,1.0,1.0,9.465921769842371,9.346800467321772,1.0,1.0,0.02109439720771612,0.03236780985294212,1.72,0.002284078600000017,0.26455635,0.32835734,2.871289014816284,3.6560609340667725,-0.9442352056503296,-1.3940664529800415,4.425777435302734,4.344338893890381,1.7585598230361938,-1.4474408626556396,2.475513219833374,7.900388717651367,-2.1984798908233643,-2.210648536682129
Casson,51564,51564,1.7222841,-4.060017628135604,-4.0538856501575955,5.017286840083296,3.253616510363444,-0.18233443119039885,0.20233621044848882,0.053254208362423394,1.0,inf,101187.28818729975,1.0,1.0,9.752030817797256e-06,0.0892920944578274,1.72,0.002284078600000017,0.049048834,0.24369691,-2.0999999046325684,-0.6451463103294373,-5.900000095367432,-6.903287887573242,6.419356822967529,4.688908576965332,2.7693088054656982,-1.0702879428863525,2.25,7.320472240447998,-2.25,-2.432512044906616
Carreau,51564,51564,1.7222841,-9.056161431731361,-9.0601957925268,3.3728011978850705,3.1050590024451528,0.2383969323470792,0.42824351546479483,1.0,1.0,9.854443465384433,9.806822682747542,1.0,1.0,0.02059074585806949,0.03143851085365475,1.72,0.002284078600000017,0.2640939,0.32170755,-7.1309638023376465,-6.3709917068481445,-10.938905715942383,-11.422711372375488,4.458368301391602,4.340658187866211,1.773348093032837,-1.359471321105957,2.464468002319336,7.832328796386719,-2.1830921173095703,-2.198845148086548
Cross,51564,51564,1.762284,0.9455310135811386,0.9385273345549978,3.3487370885002927,3.0788203439078954,0.2612488521351177,0.45337639160353727,1.0,1.0,9.473281631901768,9.358467717942325,1.0,1.0,0.020652158724726595,0.031284604797473366,1.76,0.002284040449999969,0.26052892,0.3201009,2.8726296424865723,3.694291591644287,-0.9459085464477539,-1.4249080419540405,4.410778522491455,4.343506336212158,1.7547352313995361,-1.6399208307266235,2.4779276847839355,8.190105438232422,-2.19771409034729,-2.21046781539917
Casson,51564,51564,1.762284,-4.060017628107862,-4.053946817090463,5.015325950915963,3.248275019837152,-0.18233438981485284,0.20691223542503823,0.10140795904119153,1.0,inf,103616.19033574121,1.0,1.0,9.780583442821733e-06,0.09608206136493243,1.76,0.002284040449999969,0.049048763,0.24219014,-2.0999999046325684,-0.6300148367881775,-5.900000095367432,-6.901273250579834,6.417396068572998,4.683945655822754,2.767346143722534,-1.183688759803772,2.25,7.575255870819092,-2.25,-2.432055950164795
Carreau,51564,51564,1.762284,-9.056174398532027,-9.060429900521665,3.365395613886851,3.096827058130701,0.24523431710467314,0.43719364334003746,1.0,1.0,9.858457785619626,9.810787275730616,1.0,1.0,0.019804683375997976,0.030179507730127484,1.76,0.002284040449999969,0.25973517,0.31402493,-7.130352973937988,-6.354758262634277,-10.9404878616333,-11.446748733520508,4.443522930145264,4.340114116668701,1.768839955329895,-1.5348811149597168,2.466871738433838,8.126551628112793,-2.182325839996338,-2.1984169483184814
Cross,51564,51564,1.802284,0.945537294720232,0.9384611857203755,3.3414613898499925,3.0707469504107063,0.26803073404658156,0.4624210503527766,1.0,1.0,9.4643578828329,9.373516646522537,1.0,1.0,0.02151416591195364,0.03016646052428113,1.8,0.002284002299999921,0.25554258,0.3123957,2.873957872390747,3.7306127548217773,-0.9475767612457275,-1.45574951171875,4.395938873291016,4.342731952667236,1.7529946565628052,-1.8480968475341797,2.4803099632263184,8.479822158813477,-2.196955680847168,-2.2102878093719482
Casson,51564,51564,1.802284,-4.060017628070872,-4.053997324243999,5.013365065900749,3.2430797241706992,-0.1823343460187784,0.21139315474320908,0.22750368474129237,1.0,inf,106461.08281408767,1.0,1.0,1.0023115190019538e-05,0.10013376130641095,1.8,0.002284002299999921,0.04904869,0.22837113,-2.0999999046325684,-0.6345893144607544,-5.900000095367432,-6.899291038513184,6.415435314178467,4.679088592529297,2.76538348197937,-1.3127855062484741,2.25,7.8300395011901855,-2.25,-2.4317195415496826
Carreau,51564,51564,1.802284,-9.056186593436129,-9.060628424085849,3.358110895651878,3.0888081697335705,0.25197325289682576,0.44597330705975147,1.0,1.0,9.850261643816767,9.81417858080908,1.0,1.0,0.021657621020709804,0.029442077797564647,1.8,0.002284002299999921,0.25478372,0.30700216,-7.129743576049805,-6.338452339172363,-10.94206714630127,-11.469271659851074,4.428822040557861,4.33957576751709,1.7641912698745728,-1.7259868383407593,2.4692342281341553,8.42077350616455,-2.1815731525421143,-2.197997808456421
Cross,51564,51564,1.842284,0.9455464473876912,0.9384282068378994,3.334301118306124,3.06289608163422,0.27471295827823206,0.47129347606899374,1.0,1.0,9.468751852733005,9.384333716950067,1.0,1.0,0.02102449714237491,0.029042758257395097,1.84,0.002283964159999874,0.25278744,0.3053257,2.8752591609954834,3.766833543777466,-0.9492654204368591,-1.486591100692749,4.381283760070801,4.341982364654541,1.7512943744659424,-2.0719687938690186,2.482665777206421,8.769538879394531,-2.1961963176727295,-2.210108757019043
Casson,51564,51564,1.842284,-4.060017628070872,-4.054024512250072,5.011404186017888,3.2380168089698316,-0.18233429927275727,0.21578110804382683,0.3487898533860833,1.0,inf,118024.73969521574,1.0,1.0,1.0743011598604783e-05,0.0859858157831189,1.84,0.002283964159999874,0.049048655,0.22862752,-2.0999999046325684,-0.6388328075408936,-5.900000095367432,-6.897493362426758,6.4134745597839355,4.674319744110107,2.763420820236206,-1.457578182220459,2.25,8.084823608398438,-2.25,-2.431596040725708
Carreau,51564,51564,1.842284,-9.056198893863249,-9.060787131553125,3.350942906626589,3.0809965393015153,0.2586169572109052,0.4546044356746101,1.0,1.0,9.85460210109125,9.818401072478611,1.0,1.0,0.02075541329233005,0.02863568776477317,1.84,0.002283964159999874,0.25206152,0.30053654,-7.129127025604248,-6.321928977966309,-10.94363021850586,-11.48974609375,4.414292335510254,4.339043140411377,1.7596378326416016,-1.9327884912490845,2.4715662002563477,8.714996337890625,-2.1808178424835205,-2.1975865364074707
Cross,51564,51564,1.8822839,0.9455565012495405,0.938424970392331,3.3272473897365056,3.0552352479345544,0.28128411311092344,0.48001144499441045,1.0,1.0,9.509466308802446,9.394870009472978,1.0,1.0,0.018070084221598535,0.028251047711692987,1.88,0.002283926010000048,0.24886091,0.29926535,2.876537322998047,3.8030543327331543,-0.950950026512146,-1.517432689666748,4.366828918457031,4.3412370681762695,1.7496528625488281,-2.3115365505218506,2.484987735748291,9.059255599975586,-2.195443868637085,-2.209930181503296
Casson,51564,51564,1.8822839,-4.060017628061624,-4.054041257520993,5.009443311387597,3.233065763309061,-0.18233424952361635,0.22006908332134067,0.3927352416414553,1.0,inf,109853.67049476574,1.0,1.0,1.0771803282431314e-05,0.09288131542829461,1.88,0.002283926010000048,0.049048748,0.22369678,-2.0999999046325684,-0.6399271488189697,-5.900000095367432,-6.896008491516113,6.411513805389404,4.670871257781982,2.761458158493042,-1.6180669069290161,2.25,8.339607238769531,-2.25,-2.431668519973755
Carreau,51564,51564,1.8822839,-9.056211831830266,-9.060907843271817,3.3438760485514836,3.073372921427331,0.26515840686817677,0.46309860188393714,1.0,1.0,9.867417054867673,9.822746944569902,1.0,1.0,0.018173477301016358,0.02764626368997262,1.88,0.002283926010000048,0.24854928,0.2946677,-7.128506660461426,-6.309859275817871,-10.94520378112793,-11.506296157836914,4.399937629699707,4.338512420654297,1.7569491863250732,-2.1552860736846924,2.4738733768463135,9.0092191696167,-2.180070638656616,-2.1971793174743652
Cross,51564,51564,1.9222839,0.9455662330648553,0.9384499393754726,3.3203551270470535,3.0477523389068297,0.2877765261323696,0.4885904689114231,1.0,1.0,9.473307402063107,9.402526588466204,1.0,1.0,0.020709038978996463,0.027605331895370164,1.92,0.00228388786,0.24505703,0.2932917,2.877788543701172,3.8384883403778076,-0.9526205658912659,-1.5469677448272705,4.352570533752441,4.34049654006958,1.748078465461731,-2.566800355911255,2.487269163131714,9.348973274230957,-2.194692611694336,-2.2097525596618652
Casson,51564,51564,1.9222839,-4.06001762808012,-4.054026674030454,5.007482375196818,3.2283283031542185,-0.18233423530098913,0.22433097137054064,0.4375145450314173,1.0,inf,103881.83592335049,1.0,1.0,4.437599134272178e-05,0.09827386654586301,1.92,0.00228388786,0.049057733,0.23108202,-2.0999999046325684,-0.640880823135376,-5.900000095367432,-6.895077228546143,6.409553050994873,4.666455268859863,2.759495496749878,-1.794251561164856,2.25,8.594390869140625,-2.25,-2.4316246509552
Carreau,51564,51564,1.9222839,-9.056224318964045,-9.061000105084611,3.3369543549485723,3.06591133989326,0.2716279804151151,0.47146026668894603,1.0,1.0,9.854668181895581,9.825285551259668,1.0,1.0,0.020628597242887577,0.027087244736488374,1.92,0.00228388786,0.24520166,0.28920498,-7.12788200378418,-6.298565864562988,-10.94676685333252,-11.522847175598145,4.38574743270874,4.337985992431641,1.7552329301834106,-2.393479824066162,2.476158380508423,9.303441047668457,-2.1793274879455566,-2.196777582168579
Cross,51564,51564,1.9622838,0.9455742191463689,0.9385031046334789,3.3135468256444875,3.0404413891794198,0.2941540045198647,0.49702956012096305,1.0,1.0,9.476873580178244,9.407531053981458,1.0,1.0,0.020581631922966533,0.02723240107661092,1.96,0.002283849719999953,0.24057688,0.28773406,2.879016637802124,3.867950201034546,-0.9542762041091919,-1.575641393661499,4.348845481872559,4.3397603034973145,1.745036005973816,-2.8377602100372314,2.4894986152648926,9.638689994812012,-2.193943738937378,-2.2095754146575928
Casson,51564,51564,1.9622838,-4.0600176281541,-4.054011201351758,5.005521312287795,3.22372358793655,-0.18233429404330623,0.22854070565336665,0.4654603987277946,1.0,inf,106815.1070056151,1.0,1.0,0.00016732444155496872,0.09422608879366834,1.96,0.002283849719999953,0.049072094,0.225618,-2.0999999046325684,-0.6365912556648254,-5.900000095367432,-6.89466667175293,6.407592296600342,4.661727428436279,2.757532835006714,-1.9861321449279785,2.25,8.849174499511719,-2.25,-2.4316086769104004
Carreau,51564,51564,1.9622838,-9.056235910960067,-9.061069257440066,3.3301098594797027,3.0586120037850146,0.27799139067950884,0.47969980631749193,1.0,1.0,9.858146079035452,9.82937321835091,1.0,1.0,0.0201332280658925,0.02630156641646021,1.96,0.002283849719999953,0.24103084,0.28399882,-7.127264976501465,-6.2870988845825195,-10.948305130004883,-11.53291130065918,4.371666431427002,4.337465763092041,1.7535864114761353,-2.647369384765625,2.4784042835235596,9.597663879394531,-2.178590774536133,-2.1963820457458496
Cross,51564,51564,2.0022838,0.9455793909441077,0.9385810171373609,3.3068348740636218,3.0332806602057056,0.30042537766334776,0.50533716448328,1.0,1.0,9.478873846732695,9.41853483680258,1.0,1.0,0.020536475807291198,0.026124805961189195,2.0,0.002283811569999905,0.23667094,0.28273046,2.880202531814575,3.8973326683044434,-0.9558835625648499,-1.6043150424957275,4.3483757972717285,4.339033126831055,1.7403045892715454,-3.124415874481201,2.49169921875,9.928406715393066,-2.193194627761841,-2.2093987464904785
Casson,51564,51564,2.0022838,-4.060017628200336,-4.05399266561344,5.003560024831415,3.2190581603880895,-0.18233448226192966,0.23261513237789427,0.494298347684431,1.0,inf,107853.58176725115,1.0,1.0,0.0002298998729745112,0.08718202112521482,2.0,0.002283811569999905,0.049088623,0.2275613,-2.0999999046325684,-0.6142199635505676,-5.900000095367432,-6.894568920135498,6.4056315422058105,4.657790660858154,2.75557017326355,-2.193708658218384,2.25,9.103958129882812,-2.25,-2.4311907291412354
Carreau,51564,51564,2.0022838,-9.056247374175657,-9.061119443857404,3.3233531708723265,3.051467165850639,0.28425274107865495,0.4878207650063212,1.0,1.0,9.855692982405468,9.833333929943878,1.0,1.0,0.020578337813846364,0.02545021965284157,2.0,0.002283811569999905,0.23727679,0.27898797,-7.126638412475586,-6.273423671722412,-10.949806213378906,-11.538650512695312,4.357757091522217,4.336950778961182,1.7519890069961548,-2.916954755783081,2.480626106262207,9.891886711120605,-2.17785382270813,-2.1959922313690186
Cross,51564,51564,2.0422847,0.9455824849086327,0.938673914165638,3.300304446886402,3.0262588464048106,0.30663661247665,0.5135230441061787,1.0,1.0,9.48386478976147,9.425337743536291,1.0,1.0,0.019615769405636824,0.025684948900095112,2.04,0.002284727100000161,0.23467566,0.27807537,2.881370782852173,3.926715135574341,-0.9574601650238037,-1.6342769861221313,4.347904682159424,4.338312149047852,1.735690712928772,-3.426767587661743,2.493868827819824,10.218123435974121,-2.1924479007720947,-2.2092225551605225
Casson,51564,51564,2.0422847,-4.060017628209584,-4.053992957966802,5.001598865202978,3.214487921200456,-0.18233459666715235,0.23664742989943324,0.5308742533550539,1.0,inf,109317.40858864423,1.0,1.0,0.00013657010071060162,0.09617137345594087,2.04,0.002284727100000161,0.049094025,0.22175242,-2.0999999046325684,-0.5888810753822327,-5.900000095367432,-6.894641399383545,6.403670787811279,4.654283046722412,2.7536075115203857,-2.4169812202453613,2.25,9.358742713928223,-2.25,-2.4306702613830566
Carreau,51564,51564,2.0422847,-9.05625902375575,-9.0611549647024,3.3167730706447904,3.044464683913404,0.29045981615016747,0.49582974982021427,1.0,1.0,9.858819724433168,9.836534709901198,1.0,1.0,0.0197695875254811,0.02472356636760006,2.04,0.002284727100000161,0.23528416,0.27439278,-7.126010894775391,-6.2564377784729,-10.951294898986816,-11.544388771057129,4.34401273727417,4.336441993713379,1.7504438161849976,-3.2022361755371094,2.4828193187713623,10.186108589172363,-2.1771223545074463,-2.1956076622009277
Cross,51564,51564,2.0822856,0.9455842572732895,0.9387773835062564,3.293837329017747,3.0193646827471996,0.312721747778108,0.5215973448921271,1.0,1.0,9.48630394913229,9.433445080905544,1.0,1.0,0.019582493900878423,0.025122467679661333,2.08,0.0022856426199999724,0.23100547,0.2736986,2.882506847381592,3.9605162143707275,-0.9590117931365967,-1.661845088005066,4.347438812255859,4.337596893310547,1.7308075428009033,-3.7448153495788574,2.496005058288574,10.507840156555176,-2.191697597503662,-2.2090470790863037
Casson,51564,51564,2.0822856,-4.060017628292812,-4.05397957689744,4.9996379536474915,3.2100423312249733,-0.18233456781269688,0.2406532641734913,0.5509076099604375,1.0,inf,110628.24936304573,1.0,1.0,7.812913667166317e-05,0.10512921220415926,2.08,0.0022856426199999724,0.04910554,0.22553657,-2.0999999046325684,-0.561506986618042,-5.900000095367432,-6.894792556762695,6.401710033416748,4.651371955871582,2.7516448497772217,-2.655949831008911,2.25,9.613526344299316,-2.25,-2.430126905441284
Carreau,51564,51564,2.0822856,-9.056272622325887,-9.061174310295884,3.3102533981087285,3.0375884984076698,0.29654137930721386,0.5037351797833787,1.0,1.0,9.857416889229365,9.839845382023354,1.0,1.0,0.01993690999917389,0.023952779007474112,2.08,0.0022856426199999724,0.2318163,0.27023917,-7.125385761260986,-6.2389702796936035,-10.952733039855957,-11.550127983093262,4.337764263153076,4.335938453674316,1.7467352151870728,-3.50321364402771,2.4849793910980225,10.480331420898438,-2.1763904094696045,-2.1952288150787354
Cross,51564,51564,2.1222866,0.9455836662143927,0.9388914480523757,3.287465584968431,3.0125893218684805,0.31870820559406376,0.5295658856409897,1.0,1.0,9.460461453473759,9.43819613135746,1.0,1.0,0.02199316550330889,0.024650071200633873,2.12,0.0022865581499997845,0.22610311,0.26971275,2.883617401123047,3.9950971603393555,-0.9605318307876587,-1.6889764070510864,4.346963882446289,4.336885929107666,1.7260162830352783,-4.078558921813965,2.4981062412261963,10.79755687713623,-2.190952777862549,-2.208872079849243
Casson,51564,51564,2.1222866,-4.060017628320554,-4.053973520619802,4.997677080478303,3.2057569762767715,-0.18233451464661138,0.24461071327239708,0.35532542083624236,1.0,inf,109082.52337619376,1.0,1.0,8.027897394164663e-06,0.08739805281712489,2.12,0.0022865581499997845,0.049048066,0.22465836,-2.0999999046325684,-0.5347838401794434,-5.900000095367432,-6.895024299621582,6.399749279022217,4.648090362548828,2.7496821880340576,-2.910614252090454,2.25,9.86830997467041,-2.25,-2.4294748306274414
Carreau,51564,51564,2.1222866,-9.056288990378148,-9.061181123868312,3.3038307928024553,3.0308247829470782,0.30252336882436165,0.5115478079692483,1.0,1.0,9.85039593392759,9.84246538336602,1.0,1.0,0.021595421160482343,0.02354183625138624,2.12,0.0022865581499997845,0.22679758,0.26663554,-7.124755859375,-6.22037935256958,-10.954124450683594,-11.555867195129395,4.337290287017822,4.335440635681152,1.7420915365219116,-3.819887161254883,2.48710036277771,10.774554252624512,-2.1756579875946045,-2.194854974746704
Cross,51564,51564,2.1622875,0.9455801675745668,0.9390137650513537,3.281220225963348,3.0059242180684107,0.32461463025359727,0.5374414403029326,1.0,1.0,9.466816844058716,9.448000059330512,1.0,1.0,0.021335509502028272,0.023928398222344115,2.16,0.0022874736800000406,0.22248507,0.26613975,2.8847413063049316,4.0296783447265625,-0.9620259404182434,-1.716107726097107,4.346496105194092,4.336181163787842,1.7213069200515747,-4.4279985427856445,2.5001704692840576,11.087273597717285,-2.1902036666870117,-2.208697557449341
Casson,51564,51564,2.1622875,-4.060017628329802,-4.053983827294441,4.995716216334656,3.2015254658149614,-0.18233444886002495,0.24850217748477527,0.14760297882243426,1.0,inf,109846.20375830901,1.0,1.0,7.98313153824934e-06,0.08862060243806046,2.16,0.0022874736800000406,0.04904808,0.22443107,-2.0999999046325684,-0.5067064762115479,-5.900000095367432,-6.895339488983154,6.3977885246276855,4.643296241760254,2.7477195262908936,-3.1809744834899902,2.25,10.123093605041504,-2.25,-2.4287922382354736
Carreau,51564,51564,2.1622875,-9.056308389523801,-9.06117772965405,3.29753584292018,3.0241619095650085,0.3084264767390155,0.5192798727686856,1.0,1.0,9.849638652278106,9.844431029049662,1.0,1.0,0.021727751770750564,0.02329891729934606,2.16,0.0022874736800000406,0.22311065,0.26353234,-7.12412166595459,-6.201892375946045,-10.955491065979004,-11.563800811767578,4.336813449859619,4.334948539733887,1.7377009391784668,-4.152256488800049,2.489189624786377,11.06877613067627,-2.174926996231079,-2.194485902786255
Cross,51564,51564,2.2022884,0.9455737785074433,0.9391411584916859,3.2750774528679525,2.9993616736234063,0.3304317347824221,0.545234625444826,1.0,1.0,9.464134159149907,9.452638264392625,1.0,1.0,0.021504215722672238,0.02343541839089468,2.2,0.0022883892099998526,0.21917792,0.26295474,2.8859078884124756,4.064259052276611,-0.9634914398193359,-1.742722749710083,4.346022605895996,4.335480213165283,1.716672420501709,-4.7931342124938965,2.5021960735321045,11.376991271972656,-2.1894569396972656,-2.2085232734680176
Casson,51564,51564,2.2022884,-4.060017628366792,-4.05394401468788,4.993755350887114,3.1973883111060784,-0.1823343838178608,0.2523175713561684,0.016658909316577458,1.0,inf,103159.71922254865,1.0,1.0,1.046602188374705e-05,0.09295221492264304,2.2,0.0022883892099998526,0.0490481,0.22276928,-2.0999999046325684,-0.4892887771129608,-5.900000095367432,-6.895720958709717,6.395827770233154,4.638538837432861,2.7457568645477295,-3.4670310020446777,2.25,10.377877235412598,-2.25,-2.4282524585723877
Carreau,51564,51564,2.2022884,-9.056331017261313,-9.061166721507046,3.2913378833170848,3.0175933544272597,0.3142398812115018,0.526940849055413,1.0,1.0,9.852662457514286,9.84664289615271,1.0,1.0,0.02115296043178077,0.02294527641143209,2.2,0.0022883892099998526,0.21995261,0.26048473,-7.123485088348389,-6.193027973175049,-10.956849098205566,-11.573883056640625,4.336340427398682,4.334461688995361,1.7329150438308716,-4.500321865081787,2.4912476539611816,11.362998962402344,-2.1741936206817627,-2.1941215991973877
Cross,51564,51564,2.2422893,0.9455621027129991,0.9392722738526442,3.269068973635547,2.99288439761036,0.33617806673511924,0.552949997319066,1.0,1.0,9.54751444597165,9.463412165382856,1.0,1.0,0.01569790051359728,0.022788926657562287,2.24,0.002289304729999664,0.21555604,0.26005802,2.887054681777954,4.098840236663818,-0.9649235606193542,-1.7646924257278442,4.345548152923584,4.334784507751465,1.7121416330337524,-5.1739654541015625,2.5041847229003906,11.666707992553711,-2.188711643218994,-2.2083494663238525
Casson,51564,51564,2.2422893,-4.060017628366792,-4.0539024378131945,4.991794483821264,3.1933498171555272,-0.18233431966114305,0.25608297367789856,0.0002909006283453572,1.0,inf,104289.66762026047,1.0,1.0,1.277545056011857e-05,0.10016342817183695,2.24,0.002289304729999664,0.04904812,0.21009934,-2.0999999046325684,-0.4786170721054077,-5.900000095367432,-6.896186351776123,6.393867015838623,4.634921073913574,2.7437942028045654,-3.7687830924987793,2.25,10.632660865783691,-2.25,-2.427980422973633
Carreau,51564,51564,2.2422893,-9.056356149586831,-9.061150729355676,3.2852782437456614,3.0111159889301504,0.31999173388839924,0.5345276750375585,1.0,1.0,9.886152254074949,9.850125304843093,1.0,1.0,0.014918880058801917,0.022129483173762815,2.24,0.002289304729999664,0.21660917,0.25739732,-7.121842861175537,-6.204437732696533,-10.958171844482422,-11.580469131469727,4.335865497589111,4.333981990814209,1.7282037734985352,-4.865609645843506,2.49326753616333,11.657221794128418,-2.1734611988067627,-2.19376277923584
Cross,51564,51564,2.2822902,0.9455467145858263,0.9394085372618216,3.263087837373893,2.986490362116258,0.3418030706025373,0.5605943065456986,1.0,1.0,9.572152950212368,9.465351749738945,1.0,1.0,0.014207111841682706,0.022424778767579985,2.28,0.002290220260000364,0.21324596,0.25726366,2.8881759643554688,4.133420944213867,-0.9663510918617249,-1.7866621017456055,4.3450703620910645,4.334092140197754,1.7082114219665527,-5.570493221282959,2.5061302185058594,11.956424713134766,-2.1879680156707764,-2.2081761360168457
Casson,51564,51564,2.2822902,-4.060017628320554,-4.0538890651786925,4.989833614730213,3.189355893112293,-0.18233425670659795,0.25977949166692876,0.0002909006283453572,1.0,inf,100784.03682264255,1.0,1.0,1.2621452327084093e-05,0.09965799608531477,2.28,0.002290220260000364,0.049048133,0.21824193,-2.0999999046325684,-0.47000038623809814,-5.900000095367432,-6.896716594696045,6.391906261444092,4.63259744644165,2.7418315410614014,-4.086231708526611,2.25,10.887444496154785,-2.25,-2.4276034832000732
Carreau,51564,51564,2.2822902,-9.056383768809923,-9.061131767782374,3.2792339856773856,3.0047262970114086,0.32561272045885725,0.5420389015339114,1.0,1.0,9.892220552079886,9.848555629455538,1.0,1.0,0.013860801937292954,0.022441392497097236,2.28,0.002290220260000364,0.21421574,0.2544416,-7.120200157165527,-6.2169694900512695,-10.959482192993164,-11.584209442138672,4.335383892059326,4.333507061004639,1.72355318069458,-5.254562854766846,2.495250701904297,11.951444625854492,-2.172731876373291,-2.193408250808716
Cross,51564,51564,2.3222911,0.9455292530352781,0.9395502993320525,3.2572433226542814,2.980172601685944,0.3473829458445062,0.5681698575242066,1.0,1.0,9.497547658084759,9.471476385308776,1.0,1.0,0.019390703688239367,0.022091424170450683,2.32,0.002291135790000176,0.21008746,0.25455883,2.8892762660980225,4.168002128601074,-0.9677417874336243,-1.8086317777633667,4.344602108001709,4.333405017852783,1.7063677310943604,-5.9827165603637695,2.508047342300415,12.24614143371582,-2.1872196197509766,-2.208003044128418
Casson,51564,51564,2.3222911,-4.060017628320554,-4.053869536770582,4.987872744446239,3.185511967776147,-0.18233419445486146,0.2634412343150294,0.0002909006283453572,1.0,inf,110215.24675186943,1.0,1.0,1.1017563867035654e-05,0.09253552530172235,2.32,0.002291135790000176,0.04904815,0.21897867,-2.0999999046325684,-0.4644896388053894,-5.900000095367432,-6.897238254547119,6.3899455070495605,4.628836631774902,2.7398688793182373,-4.419375896453857,2.25,11.142228126525879,-2.25,-2.4272189140319824
Carreau,51564,51564,2.3222911,-9.056413765449648,-9.061108493793835,3.273336362502599,2.998418120755406,0.3311883825043391,0.5494790886546057,1.0,1.0,9.865209080418163,9.854057371140119,1.0,1.0,0.018865603732203827,0.02130672963459361,2.32,0.002291135790000176,0.21077359,0.2515632,-7.117880344390869,-6.229405879974365,-10.960813522338867,-11.586563110351562,4.334901332855225,4.333037376403809,1.7189704179763794,-5.659212112426758,2.4971985816955566,12.24566650390625,-2.1720030307769775,-2.1930577754974365
Cross,51564,51564,2.3622921,0.9455095758353755,0.9396959171744095,3.2514825466762787,2.9739297750827,0.3528883660564311,0.5756776182487465,1.0,1.0,9.544030831807264,9.47490339872031,1.0,1.0,0.01631305366244492,0.021869346448428903,2.36,0.002292051319999988,0.2066227,0.25208744,2.8903541564941406,4.202582836151123,-0.9691095352172852,-1.830601453781128,4.344121932983398,4.332721710205078,1.7046271562576294,-6.410635948181152,2.509925365447998,12.535858154296875,-2.186476945877075,-2.2078301906585693
Casson,51564,51564,2.3622921,-4.060017628320554,-4.0538526310610505,4.985911904336797,3.1816996141485614,-0.18233411473000788,0.26706840209801624,0.000310294003568381,1.0,inf,96073.02279467195,1.0,1.0,1.3038038902895341e-05,0.1000324193370315,2.36,0.002292051319999988,0.04904758,0.20834973,-2.0999999046325684,-0.4590509235858917,-5.900000095367432,-6.897701740264893,6.387984752655029,4.625556945800781,2.7379062175750732,-4.768216133117676,2.25,11.397012710571289,-2.25,-2.4269111156463623
Carreau,51564,51564,2.3622921,-9.056446080553311,-9.061076434688214,3.2675235380574144,2.9921924132435733,0.3366848518763266,0.5568546667008425,1.0,1.0,9.879881839479951,9.856145497077135,1.0,1.0,0.01611471416223982,0.020922844038416627,2.36,0.002292051319999988,0.20731492,0.24887636,-7.115362167358398,-6.241556644439697,-10.96212387084961,-11.585679054260254,4.334423542022705,4.332572937011719,1.7144702672958374,-6.079557418823242,2.4991061687469482,12.539889335632324,-2.1712725162506104,-2.19271183013916
Cross,51564,51564,2.402293,0.945487825851643,0.9398423036625555,3.245821787890984,2.9677602186954632,0.35832270243206693,0.5831260026282464,1.0,1.0,9.520490015175426,9.48014298559724,1.0,1.0,0.017792622150662032,0.02141958408474404,2.4,0.0022929668400002434,0.20380767,0.24970321,2.8914167881011963,4.23716402053833,-0.9704595804214478,-1.8525711297988892,4.343647003173828,4.3320417404174805,1.702962040901184,-6.854251384735107,2.511777877807617,12.82557487487793,-2.185732126235962,-2.207657814025879
Casson,51564,51564,2.402293,-4.060017628265069,-4.053842280831929,4.983951073178919,3.177935242357407,-0.1823340298728018,0.27066212323553634,0.006399813823597859,1.0,inf,97565.25962534397,1.0,1.0,1.3384804213097466e-05,0.10196003106978357,2.4,0.0022929668400002434,0.04904758,0.20812224,-2.0999999046325684,-0.45905205607414246,-5.900000095367432,-6.898221015930176,6.386023998260498,4.624939441680908,2.735943555831909,-5.132751941680908,2.25,11.651796340942383,-2.25,-2.4266459941864014
Carreau,51564,51564,2.402293,-9.056481294243193,-9.061037510677394,3.2618053575162604,2.986041522313301,0.3421118144787023,0.5641670288910019,1.0,1.0,9.872698531335027,9.855898745296148,1.0,1.0,0.017562476024308375,0.02106338008808429,2.4,0.0022929668400002434,0.20472766,0.24644813,-7.112858295440674,-6.253757476806641,-10.963419914245605,-11.584795951843262,4.333945274353027,4.332113742828369,1.710141897201538,-6.515598297119141,2.500978708267212,12.834112167358398,-2.1705427169799805,-2.1923694610595703
Cross,51564,51564,2.4422939,0.9454664990105107,0.9399894394124673,3.240243042976915,2.9616613968851544,0.3636877602092342,0.5905167119945713,1.0,1.0,9.546115812953103,9.48953606916652,1.0,1.0,0.01611434810572168,0.020669631875416542,2.44,0.0022938823700000555,0.20113002,0.24738708,2.8935163021087646,4.271745204925537,-0.9717699885368347,-1.8745408058166504,4.343173980712891,4.331366062164307,1.7013572454452515,-7.313562393188477,2.513597249984741,13.1152925491333,-2.184987783432007,-2.2074854373931885
Casson,51564,51564,2.4422939,-4.060017628218832,-4.053808680817816,4.9819902426221265,3.1742747166151326,-0.18233394469424577,0.2742454156275484,0.024881700411139556,1.0,inf,107222.42711150915,1.0,1.0,1.3300936642663425e-05,0.0908758938690243,2.44,0.0022938823700000555,0.04904757,0.21540849,-2.0999999046325684,-0.4590531587600708,-5.900000095367432,-6.898800849914551,6.384063243865967,4.620534896850586,2.733980894088745,-5.512984275817871,2.25,11.906579971313477,-2.25,-2.4263954162597656
Carreau,51564,51564,2.4422939,-9.056519817764066,-9.060996696277822,3.256174879612855,2.9799572218567807,0.3474728125010034,0.5714203200819784,1.0,1.0,9.881711975023233,9.859301133601921,1.0,1.0,0.01583669116877878,0.020359779381282,2.44,0.0022938823700000555,0.20201054,0.2442036,-7.110475540161133,-6.266587257385254,-10.964682579040527,-11.580842971801758,4.333471298217773,4.331658840179443,1.7083523273468018,-6.967335224151611,2.502821683883667,13.128334045410156,-2.1698107719421387,-2.1920313835144043
Cross,51564,51564,2.4822948,0.945446940816462,0.9401385130477073,3.234772769826016,2.955620799665966,0.36899687937692205,0.5978472934456117,1.0,1.0,9.592001132002979,9.493528259622607,1.0,1.0,0.013162441887534179,0.02040615149321893,2.48,0.0022947978999998675,0.19915181,0.2453834,2.8958425521850586,4.306325912475586,-0.973064124584198,-1.8965104818344116,4.342703342437744,4.33069372177124,1.6998035907745361,-7.788569927215576,2.5153961181640625,13.405009269714355,-2.184241771697998,-2.2073135375976562
Casson,51564,51564,2.4822948,-4.060017628181842,-4.053798003016298,4.98002941160296,3.1705820090050367,-0.18233385973300553,0.27776956496448113,0.0331432782561477,1.0,inf,105229.84231612741,1.0,1.0,9.98185294716465e-06,0.1105761312715181,2.48,0.0022947978999998675,0.049047563,0.2107632,-2.0999999046325684,-0.45905429124832153,-5.900000095367432,-6.899418830871582,6.3821024894714355,4.618051528930664,2.732018232345581,-5.908912181854248,2.25,12.16136360168457,-2.25,-2.4262325763702393
Carreau,51564,51564,2.4822948,-9.056560723574997,-9.060953685989688,3.250642870251789,2.9739355035130726,0.35277515805969156,0.5786169758641427,1.0,1.0,9.8989716354255,9.86008036901394,1.0,1.0,0.012657770051478294,0.020275963183253726,2.48,0.0022947978999998675,0.20042092,0.24203819,-7.108082294464111,-6.278134822845459,-10.965929985046387,-11.571455955505371,4.332988739013672,4.331209659576416,1.7066185474395752,-7.434768199920654,2.5046417713165283,13.42255687713623,-2.169084072113037,-2.191697359085083
Cross,51564,51564,2.5222957,0.9454293557163603,0.9402863393288032,3.2293934297542224,2.949631488894106,0.3742468027349801,0.605123770319704,1.0,1.0,9.51599575904331,9.50148547744836,1.0,1.0,0.01779866475915884,0.020006150050086314,2.52,0.002295713420000123,0.19512148,0.24338795,2.898137092590332,4.340907096862793,-0.9743416905403137,-1.9184801578521729,4.342226982116699,4.330024719238281,1.6958338022232056,-8.27927303314209,2.5171635150909424,13.69472599029541,-2.183500051498413,-2.2071421146392822
Casson,51564,51564,2.5222957,-4.060017628163346,-4.053817449825783,4.978068580694763,3.166948085801832,-0.1823337746792905,0.2811978191138577,0.03626561166705453,1.0,inf,105775.69299796566,1.0,1.0,1.2319418700125623e-05,0.10084098916404637,2.52,0.002295713420000123,0.04904757,0.21050805,-2.0999999046325684,-0.45905542373657227,-5.900000095367432,-6.900075912475586,6.380141735076904,4.615781307220459,2.730055570602417,-6.320536136627197,2.25,12.416147232055664,-2.25,-2.4261765480041504
Carreau,51564,51564,2.5222957,-9.056603074295731,-9.06090642221127,3.245200022334929,2.9679744177536467,0.3580190203951416,0.5857574740195495,1.0,1.0,9.870594866114326,9.862177850045834,1.0,1.0,0.017794331551443335,0.019837880057165476,2.52,0.002295713420000123,0.1959815,0.23992409,-7.105723857879639,-6.282318115234375,-10.967170715332031,-11.562067985534668,4.332503795623779,4.3307647705078125,1.704949975013733,-7.9178972244262695,2.5064356327056885,13.716779708862305,-2.1683592796325684,-2.1913671493530273
Cross,51564,51564,2.5622966,0.9454136947574395,0.9404301735120063,3.224024024342429,2.9436991714740244,0.37939685082455255,0.6123509598934033,1.0,1.0,9.537837176953245,9.508246287669992,1.0,1.0,0.01658481390166583,0.019301892171015553,2.56,0.002296628949999935,0.19398473,0.24143937,2.9003264904022217,4.375487804412842,-0.975584864616394,-1.940449833869934,4.3417487144470215,4.3293585777282715,1.6937366724014282,-8.785672187805176,2.5189049243927,13.984442710876465,-2.1827592849731445,-2.206970691680908
Casson,51564,51564,2.5622966,-4.06001762811711,-4.053827987425651,4.976107749139243,3.163569086687669,-0.18233368998853913,0.2846083329498069,0.03938794507796137,1.0,inf,101816.95917196551,1.0,1.0,1.2046991980255137e-05,0.10599496519956184,2.56,0.002296628949999935,0.049047563,0.19726858,-2.0999999046325684,-0.4590565264225006,-5.900000095367432,-6.900763511657715,6.378180980682373,4.613943576812744,2.728092908859253,-6.747856140136719,2.25,12.670930862426758,-2.25,-2.4261374473571777
Carreau,51564,51564,2.5622966,-9.056644755498773,-9.060857908672658,3.2397768095270933,2.9620706080331,0.3631651353518735,0.592838416424659,1.0,1.0,9.879125177966605,9.865737770223495,1.0,1.0,0.016238508390815535,0.0191451653540567,2.56,0.002296628949999935,0.19480208,0.23774087,-7.103488922119141,-6.256071090698242,-10.968379974365234,-11.552680969238281,4.332030296325684,4.330324172973633,1.7033476829528809,-8.416722297668457,2.5081918239593506,14.011001586914062,-2.167630434036255,-2.191040515899658
Cross,51564,51564,2.6022975,0.9453997627573885,0.9405699282817007,3.2188203941604994,2.937812156906961,0.38453814821543636,0.6195277481940391,1.0,1.0,9.572203294863371,9.513902530170062,1.0,1.0,0.014285043139924295,0.01895219759686697,2.6,0.002297544479999747,0.18997192,0.2396831,2.9025301933288574,4.410068988800049,-0.9768201112747192,-1.9624195098876953,4.341274261474609,4.328696250915527,1.691774845123291,-9.307766914367676,2.5206403732299805,14.27415943145752,-2.1820170879364014,-2.2067995071411133
Casson,51564,51564,2.6022975,-4.06001762804313,-4.053811280818451,4.974146933045512,3.1602157744063977,-0.18233359642020508,0.2879951238954149,0.040997595221472345,1.0,inf,98207.75324010447,1.0,1.0,1.3462279804330317e-05,0.09783523563803156,2.6,0.002297544479999747,0.049047228,0.21020824,-2.0999999046325684,-0.45905765891075134,-5.900000095367432,-6.901474952697754,6.376220226287842,4.6121745109558105,2.726130247116089,-7.1908721923828125,2.25,12.925714492797852,-2.25,-2.4261116981506348
Carreau,51564,51564,2.6022975,-9.056685525464195,-9.060812278776337,3.234514455546161,2.956225455747201,0.36829715823612036,0.5998612480397297,1.0,1.0,9.890492160190263,9.866618576897613,1.0,1.0,0.014121318704465055,0.018971745395883418,2.6,0.002297544479999747,0.19077368,0.2357474,-7.101230621337891,-6.2117767333984375,-10.969582557678223,-11.543292999267578,4.331546306610107,4.329888343811035,1.7017908096313477,-8.931242942810059,2.5099315643310547,14.305224418640137,-2.1669070720672607,-2.1907174587249756
Cross,51564,51564,2.6422985,0.9453878247823195,0.9407007143764116,3.213634097467946,2.9319656207792897,0.3895934876714447,0.6266520577338983,1.0,1.0,9.56786764102692,9.512555110742156,1.0,1.0,0.014619646476776977,0.018927752791334282,2.64,0.002298460010000003,0.18952692,0.23801556,2.904679536819458,4.444649696350098,-0.9780316352844238,-1.9843891859054565,4.340800762176514,4.328036785125732,1.6881457567214966,-9.845558166503906,2.5223617553710938,14.563876152038574,-2.181274652481079,-2.2066285610198975
Casson,51564,51564,2.6422985,-4.06001762808012,-4.053809955688391,4.972186123240069,3.1568386757418487,-0.18233349918062072,0.29132283639488477,0.04138546272593282,1.0,inf,100728.52591983076,1.0,1.0,1.1580019849955044e-05,0.10585726097653289,2.64,0.002298460010000003,0.049047224,0.19926691,-2.0999999046325684,-0.4590587615966797,-5.900000095367432,-6.902235507965088,6.3742594718933105,4.609551906585693,2.724167585372925,-7.6495842933654785,2.25,13.180499076843262,-2.25,-2.4260945320129395
Carreau,51564,51564,2.6422985,-9.05672475867382,-9.060772772396094,3.229277099538706,2.950427508872631,0.3733396323218352,0.6068271447984646,1.0,1.0,9.88965286768192,9.866848333711797,1.0,1.0,0.01425693357478464,0.018931156616170754,2.64,0.002298460010000003,0.19034769,0.23395705,-7.099033355712891,-6.167482376098633,-10.970770835876465,-11.530219078063965,4.331065654754639,4.3294572830200195,1.6984223127365112,-9.46146011352539,2.5116379261016846,14.599447250366211,-2.166182279586792,-2.1903982162475586
Cross,51564,51564,2.6822994,0.9453752248549552,0.9408243262253915,3.208519514318064,2.926155024690204,0.39459908646148173,0.6337259878346367,1.0,1.0,9.539337561060428,9.516475503896503,1.0,1.0,0.016546417792390244,0.018775499361724297,2.68,0.002299375529999814,0.18718126,0.23651783,2.9067533016204834,4.479230880737305,-0.9792153835296631,-2.0063588619232178,4.340322971343994,4.327380180358887,1.683411955833435,-10.39904499053955,2.524083375930786,14.853593826293945,-2.180534839630127,-2.2064578533172607
Casson,51564,51564,2.6822994,-4.060017628061624,-4.053834841252946,4.970225314701531,3.1535422426863224,-0.18233340118274285,0.294634181594455,0.04227755798619192,1.0,inf,97446.66242808284,1.0,1.0,1.6479955764243756e-05,0.09528884109420804,2.68,0.002299375529999814,0.049047206,0.20845407,-2.0999999046325684,-0.4590598940849304,-5.900000095367432,-6.93436861038208,6.372298717498779,4.606249809265137,2.7222049236297607,-8.123991966247559,2.25,13.435282707214355,-2.25,-2.4261348247528076
Carreau,51564,51564,2.6822994,-9.056762432711755,-9.060736844338232,3.224115625841088,2.9446785022601545,0.37832942039863277,0.6137415112596609,1.0,1.0,9.880360714265313,9.871249854365846,1.0,1.0,0.016053516599118817,0.01797819878743868,2.68,0.002299375529999814,0.18761645,0.23216052,-7.096915245056152,-6.123188018798828,-10.971940994262695,-11.516735076904297,4.330586910247803,4.3290300369262695,1.6963387727737427,-10.007372856140137,2.5133237838745117,14.893669128417969,-2.1654586791992188,-2.19008207321167
Cross,51564,51564,2.7223003,0.945362123332421,0.9409450715859671,3.20351875207023,2.9203789266842555,0.39958107480844096,0.6407561259717127,1.0,1.0,9.60221883871679,9.525070006441787,1.0,1.0,0.012657832076019868,0.018293070608527372,2.72,0.0023002910599996262,0.18348798,0.23514281,2.9088525772094727,4.5138115882873535,-0.9803940653800964,-2.0283284187316895,4.339846611022949,4.32672643661499,1.678639531135559,-10.968228340148926,2.5257985591888428,15.143310546875,-2.1797935962677,-2.206287384033203
Casson,51564,51564,2.7223003,-4.06001762808012,-4.053842687336207,4.968264506727089,3.150320394938235,-0.18233330284039628,0.2978863846369049,0.04406174850671011,1.0,inf,106504.1246709588,1.0,1.0,1.1685245824252986e-05,0.11019748524406031,2.72,0.0023002910599996262,0.049047213,0.19995911,-2.0999999046325684,-0.45906099677085876,-5.900000095367432,-6.980637550354004,6.370337963104248,4.6034626960754395,2.7202422618865967,-8.614095687866211,2.25,13.69006633758545,-2.25,-2.425933837890625
Carreau,51564,51564,2.7223003,-9.056798016643073,-9.060700757575084,3.2190736740140933,2.9389787834980714,0.38329148439557953,0.6206072818383206,1.0,1.0,9.901396755454206,9.870875869440187,1.0,1.0,0.012290898488467285,0.018092338199620035,2.72,0.0023002910599996262,0.18393663,0.2305155,-7.094783306121826,-6.078893661499023,-10.973106384277344,-11.503252029418945,4.330110549926758,4.328607559204102,1.6943399906158447,-10.568981170654297,2.5149972438812256,15.187891960144043,-2.1647329330444336,-2.1897695064544678
Cross,51564,51564,2.7623012,0.9453484019132925,0.9410632338363942,3.1985512043037847,2.9146323386033863,0.40448761413007417,0.647743739125411,1.0,1.0,9.542242876701586,9.525853060065113,1.0,1.0,0.01635467293842221,0.018216036216312907,2.76,0.0023012065900003265,0.18286534,0.23401183,2.9108781814575195,4.5483927726745605,-0.9815450310707092,-2.0502982139587402,4.339370250701904,4.326076507568359,1.6764854192733765,-11.553107261657715,2.5275540351867676,15.433027267456055,-2.1790530681610107,-2.2061171531677246
Casson,51564,51564,2.7623012,-4.060017628098614,-4.053831367433469,4.966303699473952,3.147120344953152,-0.18233320414202164,0.3011177876208984,0.04485687689085408,1.0,inf,100919.30526931258,1.0,1.0,1.9618723944106486e-05,0.09741451076640452,2.76,0.0023012065900003265,0.049047187,0.20774563,-2.0999999046325684,-0.4590621292591095,-5.900000095367432,-7.02715539932251,6.368377208709717,4.599542617797852,2.7182796001434326,-9.119895935058594,2.25,13.944849967956543,-2.25,-2.4254331588745117
Carreau,51564,51564,2.7623012,-9.056832348363615,-9.06066534055157,3.2140616478500887,2.9333129885427875,0.38817950619888564,0.6274279232460952,1.0,1.0,9.88027298068549,9.87187952214258,1.0,1.0,0.016071119464877034,0.017917234872009746,2.76,0.0023012065900003265,0.183193,0.22918598,-7.092726230621338,-6.034599304199219,-10.974249839782715,-11.489768028259277,4.329626560211182,4.328188896179199,1.6912219524383545,-11.146286010742188,2.5167994499206543,15.482114791870117,-2.1640114784240723,-2.189459800720215
Cross,51564,51564,2.8023021,0.9453338397069975,0.9411790432793993,3.193646666116521,2.908908544301927,0.409347246360075,0.6546951005366244,1.0,1.0,9.547878178796687,9.5272944145267,1.0,1.0,0.016016132837713113,0.018102891939294413,2.8,0.0023021221200001385,0.17998986,0.2330551,2.9129159450531006,4.582973957061768,-0.9826903343200684,-2.072267770767212,4.33889627456665,4.325429916381836,1.674432635307312,-12.153681755065918,2.5293359756469727,15.72274398803711,-2.1783111095428467,-2.205947160720825
Casson,51564,51564,2.8023021,-4.0600176280893665,-4.053813334340297,4.964342916467711,3.143994452859205,-0.1823330914244644,0.3043643643522878,0.04520595764486851,1.0,inf,103015.87629018875,1.0,1.0,8.994701062051358e-06,0.09633407567396404,2.8,0.0023021221200001385,0.049046703,0.2016462,-2.0999999046325684,-0.45906323194503784,-5.900000095367432,-7.073288440704346,6.3664164543151855,4.595744609832764,2.7163169384002686,-9.64139175415039,2.25,14.199633598327637,-2.25,-2.425090789794922
Carreau,51564,51564,2.8023021,-9.05686591197906,-9.060631793017494,3.2091143738584478,2.927676166042344,0.39302222105871965,0.6342090082971982,1.0,1.0,9.881826706219659,9.874323728113971,1.0,1.0,0.015762125513778754,0.017477596412480794,2.8,0.0023021221200001385,0.18057947,0.22795069,-7.090662002563477,-5.990304946899414,-10.97539234161377,-11.495918273925781,4.329147815704346,4.327774524688721,1.6865037679672241,-11.739286422729492,2.5185627937316895,15.776336669921875,-2.1632871627807617,-2.1891534328460693
Cross,51564,51564,2.842303,0.9453186703179685,0.9412914570646419,3.1888303975046917,2.903207060841655,0.41417684769189317,0.6616143959695572,1.0,1.0,9.547641985013778,9.529690421679033,1.0,1.0,0.016092963477073736,0.017931641830417594,2.84,0.0023030376399999497,0.1788433,0.23203716,2.914918899536133,4.617554664611816,-0.9838099479675293,-2.0942375659942627,4.338413238525391,4.324789047241211,1.6724474430084229,-12.769952774047852,2.53124737739563,16.012460708618164,-2.1775732040405273,-2.205777406692505
Casson,51564,51564,2.842303,-4.0600176280523765,-4.0538193127824576,4.962382137706065,3.1408355603136053,-0.18233297616847338,0.30755635544359294,0.059363121557675896,1.0,inf,102723.65882772244,1.0,1.0,1.5237305482824343e-05,0.0981505840745924,2.84,0.0023030376399999497,0.049046703,0.19870152,-2.0999999046325684,-0.4590643346309662,-5.900000095367432,-7.119431495666504,6.364455699920654,4.5923895835876465,2.7143542766571045,-10.178583145141602,2.25,14.45441722869873,-2.25,-2.424769163131714
Carreau,51564,51564,2.842303,-9.05689905471386,-9.06059877968271,3.2042560757903424,2.9220718345030843,0.39783332972605023,0.6409531896867289,1.0,1.0,9.87902422516685,9.874188143189222,1.0,1.0,0.016394344534246603,0.017479615305126418,2.84,0.0023030376399999497,0.17914353,0.22676659,-7.088623523712158,-5.946010589599609,-10.976523399353027,-11.543777465820312,4.328660011291504,4.327363014221191,1.6818279027938843,-12.347983360290527,2.5203142166137695,16.070560455322266,-2.162567377090454,-2.188849687576294
Cross,51564,51564,2.882304,0.9453021641784034,0.941397185174227,3.18406725535982,2.897527646302562,0.41895485913346736,0.6685001673426085,1.0,1.0,9.612595970114082,9.529470133763862,1.0,1.0,0.012171656218426185,0.01799976163685089,2.88,0.002303953170000206,0.17684917,0.2311024,2.917428731918335,4.652135848999023,-0.9849167466163635,-2.1162071228027344,4.337935447692871,4.324154853820801,1.6703177690505981,-13.4019193649292,2.5332093238830566,16.30217742919922,-2.1768341064453125,-2.2056078910827637
Casson,51564,51564,2.882304,-4.060017627996892,-4.0538295182052595,4.960421358593014,3.13768055400968,-0.18233286095871976,0.3107005529331988,0.13003258087037467,1.0,inf,101820.93335158499,1.0,1.0,1.0698902166708057e-05,0.1052078217165075,2.88,0.002303953170000206,0.049046844,0.19301634,-2.0999999046325684,-0.4590654671192169,-5.900000095367432,-7.165546894073486,6.362494945526123,4.588391304016113,2.7123916149139404,-10.731470108032227,2.25,14.709200859069824,-2.25,-2.424542188644409
Carreau,51564,51564,2.882304,-9.056931314258652,-9.06056499283305,3.1994419861649925,2.916491411815461,0.4025907159289548,0.6476592180390726,1.0,1.0,9.901281234393357,9.877202125139764,1.0,1.0,0.012366309898121128,0.016947735390518935,2.88,0.002303953170000206,0.17764652,0.22568429,-7.086068630218506,-5.9017157554626465,-10.977654457092285,-11.59029769897461,4.328179836273193,4.326955318450928,1.6795570850372314,-12.972375869750977,2.522031307220459,16.364782333374023,-2.161844491958618,-2.1885485649108887
Cross,51564,51564,2.9223049,0.9452851368627849,0.9414985445025578,3.17936205357653,2.8918696548748426,0.42369313577100964,0.6753504591266004,1.0,1.0,9.593502717996142,9.535525359791897,1.0,1.0,0.013057356424565365,0.01751663889799179,2.92,0.002304868700000018,0.17537145,0.23002683,2.9198882579803467,4.686716556549072,-0.986010730266571,-2.1524832248687744,4.337459087371826,4.323527812957764,1.6682227849960327,-14.049582481384277,2.5352163314819336,16.591894149780273,-2.176093339920044,-2.2054383754730225
Casson,51564,51564,2.9223049,-4.060017627922912,-4.053851191019469,4.9584605744678285,3.134612836195169,-0.1823327482596575,0.31380097217163583,0.3323054844465131,1.0,inf,107674.13961167158,1.0,1.0,1.2634995522812174e-05,0.10311853786813799,2.92,0.002304868700000018,0.049047485,0.20143676,-2.0999999046325684,-0.45906656980514526,-5.900000095367432,-7.20754337310791,6.360534191131592,4.5847649574279785,2.7104289531707764,-11.300054550170898,2.25,14.963985443115234,-2.25,-2.424407482147217
Carreau,51564,51564,2.9223049,-9.056963741802447,-9.060531575632988,3.1946882097172353,2.9109349601846657,0.4073084484597836,0.6543299329385163,1.0,1.0,9.897762647195558,9.876476825740077,1.0,1.0,0.012891239187169636,0.017075561266981953,2.92,0.002304868700000018,0.17592442,0.22469293,-7.083565711975098,-5.857421398162842,-10.97878360748291,-11.636818885803223,4.327700138092041,4.32655143737793,1.6775528192520142,-13.61246395111084,2.523733377456665,16.65900421142578,-2.161121129989624,-2.1882498264312744
Cross,51564,51564,2.9623058,0.9452676901334257,0.9415948986454147,3.174708506283014,2.886228383247201,0.42839902581144607,0.682159240431162,1.0,1.0,9.598105375155125,9.538651358738187,1.0,1.0,0.012906028997652065,0.017410600690213784,2.96,0.00230578422999983,0.17384824,0.22908099,2.9223039150238037,4.721297740936279,-0.9870874285697937,-2.194967269897461,4.336979866027832,4.322914123535156,1.666192650794983,-14.712942123413086,2.537242889404297,16.881610870361328,-2.175354242324829,-2.2052688598632812
Casson,51564,51564,2.9623058,-4.0600176278026945,-4.0538902648377615,4.956499786005574,3.131632824134844,-0.18233263788633694,0.3168801082626394,0.4872973392289194,1.0,inf,106205.23499028894,1.0,1.0,2.029648084756183e-05,0.10177958133809409,2.96,0.00230578422999983,0.049048048,0.19270435,-2.0999999046325684,-0.4590676724910736,-5.900000095367432,-7.247305393218994,6.3585734367370605,4.58082389831543,2.7084662914276123,-11.884333610534668,2.25,15.218769073486328,-2.25,-2.4241178035736084
Carreau,51564,51564,2.9623058,-9.056994991133816,-9.060497675057794,3.18999493765032,2.9054010141387754,0.4119883022652082,0.6609629721848473,1.0,1.0,9.899401113066105,9.877780364183188,1.0,1.0,0.012638667475651944,0.01684281683869523,2.96,0.00230578422999983,0.17421016,0.2235968,-7.081092834472656,-5.813127040863037,-10.9799165725708,-11.67988395690918,4.327208995819092,4.326150894165039,1.67561674118042,-14.268248558044434,2.525416135787964,16.953227996826172,-2.1604037284851074,-2.1879539489746094
Cross,51564,51564,3.0023067,0.9452498667629763,0.9416867749745562,3.1701095695640236,2.8805974745996092,0.43307133065653086,0.6889332059584177,1.0,1.0,9.59902318028314,9.542612679324078,1.0,1.0,0.012859131340115591,0.017100989966240217,3.0,0.002306699750000085,0.1722662,0.22833185,2.924689769744873,4.755878448486328,-0.9881498217582703,-2.2374515533447266,4.336494445800781,4.32230806350708,1.6640256643295288,-15.391999244689941,2.5392866134643555,17.171327590942383,-2.174619197845459,-2.20509934425354
Casson,51564,51564,3.0023067,-4.060017627885922,-4.053928510440593,4.954539006411655,3.128524541876171,-0.18233252215178872,0.31984635403987705,0.5590140408036615,1.0,inf,107009.15553503364,1.0,1.0,2.331184837824161e-05,0.10087446719602576,3.0,0.002306699750000085,0.049048647,0.19812953,-2.0999999046325684,-0.45906880497932434,-5.900000095367432,-7.287067413330078,6.356612682342529,4.576271057128906,2.7065036296844482,-12.484309196472168,2.25,15.473552703857422,-2.25,-2.4238061904907227
Carreau,51564,51564,3.0023067,-9.057025377175759,-9.060461861613224,3.185361608801612,2.8998853125069584,0.4166308939120237,0.6675556960637498,1.0,1.0,9.899671242379688,9.879275880036737,1.0,1.0,0.012583147744304855,0.016556540806936474,3.0,0.002306699750000085,0.17252718,0.22262785,-7.078667640686035,-5.768832683563232,-10.98105525970459,-11.722375869750977,4.326729774475098,4.325753688812256,1.673538327217102,-14.939730644226074,2.527153491973877,17.24744987487793,-2.1596813201904297,-2.1876606941223145
Cross,51564,51564,3.0423076,0.9452323831305927,0.9417746627489362,3.165563515714822,2.8749756080291493,0.437709608958799,0.6956758518223451,1.0,1.0,9.599392199126052,9.552246374152148,1.0,1.0,0.012853720750761861,0.01648235317038938,3.04,0.0023076152799998972,0.17067356,0.22761163,2.9270360469818115,4.790459632873535,-0.9892028570175171,-2.271592617034912,4.336014747619629,4.321709156036377,1.661733627319336,-16.08675193786621,2.5413572788238525,17.461044311523438,-2.173880100250244,-2.204929828643799
Casson,51564,51564,3.0423076,-4.0600176277842,-4.0539814913458265,4.952578243990309,3.1255451616626018,-0.18233239647157368,0.3227991756975744,0.6138972926848189,1.0,inf,103988.5361237952,1.0,1.0,3.7653956872968224e-05,0.10248782074846825,3.04,0.0023076152799998972,0.049050353,0.20083031,-2.0999999046325684,-0.4590699076652527,-5.900000095367432,-7.323880195617676,6.354651927947998,4.572694301605225,2.704540967941284,-13.099980354309082,2.25,15.728336334228516,-2.25,-2.423523426055908
Carreau,51564,51564,3.0423076,-9.057054798862541,-9.060422534134768,3.1807814523336098,2.894384182678181,0.4212350540506987,0.6741113966985709,1.0,1.0,9.899324219070184,9.880798498095908,1.0,1.0,0.012656077930836826,0.016343209639567532,3.04,0.0023076152799998972,0.17082857,0.22180167,-7.0762810707092285,-5.724538326263428,-10.982202529907227,-11.764867782592773,4.326247215270996,4.325360298156738,1.6714893579483032,-15.626909255981445,2.52909517288208,17.541671752929688,-2.1589596271514893,-2.1873693466186523
Cross,51564,51564,3.0823085,0.94521591870183,0.9418594445539915,3.1610915454153816,2.8693617404449014,0.44232698966896544,0.7023860362730149,1.0,1.0,9.603636231204923,9.555633065236492,1.0,1.0,0.01260582933312717,0.016352252178995774,3.08,0.0023085308099997093,0.16764703,0.22700228,2.9293456077575684,4.825040340423584,-0.9902461171150208,-2.3052947521209717,4.335538864135742,4.321115970611572,1.6572771072387695,-16.797203063964844,2.54345965385437,17.750762939453125,-2.173139810562134,-2.2047603130340576
Casson,51564,51564,3.0823085,-4.060017627663982,-4.05404242954743,4.950617432520319,3.122709583091278,-0.1823322987002591,0.3257219922191992,0.6428128151423473,1.0,inf,103509.05297003535,1.0,1.0,4.2288787144675e-05,0.09837614554858293,3.08,0.0023085308099997093,0.04905202,0.20050718,-2.0999999046325684,-0.45907101035118103,-5.900000095367432,-7.347000598907471,6.352691173553467,4.569253921508789,2.70257830619812,-13.731348037719727,2.25,15.98311996459961,-2.25,-2.423316478729248
Carreau,51564,51564,3.0823085,-9.057083392465062,-9.06038284106636,3.17628015326146,2.8888982668084173,0.4258169792648908,0.6806335074860009,1.0,1.0,9.900806754825188,9.881573154090143,1.0,1.0,0.012399961937725069,0.016124369081897086,3.08,0.0023085308099997093,0.16755109,0.22100829,-7.07390832901001,-5.680243968963623,-10.983352661132812,-11.80735969543457,4.3257575035095215,4.324969291687012,1.669220209121704,-16.329784393310547,2.531060218811035,17.835895538330078,-2.1582419872283936,-2.1870806217193604
Cross,51564,51564,3.1223094,0.9452009887747429,0.9419428526679534,3.156649755207213,2.8637578588578863,0.446894283999587,0.7090652899304962,1.0,1.0,9.62673827522841,9.558001711179728,1.0,1.0,0.011465158809620037,0.016145667024390686,3.12,0.0023094463299999646,0.16596456,0.22634816,2.9316201210021973,4.859621524810791,-0.9912770390510559,-2.3389968872070312,4.335052013397217,4.320527076721191,1.65244460105896,-17.523347854614258,2.545564651489258,18.04047966003418,-2.1724047660827637,-2.2045905590057373
Casson,51564,51564,3.1223094,-4.0600176277842,-4.054099827115923,4.948656736921278,3.1198346712323444,-0.1823321338916361,0.3286114249695681,0.6559421301683345,1.0,inf,103315.53941031687,1.0,1.0,4.660026068771077e-05,0.10157557406155081,3.12,0.0023094463299999646,0.04905325,0.19892576,-2.0999999046325684,-0.4590721130371094,-5.900000095367432,-7.369113922119141,6.3507304191589355,4.566750526428223,2.700615644454956,-14.378411293029785,2.25,16.237903594970703,-2.25,-2.4232170581817627
Carreau,51564,51564,3.1223094,-9.05711101331571,-9.06034501732094,3.171806710894673,2.88342723710697,0.4303494046341379,0.6871194050105034,1.0,1.0,9.90715045367078,9.883173741368454,1.0,1.0,0.011408149263158546,0.015848300925258706,3.12,0.0023094463299999646,0.16600081,0.2201569,-7.071588516235352,-5.635949611663818,-10.984503746032715,-11.849851608276367,4.325273513793945,4.324582099914551,1.6669659614562988,-17.048357009887695,2.5330471992492676,18.130117416381836,-2.1575214862823486,-2.186793565750122
Cross,51564,51564,3.1623104,0.9451879201209121,0.9420274986448366,3.152258464376603,2.8581586040846463,0.4514157494365098,0.7157106737110182,1.0,1.0,9.62822099266869,9.55945788754234,1.0,1.0,0.011381741323964824,0.01599541821639937,3.16,0.0023103618599997766,0.16432655,0.22581913,2.933858633041382,4.89420223236084,-0.9923015832901001,-2.3726987838745117,4.334570407867432,4.319941520690918,1.6476751565933228,-18.26519203186035,2.54768443107605,18.330196380615234,-2.1716673374176025,-2.204421043395996
Casson,51564,51564,3.1623104,-4.060017628061624,-4.054181052414485,4.946696050153583,3.1170018313162315,-0.18233195674224847,0.33149622002217344,0.6532658443875572,1.0,inf,102186.96032570658,1.0,1.0,6.299403601689318e-05,0.11035828193068656,3.16,0.0023103618599997766,0.04905654,0.19321029,-2.0999999046325684,-0.4590732157230377,-5.900000095367432,-7.385112762451172,6.348769664764404,4.563236713409424,2.698652982711792,-15.04117202758789,2.25,16.492687225341797,-2.25,-2.423143148422241
Carreau,51564,51564,3.1623104,-9.057137390786927,-9.060307449268395,3.167378861822674,2.8779691300693475,0.43484391790703997,0.6935713984888622,1.0,1.0,9.905827022784344,9.8829746401973,1.0,1.0,0.011622024363423807,0.01593030712042131,3.16,0.0023103618599997766,0.16457386,0.21940002,-7.069316864013672,-5.591655254364014,-10.985641479492188,-11.892343521118164,4.324789524078369,4.324197292327881,1.6647191047668457,-17.782625198364258,2.535050392150879,18.424339294433594,-2.1568005084991455,-2.186544895172119
Cross,51564,51564,3.2023113,0.9451767579819225,0.9421112999902458,3.1479213862637923,2.8525609590044385,0.4559052192459194,0.7223288185021806,1.0,1.0,9.631921725511347,9.560970964678486,1.0,1.0,0.01124535857924165,0.015949430516611386,3.2,0.0023112773900000327,0.16294003,0.2254674,2.936053514480591,4.928783416748047,-0.9933271408081055,-2.4064009189605713,4.334094524383545,4.31935977935791,1.644216537475586,-19.02273178100586,2.5498361587524414,18.61991310119629,-2.170926332473755,-2.2042510509490967
Casson,51564,51564,3.2023113,-4.060017628523998,-4.0542632034148856,4.944735443598545,3.1142279173278364,-0.18233173060432536,0.3343833288580663,0.6541773330230394,1.0,inf,105054.58511713598,1.0,1.0,8.170910777076372e-05,0.09562075490294117,3.2,0.0023112773900000327,0.049058665,0.2132294,-2.0999999046325684,-0.45907431840896606,-5.900000095367432,-7.398491382598877,6.346808910369873,4.56047248840332,2.696690320968628,-15.71962833404541,2.25,16.74747085571289,-2.25,-2.4230868816375732
Carreau,51564,51564,3.2023113,-9.057163947613057,-9.060268514086616,3.1630020261472045,2.8725192024558894,0.43930871844268954,0.6999880724257203,1.0,1.0,9.906801655260885,9.882156095755553,1.0,1.0,0.011481495628815959,0.016068767221456486,3.2,0.0023112773900000327,0.16319841,0.2187356,-7.067074298858643,-5.547360897064209,-10.986773490905762,-11.934835433959961,4.324301719665527,4.32381534576416,1.6624714136123657,-18.532590866088867,2.5370752811431885,18.718563079833984,-2.156081438064575,-2.186378002166748
Cross,51564,51564,3.2423122,0.9451670142940625,0.942192120998103,3.1436313353302627,2.846959433270673,0.4603659690754937,0.7289212315723788,1.0,1.0,9.625716536069673,9.558714646427896,1.0,1.0,0.011539798729583923,0.016079671252322045,3.24,0.0023121929199998448,0.16157663,0.2251368,2.938746452331543,4.963364601135254,-0.994349479675293,-2.440103054046631,4.333603858947754,4.318779945373535,1.6416345834732056,-19.795969009399414,2.5520267486572266,18.909629821777344,-2.1701934337615967,-2.2040810585021973
Casson,51564,51564,3.2423122,-4.0600176287366905,-4.054331512635798,4.942774836821568,3.111493284209379,-0.18233150446640217,0.337291487976756,0.6544876270266077,1.0,inf,103836.85258593112,1.0,1.0,6.461431937006645e-05,0.1137834611905082,3.24,0.0023121929199998448,0.04906409,0.18842407,-2.0999999046325684,-0.4590754508972168,-5.900000095367432,-7.411869525909424,6.344848155975342,4.558638572692871,2.694727659225464,-16.413782119750977,2.25,17.002254486083984,-2.25,-2.4230265617370605
Carreau,51564,51564,3.2423122,-9.057189132593738,-9.060228979751235,3.1586759402433624,2.867077294467131,0.4437467860758966,0.7063723482227974,1.0,1.0,9.90752154746369,9.883878730098195,1.0,1.0,0.011372904872331783,0.015756550918104174,3.24,0.0023121929199998448,0.16184634,0.21806002,-7.0648674964904785,-5.503066539764404,-10.98789119720459,-11.997663497924805,4.323815822601318,4.3234357833862305,1.6578725576400757,-19.29825210571289,2.539118766784668,19.012784957885742,-2.1553618907928467,-2.186209201812744
Cross,51564,51564,3.2823131,0.9451584484823645,0.9422693292288346,3.139382633730768,2.8413593699089557,0.46479875603386644,0.7354889176286913,1.0,1.0,9.629630600071685,9.563165361253722,1.0,1.0,0.011361605543048714,0.01576964333410781,3.28,0.0023131084400001,0.16040044,0.22469917,2.941433906555176,4.997945308685303,-0.9953717589378357,-2.4738049507141113,4.333122253417969,4.318238735198975,1.6391355991363525,-20.584901809692383,2.554239511489868,19.1993465423584,-2.169455051422119,-2.2039108276367188
Casson,51564,51564,3.2823131,-4.060017628912393,-4.054366222051822,4.940814212696314,3.108746893981073,-0.18233128907174118,0.34014077650373375,0.45289349158327513,1.0,inf,103482.24341679123,1.0,1.0,8.713419476394783e-06,0.10799027451797487,3.28,0.0023131084400001,0.04904444,0.19250682,-2.0999999046325684,-0.45907655358314514,-5.900000095367432,-7.428671836853027,6.3428874015808105,4.556066036224365,2.6927649974823,-17.123632431030273,2.25,17.257038116455078,-2.25,-2.4229724407196045
Carreau,51564,51564,3.2823131,-9.057212439013197,-9.060189753680666,3.154391160349102,2.861642658304891,0.4481545517318826,0.7127233160940526,1.0,1.0,9.907038853153876,9.884999337350598,1.0,1.0,0.011438556873028145,0.01554118085500621,3.28,0.0023131084400001,0.16057456,0.21739542,-7.062644004821777,-5.4587721824646,-10.988996505737305,-12.060492515563965,4.323324680328369,4.32305908203125,1.653233528137207,-20.07961082458496,2.5411813259124756,19.3070068359375,-2.1546452045440674,-2.18603777885437
Cross,51564,51564,3.322314,0.9451505591023396,0.9423446088696694,3.1351775532756987,2.835762288851016,0.4692072636892866,0.7420246637646036,1.0,1.0,9.6280098399479,9.565770225208269,1.0,1.0,0.01149160603754024,0.015598694861856399,3.32,0.002314023970000356,0.15917435,0.2241813,2.9440672397613525,5.03252649307251,-0.9963944554328918,-2.507507085800171,4.332642555236816,4.317750453948975,1.6367093324661255,-21.3895320892334,2.556467294692993,19.489063262939453,-2.168715715408325,-2.2037405967712402
Casson,51564,51564,3.322314,-4.06001762881067,-4.054390931733316,4.938853547049867,3.1060385074245107,-0.18233109889496343,0.34298756066827507,0.3174501590256768,1.0,inf,103216.95328760869,1.0,1.0,1.1979581753473841e-05,0.09738493033239244,3.32,0.002314023970000356,0.049044408,0.17998849,-2.0999999046325684,-0.4590776562690735,-5.900000095367432,-7.445109844207764,6.340926647186279,4.552205562591553,2.6908023357391357,-17.849180221557617,2.25,17.511821746826172,-2.25,-2.4228854179382324
Carreau,51564,51564,3.322314,-9.057234555272483,-9.060152396193283,3.1501519471307526,2.8562148755170673,0.45253622650992953,0.7190411937190682,1.0,1.0,9.906641615869539,9.886362958903199,1.0,1.0,0.011535837977822571,0.015277479933692642,3.32,0.002314023970000356,0.15929796,0.21673207,-7.059993743896484,-5.414477348327637,-10.99008560180664,-12.123320579528809,4.32283353805542,4.322684288024902,1.6486454010009766,-20.876667022705078,2.543269157409668,19.60123062133789,-2.1539289951324463,-2.185863733291626
Cross,51564,51564,3.3623149,0.9451434634619976,0.9424190588144005,3.131013068972691,2.830162617102174,0.4735911530717319,0.7485296164560357,1.0,1.0,9.629307646117397,9.568125171164231,1.0,1.0,0.0113754700516694,0.015485040613852237,3.36,0.0023149395000001682,0.15800583,0.22385402,2.946676254272461,5.067107200622559,-0.9974121451377869,-2.5412092208862305,4.332151889801025,4.317261219024658,1.6343519687652588,-22.20985984802246,2.558711051940918,19.778779983520508,-2.167982339859009,-2.203570604324341
Casson,51564,51564,3.3623149,-4.060017628745938,-4.054420108595906,4.936892884667781,3.103250804756534,-0.1823309068455706,0.34576428683193156,0.08775502288418276,1.0,inf,98318.12231408907,1.0,1.0,9.98426700703129e-06,0.09786356250127992,3.36,0.0023149395000001682,0.049044345,0.1956217,-2.0999999046325684,-0.45907875895500183,-5.900000095367432,-7.459281921386719,6.338965892791748,4.5479960441589355,2.6888396739959717,-18.590423583984375,2.25,17.7666072845459,-2.25,-2.422841787338257
Carreau,51564,51564,3.3623149,-9.057255695534034,-9.060118940311003,3.145953112767135,2.8507931992450914,0.4568909540886817,0.7253249120651872,1.0,1.0,9.9075981212563,9.886158141965188,1.0,1.0,0.011374723597984065,0.015288930534885163,3.36,0.0023149395000001682,0.15809505,0.21607481,-7.057378768920898,-5.370182991027832,-10.991151809692383,-12.186149597167969,4.322346210479736,4.322311878204346,1.6456936597824097,-21.68941879272461,2.5453922748565674,19.89545249938965,-2.1532106399536133,-2.1856865882873535
Cross,51564,51564,3.4023159,0.9451375665858114,0.9424919431468676,3.1268903682377274,2.824554871143699,0.4779512756349258,0.7550083465964152,1.0,1.0,9.628480623158831,9.572714800803585,1.0,1.0,0.011454731997780878,0.015198767596917647,3.4,0.0023158550299999803,0.1568022,0.22361846,2.949315309524536,5.101688385009766,-0.9984275698661804,-2.574911117553711,4.331665515899658,4.316771030426025,1.6320587396621704,-23.045883178710938,2.5609779357910156,20.068496704101562,-2.1672465801239014,-2.203397750854492
Casson,51564,51564,3.4023159,-4.060017628764433,-4.0544603007434,4.934932224061211,3.100524385719301,-0.18233071376277166,0.34848420425451343,0.059149794430222634,1.0,inf,106632.40935862552,1.0,1.0,1.0031366981380386e-05,0.09544196921180434,3.4,0.0023158550299999803,0.049044315,0.19635335,-2.0999999046325684,-0.44478410482406616,-5.900000095367432,-7.473454475402832,6.337005138397217,4.545711040496826,2.6868770122528076,-19.34736442565918,2.25,18.021390914916992,-2.25,-2.422844886779785
Carreau,51564,51564,3.4023159,-9.057275760544622,-9.060090280810927,3.141796677731328,2.845376281345298,0.4612221710929803,0.7315752189864179,1.0,1.0,9.909069874854262,9.888775079968495,1.0,1.0,0.011121810298165632,0.01483298121666072,3.4,0.0023158550299999803,0.15690261,0.2156377,-7.054788112640381,-5.325888633728027,-10.992206573486328,-12.248978614807129,4.321855068206787,4.321941375732422,1.6432381868362427,-22.517868041992188,2.5475432872772217,20.189674377441406,-2.152493715286255,-2.1855063438415527
Cross,51564,51564,3.4423168,0.9451331130042742,0.9425629131859548,3.122807553281759,2.818942207069879,0.48228753953166154,0.7614606817392962,1.0,1.0,9.633864765327772,9.573615222524316,1.0,1.0,0.01115842484523729,0.015214447400796336,3.44,0.0023167705500002356,0.15569349,0.22335686,2.952066659927368,5.1362690925598145,-0.9994368553161621,-2.6086132526397705,4.331186294555664,4.316280841827393,1.629333257675171,-23.89760398864746,2.563295364379883,20.358213424682617,-2.1665070056915283,-2.203218698501587
Casson,51564,51564,3.4423168,-4.060017628755186,-4.054498685890154,4.932971587322393,3.0978845685825056,-0.18233050687579405,0.3511879607594665,0.05992552943914359,1.0,inf,97508.57512113894,1.0,1.0,8.305532414123096e-06,0.10468681030736672,3.44,0.0023167705500002356,0.04904372,0.19687213,-2.0999999046325684,-0.41022437810897827,-5.900000095367432,-7.48162317276001,6.3350443840026855,4.542569160461426,2.6849143505096436,-20.1200008392334,2.25,18.276174545288086,-2.25,-2.422741413116455
Carreau,51564,51564,3.4423168,-9.057294514622924,-9.060065257356014,3.1376793288609375,2.839954778595403,0.46552787206080287,0.7377969182348555,1.0,1.0,9.910265865322968,9.88866552864735,1.0,1.0,0.01096601404837143,0.014897327794317641,3.44,0.0023167705500002356,0.1557284,0.21530955,-7.052226543426514,-5.281594276428223,-10.993242263793945,-12.311806678771973,4.321365833282471,4.321572303771973,1.6408637762069702,-23.36201286315918,2.54971981048584,20.483898162841797,-2.15177583694458,-2.1853225231170654
Cross,51564,51564,3.4823177,0.945129392381383,0.9426329719893842,3.118762182612349,2.8133261785670896,0.48659962101118137,0.7678836296918887,1.0,1.0,9.633053721093233,9.576813251628563,1.0,1.0,0.011212989004048657,0.015086270754453816,3.48,0.0023176860800000476,0.15458085,0.2229965,2.954789876937866,5.1708502769470215,-1.0004359483718872,-2.64231538772583,4.330700874328613,4.315788745880127,1.6269127130508423,-24.7650203704834,2.56564998626709,20.647930145263672,-2.1657702922821045,-2.2030398845672607
Casson,51564,51564,3.4823177,-4.060017628755186,-4.054533367785672,4.931010968320244,3.0953227667539016,-0.1823302897102403,0.3539237242689264,0.05996431618958964,1.0,inf,102567.37964792359,1.0,1.0,9.154983149141641e-06,0.10349494639040926,3.48,0.0023176860800000476,0.049043678,0.19689721,-2.0999999046325684,-0.3756646513938904,-5.900000095367432,-7.486588478088379,6.333083629608154,4.53865385055542,2.6829516887664795,-20.908334732055664,2.25,18.53095817565918,-2.25,-2.422489643096924
Carreau,51564,51564,3.4823177,-9.057312130511903,-9.060041994057563,3.133602274147592,2.8345305458429055,0.4698098811335999,0.7439905093213579,1.0,1.0,9.90939518347638,9.889041284512034,1.0,1.0,0.011088563544424827,0.014795463596797209,3.48,0.0023176860800000476,0.15461631,0.21491891,-7.049653053283691,-5.237299919128418,-10.994257926940918,-12.374635696411133,4.320871353149414,4.32120418548584,1.6385438442230225,-24.22185516357422,2.5519096851348877,20.778120040893555,-2.1510608196258545,-2.1851344108581543
Cross,51564,51564,3.5223186,0.9451257626213116,0.9427034736262094,3.1147568845626834,2.8077059276313405,0.490889782989841,0.7742757401938237,1.0,1.0,9.638066252692234,9.58306210636214,1.0,1.0,0.010935813194060761,0.014696192780685987,3.52,0.0023186016099998596,0.15344787,0.22268017,2.957475185394287,5.20543098449707,-1.0014259815216064,-2.6760172843933105,4.330212593078613,4.3152947425842285,1.624546766281128,-25.648134231567383,2.5680572986602783,20.937646865844727,-2.1650350093841553,-2.2028608322143555
Casson,51564,51564,3.5223186,-4.060017628782928,-4.0545677869688985,4.929050353331504,3.0927104052496053,-0.18233007025593476,0.3566505839922494,0.05957644868512916,1.0,inf,105683.46409610483,1.0,1.0,7.668868112015673e-06,0.1025141898119276,3.52,0.0023186016099998596,0.049043622,0.18830653,-2.0999999046325684,-0.3411049544811249,-5.900000095367432,-7.491553783416748,6.331122875213623,4.535175800323486,2.6809890270233154,-21.712366104125977,2.25,18.785741806030273,-2.25,-2.4222769737243652
Carreau,51564,51564,3.5223186,-9.057328329603424,-9.060019041067616,3.1295651978129015,2.8291063558698375,0.4740685829104337,0.750155722003361,1.0,1.0,9.91035265604803,9.888786835127089,1.0,1.0,0.01093245052361316,0.014866938492223982,3.52,0.0023186016099998596,0.15344279,0.21451303,-7.046947002410889,-5.193005561828613,-10.995255470275879,-12.437464714050293,4.320387363433838,4.32083797454834,1.6362777948379517,-25.097394943237305,2.5541279315948486,21.072341918945312,-2.1503405570983887,-2.1849496364593506
Cross,51564,51564,3.5623195,0.945122683417205,0.9427737033267665,3.1107885151646077,2.8020747566911965,0.49515631910047336,0.7806409119788021,1.0,1.0,9.641981374291765,9.580035859393089,1.0,1.0,0.010791634438840386,0.014821006583805307,3.56,0.0023195171400001158,0.15234339,0.2226143,2.9601340293884277,5.240012168884277,-1.002405047416687,-2.70971941947937,4.32971715927124,4.3147993087768555,1.6222240924835205,-26.546945571899414,2.5705060958862305,21.22736358642578,-2.1643030643463135,-2.202681303024292
Casson,51564,51564,3.5623195,-4.060017628856908,-4.0545809272136015,4.927089740617642,3.090155419149357,-0.1823298495670904,0.35935449743248304,0.06033279031882709,1.0,inf,97420.4321239916,1.0,1.0,9.06337976113499e-06,0.10170426260036056,3.56,0.0023195171400001158,0.04904357,0.20792723,-2.0999999046325684,-0.306545227766037,-5.900000095367432,-7.49493408203125,6.329162120819092,4.5332841873168945,2.6790263652801514,-22.532093048095703,2.25,19.040525436401367,-2.25,-2.422107696533203
Carreau,51564,51564,3.5623195,-9.057342471213442,-9.059996079385035,3.1255675271926773,2.823682414931458,0.4783048370873083,0.7562906633073367,1.0,1.0,9.910946160048587,9.890038489971749,1.0,1.0,0.010865480693742663,0.014628339414115494,3.56,0.0023195171400001158,0.15237567,0.21399279,-7.044260025024414,-5.148711204528809,-10.996233940124512,-12.500292778015137,4.319889068603516,4.320472717285156,1.6337379217147827,-25.988630294799805,2.556382179260254,21.366565704345703,-2.1496284008026123,-2.1847758293151855
Cross,51564,51564,3.6023204,0.9451205273765648,0.9428437563915831,3.1068572004312465,2.796435836599707,0.4994022817614875,0.7869834242538949,1.0,1.0,9.643090772560353,9.581990336809579,1.0,1.0,0.01071168851130871,0.014786648361693031,3.6,0.002320432659999927,0.1513304,0.22250096,2.9627466201782227,5.274593353271484,-1.0033706426620483,-2.7434215545654297,4.329227924346924,4.314301013946533,1.619931697845459,-27.46145248413086,2.5729947090148926,21.51708221435547,-2.1635682582855225,-2.202501058578491
Casson,51564,51564,3.6023204,-4.060017628829165,-4.054616149872387,4.925129131232875,3.087655322568075,-0.18232962687154244,0.3620615808989767,0.06174850671010783,1.0,inf,98925.27235295472,1.0,1.0,1.1285042395407093e-05,0.10196342861665836,3.6,0.002320432659999927,0.049043536,0.20491673,-2.0999999046325684,-0.2719855010509491,-5.900000095367432,-7.497635364532471,6.3272013664245605,4.53077507019043,2.6770637035369873,-23.367517471313477,2.25,19.29530906677246,-2.25,-2.421996831893921
Carreau,51564,51564,3.6023204,-9.05735512999898,-9.059972355802419,3.1216037754969603,2.818260383446669,0.4825176652282018,0.7623895683349438,1.0,1.0,9.91123380454607,9.891722826200889,1.0,1.0,0.010826372835209952,0.01428100794984991,3.6,0.002320432659999927,0.15135501,0.21356666,-7.041615009307861,-5.104416847229004,-10.99718952178955,-12.563121795654297,4.319395542144775,4.320108413696289,1.6313250064849854,-26.89556312561035,2.55865478515625,21.66078758239746,-2.1489129066467285,-2.184598207473755
Cross,51564,51564,3.6423213,0.945119733516995,0.9429147752951081,3.1029595661275224,2.7907842924360016,0.5036256588906364,0.7933006753913247,1.0,1.0,9.644187142486283,9.584314308519017,1.0,1.0,0.01066284471599332,0.014615540760397488,3.64,0.002321348189999739,0.15028873,0.22238731,2.9653031826019287,5.309174060821533,-1.0043237209320068,-2.77712345123291,4.328739643096924,4.313800811767578,1.6176707744598389,-28.39165687561035,2.5754880905151367,21.806798934936523,-2.1628329753875732,-2.202319860458374
Casson,51564,51564,3.6423213,-4.060017628681206,-4.054691195326434,4.923168524696333,3.0851623420921093,-0.18232940256462077,0.36473689661022246,0.0626212085951439,1.0,inf,95744.82110673047,1.0,1.0,1.0379788360928817e-05,0.1133452951668187,3.64,0.002321348189999739,0.049043484,0.18663047,-2.0999999046325684,-0.2374257892370224,-5.900000095367432,-7.499696731567383,6.325240612030029,4.527312278747559,2.6751010417938232,-24.218637466430664,2.25,19.550092697143555,-2.25,-2.421959400177002
Carreau,51564,51564,3.6423213,-9.057366679410348,-9.059946624693199,3.1176781231378086,2.8128316217312275,0.48671098874640667,0.7684569634359135,1.0,1.0,9.912467656739604,9.891041387626489,1.0,1.0,0.010583960202663162,0.01445038053145799,3.64,0.002321348189999739,0.1502755,0.21326731,-7.038994312286377,-5.060122489929199,-10.998125076293945,-12.62594985961914,4.31890344619751,4.31974458694458,1.628966212272644,-27.818191528320312,2.5609686374664307,21.95500946044922,-2.148196220397949,-2.1844162940979004
Cross,51564,51564,3.6823223,0.9451202959202684,0.9429877171274779,3.0990987976225655,2.7851227750100014,0.5078301156843491,0.7995901756336175,1.0,1.0,9.639897338146106,9.584313607014286,1.0,1.0,0.010892139485913685,0.01448803419980632,3.68,0.002322263719999995,0.1493496,0.22218531,2.967806100845337,5.34375524520874,-1.0052599906921387,-2.8108255863189697,4.328248023986816,4.313298225402832,1.615227460861206,-29.337556838989258,2.578007936477661,22.096515655517578,-2.1620991230010986,-2.202141284942627
Casson,51564,51564,3.6823223,-4.060017628727443,-4.054755270157448,4.921207920665858,3.082540345944845,-0.1823291767850376,0.36736729314930266,0.062233341090683424,1.0,inf,101907.4620278736,1.0,1.0,9.97116667544919e-06,0.10105945529814646,3.68,0.002322263719999995,0.04904344,0.18030073,-2.0999999046325684,-0.2028660774230957,-5.900000095367432,-7.5011115074157715,6.323279857635498,4.527060031890869,2.673138380050659,-25.08545684814453,2.25,19.80487632751465,-2.25,-2.4216463565826416
Carreau,51564,51564,3.6823223,-9.05737729012832,-9.059920001470148,3.113788820919337,2.8073989776512267,0.49088430482192136,0.7744964331717349,1.0,1.0,9.911466568031042,9.892820236699722,1.0,1.0,0.010757853700883746,0.014101834979447414,3.68,0.002322263719999995,0.14931776,0.21298434,-7.0364179611206055,-5.0158281326293945,-10.999214172363281,-12.6887788772583,4.318408966064453,4.319380283355713,1.6266592741012573,-28.75651741027832,2.5633208751678467,22.24923324584961,-2.1474812030792236,-2.184229850769043
Cross,51564,51564,3.7223232,0.945121491077689,0.9430595986178975,3.095268770776092,2.779456498544673,0.5120149788460912,0.8058505655852173,1.0,1.0,9.64457353440704,9.584703395054289,1.0,1.0,0.010686917827319611,0.014478545375428056,3.72,0.0023231792399998064,0.14842658,0.2219334,2.970257520675659,5.378335952758789,-1.0061789751052856,-2.8445277214050293,4.327764987945557,4.312793254852295,1.611154317855835,-30.29915428161621,2.580547332763672,22.386232376098633,-2.161360740661621,-2.201962471008301
Casson,51564,51564,3.7223232,-4.060017628690453,-4.054817709121334,4.919247319585329,3.079974371745556,-0.18232894930622962,0.36995523314360984,0.061496392832208514,1.0,inf,102448.83844632785,1.0,1.0,1.0856598590647673e-05,0.10915203315212786,3.72,0.0023231792399998064,0.049043387,0.19283041,-2.0999999046325684,-0.1683063507080078,-5.900000095367432,-7.5027337074279785,6.321319103240967,4.52714204788208,2.671175718307495,-25.96796989440918,2.25,20.059659957885742,-2.25,-2.421447992324829
Carreau,51564,51564,3.7223232,-9.057386685052101,-9.059891314394081,3.1099309817484784,2.8019645111734306,0.4950375530441047,0.780506783994749,1.0,1.0,9.911413469933047,9.894438336248976,1.0,1.0,0.010796598672038292,0.013855102375606216,3.72,0.0023231792399998064,0.1484081,0.21256155,-7.033895492553711,-4.97153377532959,-11.000370979309082,-12.751607894897461,4.317914009094238,4.319015979766846,1.6243878602981567,-29.710540771484375,2.5657129287719727,22.543455123901367,-2.146766185760498,-2.1840381622314453
Cross,51564,51564,3.7623241,0.945123100663859,0.9431290942114994,3.091470735609536,2.7737786738193053,0.5161812265831278,0.8120817170082846,1.0,1.0,9.65017220115987,9.588898914204883,1.0,1.0,0.01044436791795771,0.014280394371486453,3.76,0.0023240947700000625,0.14747714,0.22180529,2.972653865814209,5.412917137145996,-1.0070831775665283,-2.8782296180725098,4.327267169952393,4.312285423278809,1.6070806980133057,-31.276447296142578,2.5830929279327393,22.675949096679688,-2.1606297492980957,-2.2017831802368164
Casson,51564,51564,3.7623241,-4.060017628671958,-4.054883195386267,4.91728672041903,3.0774497709012136,-0.1823287207038526,0.37253655884532694,0.0630284694748274,1.0,inf,103583.70035163866,1.0,1.0,1.0393724740872976e-05,0.1071805094380611,3.76,0.0023240947700000625,0.049043376,0.19637302,-2.0999999046325684,-0.13374663889408112,-5.900000095367432,-7.5043559074401855,6.3193583488464355,4.527210235595703,2.669213056564331,-26.866180419921875,2.25,20.314443588256836,-2.25,-2.4213638305664062
Carreau,51564,51564,3.7623241,-9.057395027667924,-9.059859982898834,3.10610456018773,2.7965260531934493,0.49917233482173584,0.7864841061272072,1.0,1.0,9.913558053504264,9.894730818834809,1.0,1.0,0.010438758695236706,0.01380784018162539,3.76,0.0023240947700000625,0.1474913,0.21221411,-7.0314226150512695,-4.927238941192627,-11.001503944396973,-12.814435958862305,4.317418098449707,4.3186516761779785,1.6221448183059692,-30.680259704589844,2.5681376457214355,22.837677001953125,-2.1460518836975098,-2.18384051322937
Cross,51564,51564,3.802325,0.9451257141839914,0.9431967027827276,3.087701101154586,2.7680817836122174,0.5203280681229852,0.8182869022523261,1.0,1.0,9.649682203170336,9.593453477956855,1.0,1.0,0.010430940830692502,0.013999066231567837,3.8,0.0023250103000003186,0.14665566,0.22193275,2.974989414215088,5.447497844696045,-1.007967233657837,-2.9119317531585693,4.326776504516602,4.311783313751221,1.6030020713806152,-32.269439697265625,2.5856618881225586,22.965665817260742,-2.1598947048187256,-2.2016029357910156
Casson,51564,51564,3.802325,-4.060017628671958,-4.054959361827444,4.91532612386052,3.0748874486234237,-0.1823284905779529,0.37511716522734867,0.0636102707315181,1.0,inf,102877.25456365896,1.0,1.0,1.1397556162217264e-05,0.09413854789615769,3.8,0.0023250103000003186,0.049043328,0.19439082,-2.0999999046325684,-0.09918691962957382,-5.900000095367432,-7.506566524505615,6.317397594451904,4.5271477699279785,2.667250394821167,-27.780088424682617,2.25,20.56922721862793,-2.25,-2.4212820529937744
Carreau,51564,51564,3.802325,-9.057402063457344,-9.059826528375934,3.1023100195752393,2.7910796313976243,0.5032896897507596,0.7924320433714306,1.0,1.0,9.915720180861843,9.894374311178375,1.0,1.0,0.010100961301704592,0.013876049568510063,3.8,0.0023250103000003186,0.14658362,0.21204747,-7.029004096984863,-4.882944583892822,-11.002616882324219,-12.877264976501465,4.316929817199707,4.3182878494262695,1.6199235916137695,-31.66567611694336,2.5705935955047607,23.131900787353516,-2.1453332901000977,-2.1836354732513428
Cross,51564,51564,3.8423259,0.9451290551959263,0.9432628927788562,3.0839637385204592,2.762365479788794,0.5244602439146591,0.8244699362576897,1.0,1.0,9.649918906776172,9.593453918950773,1.0,1.0,0.010439321707314018,0.014048693029392822,3.84,0.0023259258300001306,0.1458581,0.22201121,2.9772684574127197,5.482079029083252,-1.0088304281234741,-2.945633888244629,4.32628059387207,4.311280727386475,1.6003637313842773,-33.27812576293945,2.588258743286133,23.255382537841797,-2.1591622829437256,-2.2014224529266357
Casson,51564,51564,3.8423259,-4.060017628681206,-4.055032062752226,4.913365536863907,3.0723574415513077,-0.18232825493593025,0.37766986388910434,0.06599565588395004,1.0,inf,100646.91816235003,1.0,1.0,1.103393756544242e-05,0.10448690165118332,3.84,0.0023259258300001306,0.049042683,0.17835236,-2.0999999046325684,-0.06462720036506653,-5.900000095367432,-7.509740352630615,6.315436840057373,4.527008533477783,2.665287733078003,-28.709693908691406,2.25,20.824010848999023,-2.25,-2.421203136444092
Carreau,51564,51564,3.8423259,-9.057408238370927,-9.059792976384573,3.0985508332420992,2.785623058029974,0.5073908081997408,0.7983556592410909,1.0,1.0,9.915296250933608,9.89729301131971,1.0,1.0,0.010179030469865397,0.01337261697319584,3.84,0.0023259258300001306,0.14567697,0.2119698,-7.026634693145752,-4.838650226593018,-11.003705978393555,-12.940093040466309,4.316433429718018,4.31796407699585,1.616703987121582,-32.666786193847656,2.5730671882629395,23.426122665405273,-2.1446192264556885,-2.1834182739257812
Cross,51564,51564,3.8823268,0.9451326668464345,0.9433273134550106,3.080251619644008,2.756631678249304,0.5285746750743939,0.8306300164591085,1.0,1.0,9.653776391215935,9.596936911897066,1.0,1.0,0.010223333232611053,0.013886375903845127,3.88,0.002326841349999942,0.1450524,0.22208627,2.979494094848633,5.516659736633301,-1.0097496509552002,-2.9793357849121094,4.325788974761963,4.310775279998779,1.5977872610092163,-34.30250930786133,2.5908825397491455,23.54509925842285,-2.1584274768829346,-2.2012417316436768
Casson,51564,51564,3.8823268,-4.060017628671958,-4.055119060991539,4.911404982631122,3.069867177983221,-0.18232800034350524,0.3801841107489053,0.06463811961833837,1.0,inf,101976.38836618025,1.0,1.0,1.2449519804101774e-05,0.10385797016885032,3.88,0.002326841349999942,0.049042635,0.18622562,-2.0999999046325684,-0.030067482963204384,-5.900000095367432,-7.513899803161621,6.313476085662842,4.526817798614502,2.663325071334839,-29.65499496459961,2.25,21.078794479370117,-2.25,-2.421147346496582
Carreau,51564,51564,3.8823268,-9.057413387405855,-9.059760513459912,3.0948165918989887,2.78015545547672,0.5114722775225097,0.8042565719747308,1.0,1.0,9.914368720580253,9.896777964703615,1.0,1.0,0.010358389910452999,0.013442958898505513,3.88,0.002326841349999942,0.14481594,0.21197641,-7.024319171905518,-4.794355869293213,-11.004796981811523,-13.002922058105469,4.315938949584961,4.317641735076904,1.6126922369003296,-33.683597564697266,2.5755455493927,23.720346450805664,-2.143903970718384,-2.183199644088745
Cross,51564,51564,3.9223278,0.9451366549120294,0.9433889743461429,3.0765683045953955,2.7508791904241563,0.5326740839788394,0.8367685758852026,1.0,1.0,9.65109668520773,9.601445858061116,1.0,1.0,0.010350520254186946,0.013588162816450214,3.92,0.002327756880000198,0.14425118,0.22219516,2.9816765785217285,5.551240921020508,-1.0108602046966553,-3.013037919998169,4.3252997398376465,4.310267925262451,1.5952444076538086,-35.34259033203125,2.5935168266296387,23.834815979003906,-2.1576921939849854,-2.201061248779297
Casson,51564,51564,3.9223278,-4.060017628755186,-4.055178514251144,4.909444432078835,3.067446175861687,-0.18232774362878315,0.3827352988454274,0.06446357924133116,1.0,inf,101233.92121121188,1.0,1.0,1.2166328220770997e-05,0.10961885396691212,3.92,0.002327756880000198,0.04904258,0.18995737,-2.0999999046325684,0.0044922358356416225,-5.900000095367432,-7.5194878578186035,6.3115153312683105,4.526498317718506,2.661362409591675,-30.615991592407227,2.25,21.33357810974121,-2.25,-2.421052932739258
Carreau,51564,51564,3.9223278,-9.057417927170436,-9.059727653318912,3.091114931882986,2.7746747270606202,0.5155392766012885,0.8101366075653286,1.0,1.0,9.914358141867815,9.897132977042222,1.0,1.0,0.010339326359179666,0.01339088734302126,3.92,0.002327756880000198,0.1440117,0.21202274,-7.02205753326416,-4.750061511993408,-11.005873680114746,-13.065751075744629,4.3154473304748535,4.317320823669434,1.6086719036102295,-34.716102600097656,2.5780515670776367,24.014568328857422,-2.1431872844696045,-2.182978391647339
Cross,51564,51564,3.9623287,0.9451408699691349,0.9434483547635757,3.0729135390064473,2.7451110423522547,0.5367575487257625,0.8428856808953897,1.0,1.0,9.6520084671271,9.604936504880023,1.0,1.0,0.010334607933430473,0.013402761495252054,3.96,0.00232867241000001,0.14341255,0.22229049,2.983807325363159,5.585822105407715,-1.0119549036026,-3.0467400550842285,4.32480525970459,4.309757232666016,1.5927175283432007,-36.39836883544922,2.5961754322052,24.12453269958496,-2.156958818435669,-2.200881004333496
Casson,51564,51564,3.9623287,-4.060017628782928,-4.055231861464914,4.90748388555845,3.0650992305580442,-0.1823274845744481,0.38531983028626615,0.06777984640446823,1.0,inf,98093.30991836995,1.0,1.0,1.3158711512452912e-05,0.1005072337168194,3.96,0.00232867241000001,0.04904253,0.2010456,-2.0999999046325684,0.039051953703165054,-5.900000095367432,-7.528297424316406,6.309554576873779,4.526135444641113,2.6593997478485107,-31.592687606811523,2.25,21.588363647460938,-2.25,-2.420961380004883
Carreau,51564,51564,3.9623287,-9.057421467883307,-9.05969273588136,3.087441959821561,2.7691815780137192,0.5195908723993441,0.8159953942078346,1.0,1.0,9.914714013389966,9.897666266628292,1.0,1.0,0.01026709819524418,0.013270540283241698,3.96,0.00232867241000001,0.14319591,0.21199027,-7.019840717315674,-4.7057671546936035,-11.006936073303223,-13.128579139709473,4.3149495124816895,4.3170013427734375,1.6054185628890991,-35.764305114746094,2.5805811882019043,24.30879020690918,-2.1424736976623535,-2.1827545166015625
Cross,51564,51564,4.0023293,0.9451453628233197,0.9435050577260375,3.0692861125228035,2.739325404080986,0.5408255070434538,0.8489832638970656,1.0,1.0,9.656328874408908,9.603942061032829,1.0,1.0,0.010107675207579582,0.013528401965509081,4.0,0.002329349520000079,0.14268215,0.22251464,2.9858949184417725,5.620402812957764,-1.0130268335342407,-3.080441951751709,4.324308395385742,4.3092474937438965,1.59023118019104,-37.469844818115234,2.5988430976867676,24.414249420166016,-2.156226634979248,-2.2007014751434326
Casson,51564,51564,4.0023293,-4.060017628866155,-4.055283132935185,4.905523341118748,3.0627483522197108,-0.18232722432718793,0.38791590512629,0.068400434411605,1.0,inf,105626.57695256334,1.0,1.0,1.355513446082064e-05,0.11047576125990137,4.0,0.002329349520000079,0.04904249,0.1865393,-2.0999999046325684,0.07361166924238205,-5.900000095367432,-7.533105850219727,6.307593822479248,4.5257697105407715,2.6574370861053467,-32.585079193115234,2.25,21.84314727783203,-2.25,-2.4208576679229736
Carreau,51564,51564,4.0023293,-9.057424443343844,-9.059656652317841,3.0837947898807707,2.76367633085582,0.5236259588240494,0.821830107761227,1.0,1.0,9.916560490519217,9.897871488162133,1.0,1.0,0.009968230612062218,0.013232722586931882,4.0,0.002329349520000079,0.14241816,0.21192071,-7.017673492431641,-4.661472797393799,-11.007987022399902,-13.191408157348633,4.314455986022949,4.316683769226074,1.602892518043518,-36.82820510864258,2.5831379890441895,24.60301399230957,-2.1417579650878906,-2.182528257369995
Cross,51564,51564,4.0423303,0.9451493325863615,0.9435586973440738,3.0656835845189785,2.7335183002949384,0.544877574672487,0.8550624071831344,1.0,1.0,9.658819570079748,9.603166678214256,1.0,1.0,0.00996185430308096,0.013532846100210537,4.04,0.0023302650500003352,0.14192864,0.22280811,2.987945079803467,5.654983997344971,-1.0140807628631592,-3.1141440868377686,4.323806285858154,4.3087334632873535,1.5877718925476074,-38.55701446533203,2.6015045642852783,24.70396614074707,-2.1554977893829346,-2.2005221843719482
Casson,51564,51564,4.0423303,-4.060017628745938,-4.055327163437459,4.903562800054377,3.0603089977998454,-0.18232696210559035,0.39049010131897494,0.06735319214956172,1.0,inf,96689.84608945844,1.0,1.0,1.1935499957309891e-05,0.11127271849706705,4.04,0.0023302650500003352,0.04904244,0.18297432,-2.0999999046325684,0.10817138850688934,-5.900000095367432,-7.5358052253723145,6.305633068084717,4.525325775146484,2.6554744243621826,-33.59316635131836,2.25,22.097930908203125,-2.25,-2.4207346439361572
Carreau,51564,51564,4.0423303,-9.057426763749753,-9.059620495819432,3.080173500120922,2.7581585796806967,0.5276454287345589,0.8276403780860548,1.0,1.0,9.916056696026443,9.898874905830525,1.0,1.0,0.010093360946674481,0.013072035708364517,4.04,0.0023302650500003352,0.14170022,0.21189828,-7.015557765960693,-4.617178440093994,-11.00901985168457,-13.254237174987793,4.313967227935791,4.3163676261901855,1.6003820896148682,-37.90780258178711,2.5857110023498535,24.897235870361328,-2.1410391330718994,-2.1822991371154785
Cross,51564,51564,4.0823312,0.9451530518234916,0.9436088659896198,3.062108318637483,2.727686609474221,0.5489158675900386,0.8611234616098625,1.0,1.0,9.659513294109592,9.609626121022002,1.0,1.0,0.009984259062381212,0.013202985173710166,4.08,0.0023311805699997024,0.14118795,0.2230717,2.989961624145508,5.6895647048950195,-1.0151149034500122,-3.147846221923828,4.323309898376465,4.308215141296387,1.5853534936904907,-39.659881591796875,2.6041648387908936,24.993682861328125,-2.1547648906707764,-2.200343132019043
Casson,51564,51564,4.0823312,-4.060017628727443,-4.05535883166011,4.901602261375857,3.0577987252282557,-0.18232669846450428,0.39301589272108634,0.06774105965402219,1.0,inf,100038.39188212172,1.0,1.0,1.1073622052110164e-05,0.105798748689055,4.08,0.0023311805699997024,0.049042404,0.19548313,-2.0999999046325684,0.14273111522197723,-5.900000095367432,-7.538504123687744,6.3036723136901855,4.5248613357543945,2.6535117626190186,-34.61695098876953,2.25,22.35271453857422,-2.25,-2.420590400695801
Carreau,51564,51564,4.0823312,-9.057428098670007,-9.059584628868931,3.076581296699484,2.75262935586745,0.5316520596683192,0.8334282211466979,1.0,1.0,9.916583249737428,9.900666107976791,1.0,1.0,0.009990389648259013,0.012748112248492918,4.08,0.0023311805699997024,0.1409237,0.21188413,-7.013479232788086,-4.5728840827941895,-11.010045051574707,-13.317065238952637,4.313475131988525,4.316052436828613,1.5978950262069702,-39.00309371948242,2.5883028507232666,25.191457748413086,-2.140322208404541,-2.182067394256592
Cross,51564,51564,4.1223321,0.9451566766049635,0.9436553514523054,3.058556410369506,2.72183641448533,0.5529393203688137,0.8671607295156317,1.0,1.0,9.652535454924136,9.607860128168046,1.0,1.0,0.0103194859129664,0.013354294201366563,4.12,0.0023320960999999585,0.14051664,0.22320141,2.9919424057006836,5.724145889282227,-1.0161337852478027,-3.1815481185913086,4.322813510894775,4.3076934814453125,1.582985281944275,-40.778446197509766,2.6068265438079834,25.283401489257812,-2.1540324687957764,-2.200164556503296
Casson,51564,51564,4.1223321,-4.060017628625721,-4.055376617885105,4.899641738676986,3.0553775374970438,-0.18232642561986181,0.3955305311180946,0.06938949654797921,1.0,inf,105381.1687860012,1.0,1.0,1.5020583601368036e-05,0.09835224077827719,4.12,0.0023320960999999585,0.049041886,0.16775851,-2.0999999046325684,0.17729082703590393,-5.900000095367432,-7.5381178855896,6.301711559295654,4.524196624755859,2.6515491008758545,-35.65643310546875,2.25,22.607498168945312,-2.25,-2.4203717708587646
Carreau,51564,51564,4.1223321,-9.057429368145831,-9.059549011258285,3.0730123818082515,2.7470860681201437,0.5356437521460425,0.8391947528833305,1.0,1.0,9.916096822912722,9.89999083824038,1.0,1.0,0.010095475764263144,0.012869615280651574,4.12,0.0023320960999999585,0.14020708,0.21198626,-7.011450290679932,-4.528589725494385,-11.011059761047363,-13.379894256591797,4.312981605529785,4.315738201141357,1.5954302549362183,-40.11408615112305,2.590909481048584,25.485681533813477,-2.13960599899292,-2.181833505630493
Cross,51564,51564,4.162333,0.9451603976359101,0.9436991325790225,3.05502906305057,2.7159625760918757,0.5569497781252676,0.8731765618721192,1.0,1.0,9.662772566304344,9.609386630807705,1.0,1.0,0.00981815984186876,0.013201698785870313,4.16,0.0023330116300002146,0.13980263,0.22352824,2.9938931465148926,5.758726596832275,-1.0171340703964233,-3.215250253677368,4.322311878204346,4.307191371917725,1.5806593894958496,-41.9127082824707,2.6094744205474854,25.573118209838867,-2.153301954269409,-2.199985980987549
Casson,51564,51564,4.162333,-4.060017628579484,-4.055370416762135,4.897681233807259,3.052897518489271,-0.1823261401223522,0.3979766988081247,0.07055309906136063,1.0,inf,103715.22628391247,1.0,1.0,2.4145340149722564e-05,0.09374624406455254,4.16,0.0023330116300002146,0.049041856,0.20987616,-2.0999999046325684,0.21185053884983063,-5.900000095367432,-7.537093639373779,6.299750804901123,4.523257732391357,2.6495864391326904,-36.71160888671875,2.25,22.862281799316406,-2.25,-2.420069694519043
Carreau,51564,51564,4.162333,-9.057430200271245,-9.059515130546684,3.069468358227728,2.7415277334998653,0.5396200906821019,0.8449421474116785,1.0,1.0,9.917247742865289,9.90000689366302,1.0,1.0,0.00989110359047304,0.01291112481491287,4.16,0.0023330116300002146,0.1394919,0.2120651,-7.00944709777832,-4.481180191040039,-11.012059211730957,-13.44272232055664,4.3124871253967285,4.315425395965576,1.5930014848709106,-41.24077224731445,2.5935142040252686,25.779903411865234,-2.1388895511627197,-2.181598424911499
Cross,51564,51564,4.2023339,0.9451639950605438,0.9437421508746592,3.051523239268943,2.710064347702449,0.5609451224499826,0.8791741250502736,1.0,1.0,9.661326404659496,9.610289632455677,1.0,1.0,0.009895559743232174,0.013181865000039723,4.2,0.0023339271499995817,0.13911426,0.2238532,2.995826482772827,5.793307781219482,-1.0181199312210083,-3.2489523887634277,4.321817398071289,4.306684970855713,1.5783896446228027,-43.06266784667969,2.612119436264038,25.862834930419922,-2.1525681018829346,-2.1998074054718018
Casson,51564,51564,4.2023339,-4.060017628570236,-4.055352861267882,4.895720719828764,3.0504532801651303,-0.182325853082825,0.4004222916764744,0.07142580094639671,1.0,inf,106668.29898209745,1.0,1.0,2.3387044639594618e-05,0.0989058042460273,4.2,0.0023339271499995817,0.049041826,0.18347411,-2.0999999046325684,0.24641026556491852,-5.900000095367432,-7.533325672149658,6.297790050506592,4.522392749786377,2.6476237773895264,-37.78248596191406,2.25,23.1170654296875,-2.25,-2.419748306274414
Carreau,51564,51564,4.2023339,-9.057431297189057,-9.059483300676893,3.065951055100591,2.73595448600783,0.5435833167395991,0.8506684980711626,1.0,1.0,9.91827232359952,9.901493180575839,1.0,1.0,0.00975862748598702,0.01265698690725854,4.2,0.0023339271499995817,0.13879302,0.21212375,-7.007482051849365,-4.420355319976807,-11.013049125671387,-13.5055513381958,4.311993598937988,4.315113067626953,1.5906065702438354,-42.383155822753906,2.5961074829101562,26.074125289916992,-2.1381728649139404,-2.1813642978668213
Cross,51564,51564,4.2423348,0.9451677201347752,0.9437852488901733,3.04804338398171,2.704138103178254,0.5649294439733232,0.8851529712217187,1.0,1.0,9.664944042782928,9.610367116847833,1.0,1.0,0.009758500806257968,0.013161961994228909,4.24,0.002334842679999838,0.1384795,0.224188,2.9977376461029053,5.827888488769531,-1.0190918445587158,-3.282654285430908,4.321314334869385,4.306176662445068,1.5761719942092896,-44.22832107543945,2.614757537841797,26.152551651000977,-2.151838541030884,-2.1996288299560547
Casson,51564,51564,4.2423348,-4.060017628505504,-4.055357930914623,4.893760208152891,3.048071812854499,-0.18232556468391795,0.40281879998541037,0.07084399968970599,1.0,inf,102563.96328031458,1.0,1.0,1.8184079218701746e-05,0.10610892670506701,4.24,0.002334842679999838,0.04904179,0.19075814,-2.0999999046325684,0.2809699773788452,-5.900000095367432,-7.528052806854248,6.2958292961120605,4.5215606689453125,2.6456611156463623,-38.869056701660156,2.25,23.371849060058594,-2.25,-2.4194223880767822
Carreau,51564,51564,4.2423348,-9.057432392405332,-9.05945260662907,3.0624556125283067,2.730365652936181,0.5475322172949991,0.8563732153284845,1.0,1.0,9.917851684776124,9.90207211905256,1.0,1.0,0.009819273813218485,0.012569757884665694,4.24,0.002334842679999838,0.1381194,0.21220931,-7.005547046661377,-4.359530448913574,-11.014023780822754,-13.568380355834961,4.3115034103393555,4.314802169799805,1.5882432460784912,-43.541236877441406,2.598707914352417,26.368349075317383,-2.1374545097351074,-2.1811277866363525
Cross,51564,51564,4.2823358,0.9451717854756732,0.9438274665932578,3.044582587791723,2.6981865977388364,0.5688984832483798,0.8911113123861127,1.0,1.0,9.664384721387266,9.612120022711599,1.0,1.0,0.009750622181282,0.013094550298105537,4.28,0.002335758210000094,0.13781536,0.22440894,2.9996283054351807,5.862469673156738,-1.0200507640838623,-3.3163564205169678,4.32081413269043,4.305663585662842,1.573986530303955,-45.409671783447266,2.6173877716064453,26.44226837158203,-2.1511070728302,-2.1994504928588867
Casson,51564,51564,4.2823358,-4.060017628468514,-4.055382447425467,4.891799698141564,3.0457068874248048,-0.18232527534176773,0.40521114685982074,0.07066945931269879,1.0,inf,95305.01066153744,1.0,1.0,1.762254763879745e-05,0.1069637169986193,4.28,0.002335758210000094,0.04904177,0.19236554,-2.0999999046325684,0.3155297040939331,-5.900000095367432,-7.522030830383301,6.293868541717529,4.520791053771973,2.6436984539031982,-39.9713249206543,2.25,23.626632690429688,-2.25,-2.4190332889556885
Carreau,51564,51564,4.2823358,-9.057433839349581,-9.059423894150171,3.058983015804644,2.7247617350835314,0.5514667222693852,0.8620570054399302,1.0,1.0,9.918777580821997,9.902366285068496,1.0,1.0,0.009712566073123919,0.012524019995815054,4.28,0.002335758210000094,0.13739805,0.21227352,-7.003625869750977,-4.298705577850342,-11.014986038208008,-13.631208419799805,4.311007976531982,4.3144917488098145,1.5859256982803345,-44.71501159667969,2.6013052463531494,26.66257095336914,-2.1367390155792236,-2.180889368057251
Cross,51564,51564,4.3223367,0.945176234357625,0.9438664021018214,3.0411467228222646,2.6922102472825076,0.5728559641055255,0.8970450078744407,1.0,1.0,9.66537516186082,9.6149095815551,1.0,1.0,0.009696165560116295,0.012923694192924726,4.32,0.002336673739999462,0.13716114,0.22470343,3.0014994144439697,5.897050857543945,-1.0209921598434448,-3.3500583171844482,4.320313453674316,4.305145740509033,1.5718367099761963,-46.606719970703125,2.620014190673828,26.731985092163086,-2.1503758430480957,-2.1992716789245605
Casson,51564,51564,4.3223367,-4.060017628440771,-4.055405300220103,4.88983918951736,3.043393916681989,-0.18232498524363586,0.40761374958523633,0.07293848421379256,1.0,inf,102919.99423474279,1.0,1.0,1.7537127471699366e-05,0.11561333734208495,4.32,0.002336673739999462,0.049041744,0.18866307,-2.0999999046325684,0.350089430809021,-5.900000095367432,-7.520284652709961,6.291907787322998,4.521127223968506,2.641735792160034,-41.089290618896484,2.25,23.88141632080078,-2.25,-2.4186806678771973
Carreau,51564,51564,4.3223367,-9.057435705019813,-9.05939741301468,3.055535065897515,2.7191448325213106,0.5553888815982497,0.8677188737139966,1.0,1.0,9.919349632144076,9.902398880842483,1.0,1.0,0.009601658012559685,0.012497541863004918,4.32,0.002336673739999462,0.1367596,0.2123304,-7.001731872558594,-4.237880706787109,-11.015933990478516,-13.694037437438965,4.310516834259033,4.314182758331299,1.5836611986160278,-45.904483795166016,2.6038994789123535,26.9567928314209,-2.1360204219818115,-2.1806490421295166
Cross,51564,51564,4.3623376,0.9451808878862721,0.9439013136750819,3.037731455858199,2.6862071216520818,0.5768009785910376,0.9029584545852046,1.0,1.0,9.667550664452602,9.614795280218624,1.0,1.0,0.009633282020990074,0.012949239903070994,4.36,0.0023375892599997172,0.13655731,0.22507453,3.0033576488494873,5.931631565093994,-1.021925449371338,-3.383760452270508,4.3198137283325195,4.304625511169434,1.5696974992752075,-47.81946563720703,2.6226696968078613,27.02170181274414,-2.149644136428833,-2.1990931034088135
Casson,51564,51564,4.3623376,-4.060017628477761,-4.055425691784709,4.887878704344771,3.041045033846366,-0.18232468157482426,0.4100160627046031,0.07268637033589326,1.0,inf,95796.89674018777,1.0,1.0,1.9903145705773963e-05,0.11229472195385162,4.36,0.0023375892599997172,0.04904121,0.19120775,-2.0999999046325684,0.3846491277217865,-5.900000095367432,-7.51960563659668,6.289947032928467,4.521652698516846,2.63977313041687,-42.22295379638672,2.25,24.136199951171875,-2.25,-2.418480634689331
Carreau,51564,51564,4.3623376,-9.05743783368843,-9.059372651929325,3.0521100109731907,2.713512620466084,0.5592983289332691,0.8733582065271949,1.0,1.0,9.920065184078227,9.903310741245233,1.0,1.0,0.009517134674792236,0.012379011620925485,4.36,0.0023375892599997172,0.13611554,0.21240796,-6.99985408782959,-4.177055835723877,-11.016871452331543,-13.756865501403809,4.310023784637451,4.3138747215271,1.581433892250061,-47.10965347290039,2.606476306915283,27.25101661682129,-2.1353025436401367,-2.1804068088531494
Cross,51564,51564,4.4023385,0.945185254594727,0.9439348764231936,3.034333788805775,2.6801750765450616,0.5807327498593998,0.9088530474342009,1.0,1.0,9.670646555752391,9.614587969428934,1.0,1.0,0.009494042397208457,0.013039970307946545,4.4,0.0023385047899999734,0.13598932,0.22549537,3.005194902420044,5.966212749481201,-1.022843837738037,-3.4174625873565674,4.319308757781982,4.304102420806885,1.5675783157348633,-49.047908782958984,2.6253275871276855,27.311418533325195,-2.1489145755767822,-2.1989142894744873
Casson,51564,51564,4.4023385,-4.060017628403781,-4.055466955458162,4.885918231989191,3.0387172546237995,-0.182324370438671,0.4123876921616409,0.07363664572182142,1.0,inf,98679.33527428495,1.0,1.0,1.4909093184971452e-05,0.10149273599899934,4.4,0.0023385047899999734,0.0490412,0.18403693,-2.0999999046325684,0.4192088544368744,-5.900000095367432,-7.5249762535095215,6.2879862785339355,4.521374225616455,2.637810468673706,-43.372310638427734,2.25,24.39098358154297,-2.25,-2.418220043182373
Carreau,51564,51564,4.4023385,-9.057439606042323,-9.059348466582946,3.0487032953244313,2.7078639461058027,0.5631932716120126,0.8789748079155912,1.0,1.0,9.920633118698774,9.903573430719169,1.0,1.0,0.00936011416435417,0.01231702404996687,4.4,0.0023385047899999734,0.13549906,0.2125024,-6.997994422912598,-4.1162309646606445,-11.018845558166504,-13.819694519042969,4.309529781341553,4.313567638397217,1.579250454902649,-48.33052062988281,2.6090550422668457,27.545238494873047,-2.134585380554199,-2.1801629066467285
Cross,51564,51564,4.4423394,0.9451895810844287,0.9439694649445363,3.0309587121541557,2.6741155421412044,0.5846537104583437,0.9147314633660172,1.0,1.0,9.669198262516721,9.618859280765717,1.0,1.0,0.009553329624023112,0.01283702495535279,4.44,0.0023394203199993413,0.13540535,0.225927,3.0070109367370605,6.00079345703125,-1.023753046989441,-3.451164484024048,4.318801403045654,4.303576946258545,1.5654696226119995,-50.29204559326172,2.6279826164245605,27.60113525390625,-2.148186683654785,-2.198735237121582
Casson,51564,51564,4.4423394,-4.0600176284130285,-4.055511582836702,4.8839577610484755,3.0364104426981693,-0.18232405847949187,0.41473285619861294,0.07454813435730355,1.0,inf,99631.60833101846,1.0,1.0,1.3581477660455032e-05,0.11632779108559888,4.44,0.0023394203199993413,0.049041152,0.17678684,-2.0999999046325684,0.4537685811519623,-5.900000095367432,-7.530346870422363,6.286025524139404,4.520969390869141,2.635847806930542,-44.5373649597168,2.25,24.645767211914062,-2.25,-2.417954444885254
Carreau,51564,51564,4.4423394,-9.057441346196482,-9.059323354712857,3.045322437683464,2.7021984710674447,0.5670768278717372,0.8845701034290679,1.0,1.0,9.920394951355263,9.90444039695526,1.0,1.0,0.009453011962730544,0.012196014818426899,4.44,0.0023394203199993413,0.1348251,0.21265954,-6.99615478515625,-4.055406093597412,-11.02079963684082,-13.882523536682129,4.309037685394287,4.31326150894165,1.577097773551941,-49.56708526611328,2.6116302013397217,27.839460372924805,-2.133867025375366,-2.179917573928833
Cross,51564,51564,4.4823403,0.9451942041250191,0.9440043433824853,3.027602994026312,2.668028450517755,0.5885633235590556,0.9205925128978897,1.0,1.0,9.671115436710053,9.619139352491002,1.0,1.0,0.009473173518455582,0.012751175011899417,4.48,0.0023403358499995974,0.13482371,0.22639224,3.00880765914917,6.035374641418457,-1.0254637002944946,-3.4848666191101074,4.318299293518066,4.3030476570129395,1.5633820295333862,-51.5518798828125,2.630634069442749,27.890851974487305,-2.1474554538726807,-2.1985559463500977
Casson,51564,51564,4.4823403,-4.060017628283564,-4.055531512678581,4.881997325692071,3.0340795147850197,-0.18232372560019672,0.4170419456685817,0.07902800403382204,1.0,inf,99208.3376999627,1.0,1.0,2.0629409354770853e-05,0.11163416893660169,4.48,0.0023403358499995974,0.049040094,0.18453573,-2.0999999046325684,0.4883282780647278,-5.900000095367432,-7.535717487335205,6.284064769744873,4.520544528961182,2.633885145187378,-45.718116760253906,2.25,24.900550842285156,-2.25,-2.417694330215454
Carreau,51564,51564,4.4823403,-9.057442498081327,-9.059297457125844,3.0419639244741523,2.696516168158212,0.5709474069303155,0.8901472577504069,1.0,1.0,9.921552232493442,9.905032936831848,1.0,1.0,0.009270239687260042,0.012093132381979121,4.48,0.0023403358499995974,0.13416798,0.21285419,-6.9943318367004395,-3.994581460952759,-11.022765159606934,-13.945351600646973,4.308549880981445,4.3129563331604,1.5749597549438477,-50.8193473815918,2.6142337322235107,28.133684158325195,-2.1331467628479004,-2.179671049118042
Cross,51564,51564,4.5223413,0.9451991196949034,0.9440368101312503,3.0242673145398613,2.6619083225401137,0.5924606454727603,0.9264371790356738,1.0,1.0,9.672458692135558,9.623369927883852,1.0,1.0,0.009475456302033426,0.012529570402318639,4.52,0.002341251370000741,0.13423651,0.22695222,3.0105905532836914,6.069955348968506,-1.0273774862289429,-3.518568754196167,4.317792892456055,4.302517414093018,1.5613096952438354,-52.82741165161133,2.6332716941833496,28.18056869506836,-2.1467268466949463,-2.1983766555786133
Casson,51564,51564,4.5223413,-4.060017628163346,-4.0555211925477,4.880036932171274,3.031845569457145,-0.18232336859422124,0.4193329776631789,0.08686292762392367,1.0,inf,98238.7929345539,1.0,1.0,2.0582405256218852e-05,0.10813476660690761,4.52,0.002341251370000741,0.049039602,0.18294224,-2.0999999046325684,0.5228880047798157,-5.900000095367432,-7.541088581085205,6.282104015350342,4.520210266113281,2.631922483444214,-46.91456604003906,2.25,25.15533447265625,-2.249600887298584,-2.4174492359161377
Carreau,51564,51564,4.5223413,-9.057443716122656,-9.059271487191154,3.038622022546685,2.6908163366302214,0.5748035482267075,0.8957069695172051,1.0,1.0,9.921897420279503,9.905487741744137,1.0,1.0,0.009216461099096577,0.012016781442249796,4.52,0.002341251370000741,0.13360614,0.21308717,-6.992532253265381,-3.9337565898895264,-11.024703979492188,-14.008180618286133,4.3080573081970215,4.312651634216309,1.572838544845581,-52.087303161621094,2.61684250831604,28.427906036376953,-2.1324286460876465,-2.1794235706329346
Cross,51564,51564,4.5623422,0.9452039213740997,0.9440673142532169,3.020950972851267,2.655755942900951,0.5963461765776115,0.9322639182406057,1.0,1.0,9.674008387432153,9.623138151817257,1.0,1.0,0.009345649357425661,0.012474913165945454,4.56,0.002342166900000109,0.1336661,0.2274202,3.0123603343963623,6.104536533355713,-1.0292716026306152,-3.5522706508636475,4.317291736602783,4.301985263824463,1.5592482089996338,-54.1186408996582,2.635899782180786,28.470285415649414,-2.1459946632385254,-2.1981968879699707
Casson,51564,51564,4.5623422,-4.060017628311306,-4.055553012576436,4.878076559882697,3.029639932634957,-0.18232299948098002,0.4216066522254942,0.08963618028081607,1.0,inf,104527.75172917022,1.0,1.0,1.7805643570649114e-05,0.10695161165531272,4.56,0.002342166900000109,0.04903954,0.1812748,-2.0999999046325684,0.5574477314949036,-5.900000095367432,-7.546459197998047,6.2801432609558105,4.519774436950684,2.62995982170105,-48.126712799072266,2.25,25.410120010375977,-2.2487852573394775,-2.4172205924987793
Carreau,51564,51564,4.5623422,-9.057444791604805,-9.059245953691375,3.0353079273766186,2.6850972368223194,0.5786521467642676,0.9012487286994092,1.0,1.0,9.920960587051802,9.906309602804527,1.0,1.0,0.009368382942181435,0.01185620102343636,4.56,0.002342166900000109,0.13298811,0.21333702,-6.990748405456543,-3.872931718826294,-11.026611328125,-14.071009635925293,4.307561874389648,4.312347888946533,1.57072114944458,-53.37095642089844,2.6194469928741455,28.72212791442871,-2.131711483001709,-2.1791749000549316
Cross,51564,51564,4.6023431,0.9452085959840951,0.944095240870365,3.017653453436531,2.6495748876540763,0.6002211830573302,0.9380700129103899,1.0,1.0,9.674442704474249,9.626537048995157,1.0,1.0,0.009381036026464592,0.012367545782605004,4.6,0.002343082430000365,0.13313651,0.22769624,3.0141217708587646,6.139117240905762,-1.0311360359191895,-3.585972785949707,4.316788196563721,4.301451206207275,1.5572055578231812,-55.42556381225586,2.638524293899536,28.7600040435791,-2.145263433456421,-2.198017120361328
Casson,51564,51564,4.6023431,-4.060017628320554,-4.055578011086267,4.876116219368466,3.0274100051826522,-0.18232261212245698,0.4238718848539995,0.07990070591885812,1.0,inf,98866.30711208664,1.0,1.0,1.9173602506774196e-05,0.10883581091997188,4.6,0.002343082430000365,0.049039077,0.17273587,-2.0999999046325684,0.5920074582099915,-5.900000095367432,-7.551829814910889,6.278182506561279,4.519392967224121,2.6279971599578857,-49.35455322265625,2.25,25.66490364074707,-2.2479662895202637,-2.417004346847534
Carreau,51564,51564,4.6023431,-9.057446113726543,-9.059221665711817,3.032007984351764,2.6793598170510626,0.5824850654910108,0.9067733172866806,1.0,1.0,9.921300072193183,9.90665675986036,1.0,1.0,0.009321262586447438,0.011818563553250392,4.6,0.002343082430000365,0.13241342,0.21356642,-6.988978862762451,-3.8121068477630615,-11.028495788574219,-14.133837699890137,4.307068824768066,4.312044620513916,1.5686274766921997,-54.67030334472656,2.622047185897827,29.0163516998291,-2.130993604660034,-2.178925037384033
Cross,51564,51564,4.642344,0.9452137675469916,0.9441210980439546,3.014373046237423,2.643367104931435,0.6040847676343589,0.9438514028321354,1.0,1.0,9.675240100868068,9.626712074342484,1.0,1.0,0.00926370497977508,0.012397631065687094,4.64,0.002343997960000621,0.13261227,0.22803257,3.015866994857788,6.173698425292969,-1.0329794883728027,-3.6196749210357666,4.316281795501709,4.300915718078613,1.5551705360412598,-56.7481803894043,2.641141414642334,29.049720764160156,-2.144533157348633,-2.1978373527526855
Casson,51564,51564,4.642344,-4.060017628311306,-4.055606169494196,4.87415590645797,3.025222466482651,-0.1823222086941222,0.426154067153408,0.0768753393840664,1.0,inf,97664.0687181701,1.0,1.0,1.9412871106352484e-05,0.10983273925724339,4.64,0.002343997960000621,0.049038395,0.18487148,-2.0999999046325684,0.6265671849250793,-5.900000095367432,-7.5572004318237305,6.276221752166748,4.519106388092041,2.6260344982147217,-50.59809112548828,2.25,25.919687271118164,-2.24714994430542,-2.416795492172241
Carreau,51564,51564,4.642344,-9.05744696717665,-9.05919793693674,3.028727557682083,2.6736033433056647,0.5863079834822034,0.9122818992226948,1.0,1.0,9.923133724424376,9.907564459913466,1.0,1.0,0.009035946877054842,0.011659610674990351,4.64,0.002343997960000621,0.13187477,0.21390414,-6.987217903137207,-3.751282215118408,-11.030364990234375,-14.196666717529297,4.306576728820801,4.311742305755615,1.5665483474731445,-55.985347747802734,2.6246449947357178,29.31057357788086,-2.1302740573883057,-2.1786742210388184
Cross,51564,51564,4.6823449,0.9452192489386075,0.944147772424724,3.011111774094378,2.6371272035793005,0.6079379839117499,0.9496102095417398,1.0,1.0,9.67145479578976,9.62544442053106,1.0,1.0,0.00949810602587595,0.01247790322939916,4.68,0.0023449134799999882,0.13208503,0.22850911,3.017606258392334,6.208279609680176,-1.034798502922058,-3.653376817703247,4.315776348114014,4.30037784576416,1.5531518459320068,-58.08649444580078,2.64375638961792,29.33943748474121,-2.1438028812408447,-2.1976571083068848
Casson,51564,51564,4.6823449,-4.060017628292812,-4.055624778608971,4.87219561170028,3.0230345672074357,-0.1823217948739296,0.42840283613212804,0.07683655263362035,1.0,inf,106322.7695959166,1.0,1.0,2.0761681969625696e-05,0.1009494221932891,4.68,0.0023449134799999882,0.049038302,0.17504162,-2.0999999046325684,0.6611269116401672,-5.900000095367432,-7.562571048736572,6.274260997772217,4.518635272979736,2.6240718364715576,-51.85732650756836,2.25,26.174470901489258,-2.2463343143463135,-2.4165868759155273
Carreau,51564,51564,4.6823449,-9.057447168882726,-9.059175124184856,3.0254665166151162,2.6678260344644653,0.5901198985197765,0.917777020383496,1.0,1.0,9.922724471470632,9.906688887730256,1.0,1.0,0.009076887770700794,0.011837848303824025,4.68,0.0023449134799999882,0.13130902,0.21424092,-6.985475063323975,-3.690457344055176,-11.032205581665039,-14.25949478149414,4.306087970733643,4.311440944671631,1.5644696950912476,-57.31608963012695,2.627239942550659,29.604795455932617,-2.12955379486084,-2.178422451019287
Cross,51564,51564,4.7223458,0.9452243714698028,0.9441746248190603,3.0078693528392115,2.6308582036674126,0.6117797903433462,0.9553507865990158,1.0,1.0,9.683811140249073,9.63120780688595,1.0,1.0,0.008904991965320342,0.012056369374818328,4.72,0.0023458290100002444,0.13144672,0.22892609,3.0193374156951904,6.242860317230225,-1.0365965366363525,-3.6870789527893066,4.315268516540527,4.299839019775391,1.5511400699615479,-59.44050216674805,2.646360158920288,29.629154205322266,-2.143073320388794,-2.197476863861084
Casson,51564,51564,4.7223458,-4.060017628329802,-4.055630015175361,4.870235337832653,3.020775712342788,-0.1823213690088918,0.43062607547847587,0.07823287564967807,1.0,inf,96448.93599470507,1.0,1.0,2.6196448648929444e-05,0.11462462250370178,4.72,0.0023458290100002444,0.049037516,0.17197314,-2.0999999046325684,0.6956865787506104,-5.900000095367432,-7.567941665649414,6.2723002433776855,4.518073081970215,2.6221091747283936,-53.132259368896484,2.25,26.42925453186035,-2.245615005493164,-2.416417360305786
Carreau,51564,51564,4.7223458,-9.057446398752433,-9.05915279653738,3.022224209110913,2.662029054672157,0.593915647584194,0.9232564035015539,1.0,1.0,9.927352400823299,9.907583404610113,1.0,1.0,0.008420263861614779,0.011661586722352794,4.72,0.0023458290100002444,0.1305891,0.21448776,-6.98373556137085,-3.6296324729919434,-11.034024238586426,-14.3223237991333,4.305595397949219,4.311140060424805,1.562422275543213,-58.66252136230469,2.6298296451568604,29.899019241333008,-2.1288340091705322,-2.1781699657440186
Cross,51564,51564,4.7623467,0.9452295202526247,0.9441987461378482,3.0046457474031603,2.6245595808814626,0.6156086730939625,0.961072341411562,1.0,1.0,9.682415298980587,9.631525768420666,1.0,1.0,0.009012406235046148,0.012064884084908578,4.76,0.0023467445400005005,0.13089637,0.22941084,3.0210537910461426,6.277441501617432,-1.0383729934692383,-3.720781087875366,4.314770698547363,4.299298286437988,1.5491406917572021,-60.81020736694336,2.64935302734375,29.91887092590332,-2.142338752746582,-2.197296380996704
Casson,51564,51564,4.7623467,-4.060017628320554,-4.055656533310027,4.868275087379649,3.0184733102647323,-0.18232092954080806,0.432843381254814,0.07896982390815298,1.0,inf,100241.4136475805,1.0,1.0,2.5461363516710906e-05,0.10964204521898324,4.76,0.0023467445400005005,0.04903739,0.18776019,-2.0999999046325684,0.7302463054656982,-5.900000095367432,-7.573312282562256,6.270339488983154,4.517411708831787,2.6201465129852295,-54.422889709472656,2.25,26.684038162231445,-2.2449634075164795,-2.4162111282348633
Carreau,51564,51564,4.7623467,-9.057445147605117,-9.059130864501803,3.01900339071102,2.656210713556088,0.5976977159964885,0.928717154360655,1.0,1.0,9.9269137394714,9.908370212970032,1.0,1.0,0.008482911021970746,0.011564201086957406,4.76,0.0023467445400005005,0.13012892,0.21474794,-6.9820051193237305,-3.568807601928711,-11.035828590393066,-14.385152816772461,4.3051042556762695,4.310837745666504,1.5603792667388916,-60.02465057373047,2.63240909576416,30.193241119384766,-2.1281135082244873,-2.177915334701538
Cross,51564,51564,4.8023477,0.9452350579473578,0.9442205093015252,3.001441882460438,2.6182275416507084,0.6194278927093996,0.9667768322351781,1.0,1.0,9.68269686837256,9.631537373303054,1.0,1.0,0.009009936550031674,0.012130649551250263,4.8,0.0023476600599998676,0.13039969,0.22996716,3.0227603912353516,6.3120222091674805,-1.0401370525360107,-3.7544829845428467,4.314265251159668,4.298761367797852,1.5471583604812622,-62.19560623168945,2.652552366256714,30.208587646484375,-2.141608238220215,-2.197115659713745
Casson,51564,51564,4.8023477,-4.060017628283564,-4.0556911563840465,4.866314844195166,3.0161502652532604,-0.18232048583737762,0.4350594797295043,0.081432782561477,1.0,inf,101952.78051045463,1.0,1.0,2.5238296927761663e-05,0.09607048901237344,4.8,0.0023476600599998676,0.04903733,0.1973641,-2.0999999046325684,0.7648060321807861,-5.900000095367432,-7.578682899475098,6.268378734588623,4.516733646392822,2.6181838512420654,-55.729209899902344,2.25,26.93882179260254,-2.244316339492798,-2.415999174118042
Carreau,51564,51564,4.8023477,-9.057445232164092,-9.059110627941179,3.015796293028941,2.650371015135445,0.601475028611574,0.934159506164603,1.0,1.0,9.926716503036484,9.90818865291272,1.0,1.0,0.008516182556015469,0.011598989055603139,4.8,0.0023476600599998676,0.12974234,0.21498916,-6.980289936065674,-3.5079827308654785,-11.037606239318848,-14.447980880737305,4.304615497589111,4.310535907745361,1.5583651065826416,-61.4024772644043,2.634981393814087,30.487462997436523,-2.1273913383483887,-2.177657127380371
Cross,51564,51564,4.8423486,0.9452406434460546,0.9442425900801135,2.9982542446476006,2.6118603279179373,0.6232357511196847,0.9724660156544789,1.0,1.0,9.68307252355991,9.635604343290575,1.0,1.0,0.008982804902091766,0.011892211852926817,4.84,0.0023485755900001237,0.12986007,0.23061657,3.0244529247283936,6.3466033935546875,-1.041873574256897,-3.7881851196289062,4.313761234283447,4.298231601715088,1.5451961755752563,-63.59669876098633,2.6557528972625732,30.49830436706543,-2.140875816345215,-2.196934700012207
Casson,51564,51564,4.8423486,-4.060017628191089,-4.055710751427199,4.864354608306947,3.013887081092241,-0.182320037942526,0.4372823959203071,0.08372120083779382,1.0,inf,99050.63105303844,1.0,1.0,2.592662483747271e-05,0.11463704999917705,4.84,0.0023485755900001237,0.049037248,0.17303453,-2.0999999046325684,0.799365758895874,-5.900000095367432,-7.5840535163879395,6.266417980194092,4.516105651855469,2.6162211894989014,-57.051231384277344,2.25,27.193605422973633,-2.243682384490967,-2.415797472000122
Carreau,51564,51564,4.8423486,-9.057445309944661,-9.059091355305704,3.0126054018386794,2.6445111799610936,0.6052442741528278,0.9395838510192359,1.0,1.0,9.924517774200913,9.910188609140171,1.0,1.0,0.00884548079207811,0.011212092641196112,4.84,0.0023485755900001237,0.12922803,0.21526104,-6.978579521179199,-3.447158098220825,-11.0393648147583,-14.510809898376465,4.304123401641846,4.310234546661377,1.5563572645187378,-62.795997619628906,2.637556314468384,30.781686782836914,-2.12667179107666,-2.1773970127105713
Cross,51564,51564,4.8823495,0.945246098413373,0.9442662296609016,2.995081804710662,2.6054591585048072,0.6270326785019259,0.9781415288169348,1.0,1.0,9.679242001115448,9.639722763923315,1.0,1.0,0.009167701266376468,0.011572818630484398,4.88,0.00234949112000038,0.12938145,0.2312185,3.026139497756958,6.381184101104736,-1.043607473373413,-3.821887254714966,4.313253879547119,4.297702789306641,1.5432456731796265,-65.01348876953125,2.6589460372924805,30.788021087646484,-2.1401455402374268,-2.19675350189209
Casson,51564,51564,4.8823495,-4.060017628237326,-4.055741687205355,4.862394378882717,3.0117154829484396,-0.18231958628626108,0.4394980658961246,0.08271274532619657,1.0,inf,100238.5849330395,1.0,1.0,2.6889323070118942e-05,0.1002088356694863,4.88,0.00234949112000038,0.049037166,0.16411094,-2.0999999046325684,0.8339254856109619,-5.900000095367432,-7.589424133300781,6.2644572257995605,4.515771865844727,2.6142585277557373,-58.38894271850586,2.25,27.448389053344727,-2.2430591583251953,-2.4156336784362793
Carreau,51564,51564,4.8823495,-9.057445163168628,-9.059071957417709,3.0094308325326264,2.6386298730781013,0.6090030771806899,0.9449924709303852,1.0,1.0,9.926064585947692,9.909540786300024,1.0,1.0,0.008633414673745923,0.011336799224544333,4.88,0.00234949112000038,0.12869675,0.21560735,-6.97688102722168,-3.3863332271575928,-11.041107177734375,-14.573637962341309,4.303637981414795,4.309934139251709,1.5543781518936157,-64.20520782470703,2.6401188373565674,31.075908660888672,-2.125948429107666,-2.1771349906921387
Cross,51564,51564,4.9223504,0.9452518989577006,0.9442888520430441,2.991928835328431,2.599026579585323,0.6308214858520177,0.9838013156520218,1.0,1.0,9.681675543759942,9.637690647653978,1.0,1.0,0.009027683507420508,0.011713559700716084,4.92,0.002350406649999748,0.12887743,0.23177822,3.0278117656707764,6.415765285491943,-1.045317530632019,-3.8555891513824463,4.312751770019531,4.29717493057251,1.5413079261779785,-66.44597625732422,2.6621479988098145,31.07773780822754,-2.1394128799438477,-2.1965720653533936
Casson,51564,51564,4.9223504,-4.060017628209584,-4.055757649828359,4.8604341832487865,3.0095254487781613,-0.1823191150946906,0.4417053609653837,0.08410906834225429,1.0,inf,95476.18898415599,1.0,1.0,2.427291295694339e-05,0.10536627227465346,4.92,0.002350406649999748,0.049036648,0.19082424,-2.0999999046325684,0.8684852123260498,-5.900000095367432,-7.594794750213623,6.262496471405029,4.51621675491333,2.6122958660125732,-59.74235153198242,2.25,27.70317268371582,-2.242443084716797,-2.415616273880005
Carreau,51564,51564,4.9223504,-9.057444684602192,-9.05905306924167,3.0062726766955317,2.6327272972664075,0.6127506646842252,0.9503864669786175,1.0,1.0,9.926408636570901,9.909578891279866,1.0,1.0,0.008581283958375019,0.011342949665202228,4.92,0.002350406649999748,0.1282148,0.2158982,-6.975196838378906,-3.3255083560943604,-11.042847633361816,-14.636466979980469,4.303142070770264,4.309634208679199,1.5524119138717651,-65.63011932373047,2.642677068710327,31.37013053894043,-2.125230073928833,-2.1768720149993896
Cross,51564,51564,4.9623513,0.9452586632210236,0.9443085261200563,2.98879119293313,2.5925585970604192,0.6345979705477854,0.9894451885045343,1.0,1.0,9.68120614407403,9.64087890422739,1.0,1.0,0.009051986913141769,0.01149256810930989,4.96,0.002351322170000003,0.12835619,0.23245646,3.029474973678589,6.450345993041992,-1.047008991241455,-3.889291286468506,4.312245845794678,4.296647548675537,1.5393931865692139,-67.89414978027344,2.6653501987457275,31.367454528808594,-2.138681173324585,-2.1963906288146973
Casson,51564,51564,4.9623513,-4.060017628265069,-4.055793263351618,4.8584740027252415,3.0073067245996414,-0.18231863519892774,0.44391122058294774,0.08118066868357769,1.0,inf,100689.0868030683,1.0,1.0,2.6276252935436227e-05,0.10695861349796941,4.96,0.002351322170000003,0.04903653,0.17159829,-2.0999999046325684,0.9030449390411377,-5.900000095367432,-7.600165367126465,6.260535717010498,4.516576766967773,2.610333204269409,-61.11145782470703,2.25,27.957956314086914,-2.2418344020843506,-2.4155499935150146
Carreau,51564,51564,4.9623513,-9.057444041060677,-9.059035071417817,3.0031317789808347,2.6268036228253284,0.6164879549921221,0.9557626533923587,1.0,1.0,9.926734734040219,9.909865054330744,1.0,1.0,0.008538162284525589,0.011298496068244488,4.96,0.002351322170000003,0.12772319,0.2161823,-6.973518371582031,-3.264683485031128,-11.044573783874512,-14.699295997619629,4.302651882171631,4.309335231781006,1.5504443645477295,-67.07072448730469,2.645355224609375,31.66435432434082,-2.1245081424713135,-2.176608085632324
Cross,51564,51564,5.0023522,0.9452663088306772,0.9443247235791525,2.9856701041870535,2.5860554612722195,0.638362224758632,0.9950765797337251,1.0,1.0,9.68164121060604,9.642039829178618,1.0,1.0,0.009020742400581898,0.011491332295694065,5.0,0.0023522377000002592,0.12782645,0.23315959,3.0311267375946045,6.484927177429199,-1.0486855506896973,-3.9229934215545654,4.311738967895508,4.296121120452881,1.5374975204467773,-69.35802459716797,2.668550491333008,31.65717124938965,-2.1379501819610596,-2.1962087154388428
Casson,51564,51564,5.0023522,-4.060017628320554,-4.055814525092137,4.856513830385718,3.0051727535831785,-0.18231815054302355,0.4461139918710576,0.08410906834225429,1.0,inf,100285.67089555318,1.0,1.0,2.619717140053618e-05,0.119114827007436,5.0,0.0023522377000002592,0.049036447,0.16899617,-2.0999999046325684,0.9376046061515808,-5.900000095367432,-7.605535984039307,6.258574962615967,4.515751838684082,2.608370542526245,-62.496253967285156,2.25,28.212739944458008,-2.241231918334961,-2.415225028991699
Carreau,51564,51564,5.0023522,-9.057443126836118,-9.059017270237042,3.0000081441764195,2.620856886312161,0.6202150298763875,0.9611215376845395,1.0,1.0,9.926139154368363,9.910433366488988,1.0,1.0,0.00860182459402262,0.01120042601379626,5.0,0.0023522377000002592,0.12721528,0.21648248,-6.971855640411377,-3.2038586139678955,-11.046278953552246,-14.762124061584473,4.302168846130371,4.3090362548828125,1.5484967231750488,-68.52703094482422,2.6483991146087646,31.958576202392578,-2.1237826347351074,-2.176344394683838
