body,n_cpp,n_taichi,t,T_finite_fraction_cpp,T_finite_fraction_taichi,T_mean_cpp,T_mean_taichi,com_x_cpp,com_x_taichi,com_y_cpp,com_y_taichi,com_z_cpp,com_z_taichi,nu_finite_fraction_cpp,nu_finite_fraction_taichi,nu_mean_cpp,nu_mean_taichi,t_taichi,time_error,v_mean_cpp,v_mean_taichi,x_max_cpp,x_max_taichi,x_min_cpp,x_min_taichi,y_max_cpp,y_max_taichi,y_min_cpp,y_min_taichi,z_max_cpp,z_max_taichi,z_min_cpp,z_min_taichi
Fluid,6250,6250,0.0,1.0,1.0,0.0,0.0,-0.025043200384378433,-0.025043200384378433,0.8237376055943966,0.8237376055943966,-0.05598880027294159,-0.05598880027294159,1.0,1.0,0.0,1000.0,0.0,0.0,0.0,0.0,0.9800000190734863,0.9800000190734863,-0.9800000190734863,-0.9800000190734863,1.6100000143051147,1.6100000143051147,0.07000000029802322,0.07000000029802322,0.9100000262260437,0.9100000262260437,-0.9100000262260437,-0.9100000262260437
Fluid,6250,6250,0.045,1.0,1.0,0.021626820792081475,0.019161599537709694,-0.025043200384378433,-0.025043200384378433,0.8127013357579708,0.8149086079651118,-0.05598880027294159,-0.05598880027294159,1.0,1.0,997.8761499707032,998.1146934277343,0.04,0.004999994337599997,0.4414501,0.39240012,0.9800000190734863,0.9800000190734863,-0.9800000190734863,-0.9800000190734863,1.598963737487793,1.6011710166931152,0.058963753283023834,0.061170998960733414,0.9100000262260437,0.9100000262260437,-0.9100000262260437,-0.9100000262260437
Fluid,6250,6250,0.08,1.0,1.0,0.038448909861876455,0.03832319904138468,-0.02504333615284908,-0.02504333613333256,0.7903839232379198,0.7903840036457777,-0.0559889717322259,-0.05598897185316735,1.0,1.0,996.272379296875,996.2848007519531,0.08,-1.7881000013986181e-09,0.78473085,0.784718,0.9800000190734863,0.9800000190734863,-0.9800000190734863,-0.9800000190734863,1.5766465663909912,1.5766466856002808,0.03664587810635567,0.03664582595229149,0.9100000262260437,0.9100000262260437,-0.9100000262260437,-0.9100000262260437
Fluid,6250,6250,0.12,1.0,1.0,0.057696877874230355,0.05750639879401528,-0.025090041035495305,-0.02509008037781161,0.750371314311102,0.7503734726481512,-0.0560769842836955,-0.056077185558353414,1.0,1.0,994.481321484375,994.5000121484375,0.12,1.9670000003801924e-08,1.1624762,1.1624559,0.9799994826316833,0.9800001382827759,-0.9800004959106445,-0.9799992442131042,1.5365819931030273,1.5365818738937378,-0.00357707217335701,-0.003577512688934803,0.9099112749099731,0.9099112749099731,-0.9100704193115234,-0.9100704789161682
Fluid,6250,6250,0.165,1.0,1.0,0.08036187944826793,0.07742319838749068,-0.02549302755531469,-0.025412927277101188,0.6893837876455485,0.6967831375648826,-0.057133031596778454,-0.056905313432056355,1.0,1.0,992.4138327246094,992.6825444726562,0.16,0.004999976753999991,1.4807475,1.4570631,0.979892373085022,0.9799235463142395,-0.9800675511360168,-0.9800441265106201,1.476458191871643,1.4835528135299683,-0.06626015156507492,-0.058594297617673874,0.9097500443458557,0.9097473621368408,-0.9117507934570312,-0.9113408327102661
Fluid,6250,6250,0.2049999,1.0,1.0,0.10475623264357074,0.10104559775189115,-0.026540602742340415,-0.026375831294490344,0.6296701316228509,0.6368583566619084,-0.06076813863723073,-0.06009230818297161,1.0,1.0,990.1952838476562,990.5349387890625,0.2,0.004999938606999987,1.4536378,1.4803556,0.9790595769882202,0.9792519211769104,-0.9807305335998535,-0.9805605411529541,1.4225785732269287,1.4288479089736938,-0.12593889236450195,-0.11908923834562302,0.9089138507843018,0.909247100353241,-0.9182604551315308,-0.9171270728111267
Fluid,6250,6250,0.2449999,1.0,1.0,0.1359368154903649,0.13121839691814519,-0.027856877899527316,-0.02773157893803611,0.5804633826735616,0.5857299183272756,-0.06916216641105478,-0.06780910508902394,1.0,1.0,987.3561367773437,987.7872043554687,0.24,0.004999900460000012,1.1368675,1.1789153,0.9770010113716125,0.9771907329559326,-0.9826949834823608,-0.9824527502059937,1.3793057203292847,1.3840703964233398,-0.1598922610282898,-0.15860819816589355,0.9081684947013855,0.908048152923584,-0.9304167628288269,-0.9285613894462585
Fluid,6250,6250,0.2849999,1.0,1.0,0.17429407249671364,0.16867759638347204,-0.0275610256145522,-0.02775285060840717,0.5475641029442381,0.5509376525858697,-0.08315736243100837,-0.0811497006790791,1.0,1.0,983.8867178417969,984.394350546875,0.28,0.00499987721399997,0.8463829,0.8752577,0.9776738286018372,0.9773246645927429,-0.9827930927276611,-0.983002245426178,1.3470702171325684,1.3506758213043213,-0.15562409162521362,-0.15627506375312805,0.9079708456993103,0.9082329273223877,-0.9473089575767517,-0.9450718760490417
Fluid,6250,6250,0.3249998,1.0,1.0,0.21689502212640743,0.21069519563922287,-0.024302795894355512,-0.024874229148423764,0.5256813357574074,0.5281069555046829,-0.10027242175537161,-0.09813062057998613,1.0,1.0,980.094096328125,980.6458142578125,0.32,0.004999839066999967,0.69677514,0.70951766,0.9835069179534912,0.9824970960617065,-0.9788965582847595,-0.9795724153518677,1.3205370903015137,1.3237642049789429,-0.15155881643295288,-0.15197864174842834,0.903369665145874,0.9041050672531128,-0.9652384519577026,-0.9630573391914368
Fluid,6250,6250,0.3649998,1.0,1.0,0.2628708262448812,0.25612639431614115,-0.01832138573714532,-0.019189815408749783,0.5081131991898269,0.5102112255753577,-0.11629967231589369,-0.11442748610372713,1.0,1.0,976.0733062988281,976.6642145996094,0.36,0.004999800920000019,0.6216555,0.6295036,0.9940446615219116,0.9925380945205688,-0.9719129800796509,-0.9729161858558655,1.2949764728546143,1.2981871366500854,-0.14857378602027893,-0.14894430339336395,0.8984909057617188,0.8990197777748108,-0.9810714721679688,-0.9792927503585815
Fluid,6250,6250,0.4049998,1.0,1.0,0.31186576206301836,0.30453119225781217,-0.01061593308360083,-0.0116354047829294,0.49232611037201246,0.4942347866058722,-0.12963083538799547,-0.12810621943222125,1.0,1.0,971.8553349023438,972.4902481738281,0.4,0.004999762773999994,0.5608323,0.56819266,1.007074236869812,1.0053904056549072,-0.9630758166313171,-0.9642442464828491,1.2696359157562256,1.272770643234253,-0.150701105594635,-0.15063312649726868,0.8949222564697266,0.8953496217727661,-0.9940296411514282,-0.9925421476364136
Fluid,6250,6250,0.4449997,1.0,1.0,0.36441160338999834,0.35655598988523185,-0.0024202146176752286,-0.003444463665804651,0.4779062780709984,0.47963750649862924,-0.140279600762669,-0.13906918779517524,1.0,1.0,967.3900574609376,968.0608488867188,0.44,0.004999724626999991,0.49749157,0.50581723,1.0201992988586426,1.01859712600708,-0.9535325169563293,-0.9547373652458191,1.245431661605835,1.2483680248260498,-0.1486646980047226,-0.14894428849220276,0.8921172022819519,0.8924564123153687,-1.0043127536773682,-1.0031541585922241
Fluid,6250,6250,0.4849997,1.0,1.0,0.41947802082675856,0.41111118884845765,0.005222416285918443,0.004307409571296593,0.46499323130575826,0.46653210160324815,-0.14858269580738154,-0.14764934427048312,1.0,1.0,962.785866953125,963.4904724121094,0.48,0.004999686480000043,0.42558724,0.434514,1.0318597555160522,1.0304886102676392,-0.9443598389625549,-0.9454664587974548,1.2234021425247192,1.226034164428711,-0.1463889181613922,-0.14667342603206635,0.8899781703948975,0.8902406096458435,-1.01224946975708,-1.0113601684570312
Fluid,6250,6250,0.5249997,1.0,1.0,0.4766917768755871,0.46784798538447475,0.01162491572436411,0.010878205199048389,0.4535323680416681,0.45490711066014133,-0.1548324565444584,-0.1541381803499593,1.0,1.0,958.082495625,958.8166028222656,0.52,0.0049996781350000186,0.35804275,0.36558706,1.0413213968276978,1.0402295589447021,-0.9364328384399414,-0.9373653531074524,1.2039419412612915,1.2062617540359497,-0.14451928436756134,-0.1447363793849945,0.8884075880050659,0.8886022567749023,-1.018196940422058,-1.017538070678711
Fluid,6250,6250,0.5649996,1.0,1.0,0.536187434877015,0.5269207824272218,0.016629751578595024,0.016046811715932564,0.44320153739200907,0.44445136032451876,-0.15938873365343548,-0.15888458494457883,1.0,1.0,953.274847109375,954.0316837207031,0.56,0.004999639987999904,0.3059307,0.3115182,1.0486125946044922,1.0477663278579712,-0.9300188422203064,-0.9307698011398315,1.1867562532424927,1.1888244152069092,-0.14287789165973663,-0.14307521283626556,0.8873512744903564,0.8874854445457458,-1.0225483179092407,-1.0220664739608765
Fluid,6250,6250,0.6049996,1.0,1.0,0.5973042727680589,0.5876351807267757,0.020467661800924106,0.020010677470393128,0.4337126272350317,0.4348704569020576,-0.16269736832033377,-0.16232661458497286,1.0,1.0,948.4321363134766,949.2097702246094,0.6,0.004999601841000012,0.27048683,0.27433005,1.0542144775390625,1.0535491704940796,-0.9249491691589355,-0.9255505204200745,1.1712448596954346,1.1731326580047607,-0.1422376185655594,-0.14219403266906738,0.8867144584655762,0.886802613735199,-1.0257396697998047,-1.0253796577453613
Fluid,6250,6250,0.6449996,1.0,1.0,0.6599391765817564,0.649863178592334,0.023471272635645,0.02310266701742599,0.42486831454390894,0.42595391390973236,-0.16512545284075664,-0.16485099390955643,1.0,1.0,943.5579956835937,944.3561966503906,0.64,0.004999563694000009,0.2460959,0.24876821,1.0586243867874146,1.0580857992172241,-0.9209107160568237,-0.9214029908180237,1.156954288482666,1.1587070226669312,-0.14256973564624786,-0.1425299346446991,0.886400580406189,0.8864526152610779,-1.0281198024749756,-1.0278507471084595
Fluid,6250,6250,0.6849995,1.0,1.0,0.7240772251077648,0.7136151740255041,0.025932930128878217,0.02562305285100476,0.416521166304769,0.4175490093389526,-0.16695454497158993,-0.16674513890699658,1.0,1.0,938.659443959961,939.4758706542968,0.68,0.0049995255470000055,0.22927086,0.23114963,1.0622575283050537,1.0618027448654175,-0.9175517559051514,-0.9179708361625671,1.1435307264328003,1.1451863050460815,-0.14286352694034576,-0.14283029735088348,0.8863243460655212,0.8863495588302612,-1.029883623123169,-1.02968430519104
Fluid,6250,6250,0.7249995,1.0,1.0,0.7896919879479384,0.77882877022762,0.028033103637434543,0.02776361553766881,0.40858124308168886,0.40956129524220714,-0.16839155316112098,-0.16822519056857446,1.0,1.0,933.7377162792968,934.5734779052734,0.72,0.004999487400000002,0.21667202,0.21811543,1.0653759241104126,1.0649789571762085,-0.9146614670753479,-0.9150265455245972,1.1307439804077148,1.132325291633606,-0.14306065440177917,-0.1430436670780182,0.8864116072654724,0.8864189386367798,-1.0312213897705078,-1.031067967414856
Fluid,6250,6250,0.7649994,1.0,1.0,0.8564798437189834,0.8452087669572719,0.029885588523118057,0.0296456149896048,0.40097799567932263,0.4019167502301419,-0.16955497061339905,-0.16942082366848132,1.0,1.0,928.8183890234375,929.6734152685547,0.76,0.004999449252999999,0.20653205,0.20786926,1.0681391954421997,1.067784309387207,-0.9121052026748657,-0.912431001663208,1.1184566020965576,1.119978904724121,-0.14309868216514587,-0.14310431480407715,0.886607825756073,0.8866021037101746,-1.0322641134262085,-1.0321447849273682
Fluid,6250,6250,0.8049994,1.0,1.0,0.9244387876210198,0.9127743626504459,0.03154508171047317,0.03132878385333577,0.39368537088102196,0.39458666913760126,-0.1705017805371154,-0.17039237685821718,1.0,1.0,923.900910078125,924.7740357324219,0.8,0.004999411105999996,0.19765191,0.19866197,1.0706239938735962,1.0703039169311523,-0.9098086357116699,-0.9101028442382812,1.1066093444824219,1.108075737953186,-0.14296266436576843,-0.14298927783966064,0.8868904709815979,0.8868756890296936,-1.0330864191055298,-1.0329909324645996
Fluid,6250,6250,0.8449994,1.0,1.0,0.9935693620828208,0.981502363451244,0.03304728832447436,0.032851150062019004,0.3866805600743555,0.38754541785694774,-0.17127933420690708,-0.17119040169803426,1.0,1.0,918.9820462548828,919.8735080810546,0.84,0.0049993729589999925,0.18922469,0.19024587,1.0728843212127686,1.0725923776626587,-0.9077296257019043,-0.9079951047897339,1.095162034034729,1.0965790748596191,-0.14269007742404938,-0.14272946119308472,0.8873400688171387,0.8872916102409363,-1.0337481498718262,-1.03367280960083
Fluid,6250,6250,0.8849993,1.0,1.0,1.0639303881704014,1.051495160041626,0.03440230368353659,0.03422529779644683,0.3799452670311072,0.3807789513260708,-0.1718999854944693,-0.17183039165542668,1.0,1.0,914.0587153466797,914.9662701708984,0.88,0.004999334811999989,0.1819759,0.18279797,1.0749282836914062,1.0746643543243408,-0.9058516621589661,-0.9060927033424377,1.0841104984283447,1.0854787826538086,-0.1423066258430481,-0.1423644721508026,0.8879795670509338,0.8879216313362122,-1.0342373847961426,-1.0341838598251343
Fluid,6250,6250,0.9249993,1.0,1.0,1.1353793541722283,1.1225519548351828,0.03562166904011916,0.03546053871179931,0.37343272923641607,0.37424018283667043,-0.17238470186010002,-0.17232989128294168,1.0,1.0,909.1394844433594,910.0642265527343,0.92,0.004999296664999986,0.17616254,0.17687114,1.0767797231674194,1.0765374898910522,-0.9041323661804199,-0.9043550491333008,1.0733774900436401,1.0747110843658447,-0.1418561190366745,-0.1418776661157608,0.8886885046958923,0.888623058795929,-1.0345741510391235,-1.0345369577407837
Fluid,6250,6250,0.9649993,1.0,1.0,1.2078895204713458,1.194668751578126,0.03673837584173307,0.03659000350389164,0.3671189180255681,0.3679003463009931,-0.17277281309796963,-0.1727293965467415,1.0,1.0,904.2216099121093,905.1650848486328,0.96,0.004999258517999983,0.17049886,0.17129235,1.0784876346588135,1.0782629251480103,-0.9025366902351379,-0.9027431607246399,1.0629093647003174,1.064207911491394,-0.1419173926115036,-0.14180678129196167,0.8894485235214233,0.8893776535987854,-1.034803867340088,-1.0347790718078613
Fluid,6250,6250,1.0049993,1.0,1.0,1.2814567316305485,1.267860748819725,0.0377538786352519,0.03761903124209959,0.3610238666151231,0.3617784411477018,-0.17306795013576282,-0.1730362357406621,1.0,1.0,899.3003514501953,900.2596580419922,1.0,0.004999279980000049,0.16448039,0.16516083,1.080062747001648,1.079856276512146,-0.901075541973114,-0.9012644290924072,1.0527540445327759,1.0540131330490112,-0.14251813292503357,-0.1424579620361328,0.8898799419403076,0.8899174928665161,-1.0349410772323608,-1.0349273681640625
Fluid,6250,6250,1.0449992,1.0,1.0,1.3560261065275463,1.3420079452986866,0.03866654677703045,0.038544894714072,0.35513366720561057,0.35586216058083575,-0.17327025459750323,-0.17324964519975591,1.0,1.0,894.3852011181641,895.3632654980469,1.04,0.004999241830000001,0.15887448,0.15957539,1.0815088748931885,1.0813177824020386,-0.8997429013252258,-0.8999155759811401,1.0428974628448486,1.044118881225586,-0.1427154541015625,-0.1426887810230255,0.8897041082382202,0.8897377848625183,-1.0349918603897095,-1.0349849462509155
Fluid,6250,6250,1.0849992,1.0,1.0,1.4317630026374542,1.4173591431150019,0.03947944060896756,0.03936968591050012,0.34944290247181664,0.3501465757017117,-0.17338699032893404,-0.17337615345654078,1.0,1.0,889.4639845849609,890.4582832714843,1.08,0.004999203679999953,0.15373145,0.1543293,1.0828361511230469,1.0826594829559326,-0.8985320329666138,-0.8986895680427551,1.0333253145217896,1.0345109701156616,-0.14276088774204254,-0.1427651047706604,0.889554500579834,0.8895858526229858,-1.0353296995162964,-1.0352778434753418
Fluid,6250,6250,1.1249992,1.0,1.0,1.5084336166188432,1.4936175407034156,0.040207809357651274,0.040108684654363895,0.3439399903035583,0.34461899133595403,-0.1734291129375802,-0.17342724518884556,1.0,1.0,884.5510884106445,885.5632093066406,1.12,0.004999165529999905,0.14863169,0.14936613,1.0840575695037842,1.0838944911956787,-0.8974402546882629,-0.8975822925567627,1.024032711982727,1.0251820087432861,-0.14268049597740173,-0.14268450438976288,0.8894177675247192,0.8894474506378174,-1.0358606576919556,-1.0357780456542969
Fluid,6250,6250,1.1649991,1.0,1.0,1.586410184012465,1.5711727347793707,0.04085248159712879,0.04076439615388517,0.33861526863858105,0.3392719435320771,-0.17339936838287395,-0.1734058306656091,1.0,1.0,879.625875744629,880.6550709838867,1.16,0.00499912739000008,0.14424598,0.1448129,1.0851774215698242,1.0850274562835693,-0.8964520692825317,-0.8965815305709839,1.0150119066238403,1.016127586364746,-0.14268125593662262,-0.1427087038755417,0.8892911672592163,0.8893189430236816,-1.0366705656051636,-1.0365523099899292
Fluid,6250,6250,1.2049991,1.0,1.0,1.665609240750439,1.6499343301852525,0.04142338187735062,0.04134408174409997,0.33345642097303996,0.334091112544972,-0.17330697465318778,-0.17332103179930186,1.0,1.0,874.6980112231445,875.7455026660157,1.2,0.004999089240000032,0.1401817,0.14072594,1.0862022638320923,1.0860642194747925,-0.8955517411231995,-0.8956699967384338,1.0062247514724731,1.0073086023330688,-0.14281167089939117,-0.1427481770515442,0.889191210269928,0.8892151713371277,-1.037764549255371,-1.0376139879226685
Fluid,6250,6250,1.2449991,1.0,1.0,1.7460617336138646,1.7299391223146132,0.041931311075156553,0.04186042858082685,0.32844653617633457,0.3290636331763171,-0.173152520018192,-0.17317471995590022,1.0,1.0,869.7588555615234,870.8256317529297,1.24,0.004999051089999984,0.13653047,0.1368969,1.0871413946151733,1.0870152711868286,-0.894733190536499,-0.8948419094085693,0.9976485967636108,0.998707115650177,-0.1429019570350647,-0.14283950626850128,0.8893517851829529,0.8893036842346191,-1.0390807390213013,-1.03890860080719
Fluid,6250,6250,1.284999,1.0,1.0,1.8275377885711528,1.81101271543217,0.042388898873885625,0.04232456611423637,0.3235722108559817,0.32417210343812536,-0.172950498240554,-0.1729782380019338,1.0,1.0,864.8214677832032,865.9038285766602,1.28,0.004999012949999937,0.13325375,0.1338022,1.0880123376846313,1.0878939628601074,-0.8939775228500366,-0.894077718257904,0.9892449975013733,0.9902831315994263,-0.142798513174057,-0.14287404716014862,0.8898957967758179,0.8898453116416931,-1.0405359268188477,-1.0403521060943604
Fluid,6250,6250,1.324999,1.0,1.0,1.9100741797524265,1.8931215114701645,0.04279641023450648,0.04273808119978523,0.318844404859175,0.31942357127405235,-0.17269776621169877,-0.1727310905581573,1.0,1.0,859.8895676342773,860.988392355957,1.32,0.004998974799999889,0.1295504,0.13005611,1.0888285636901855,1.0887175798416138,-0.893287181854248,-0.8933792114257812,0.9810487627983093,0.9820550680160522,-0.14261335134506226,-0.142669215798378,0.8904535174369812,0.8904021382331848,-1.040082335472107,-1.040203332901001
Fluid,6250,6250,1.3649989,1.0,1.0,1.9938350171627104,1.9764399099927465,0.043153837102093966,0.04310219747809635,0.31423801273517427,0.31479929294817616,-0.17240191407905076,-0.17243825548026478,1.0,1.0,854.958918918457,856.0742433227539,1.36,0.004998936649999841,0.12669565,0.12720926,1.0895963907241821,1.0894917249679565,-0.8926548361778259,-0.8927394151687622,0.9730252027511597,0.974006712436676,-0.14242145419120789,-0.14251063764095306,0.8910201787948608,0.890969455242157,-1.0389378070831299,-1.0390840768814087
Fluid,6250,6250,1.4049989,1.0,1.0,2.079050554919932,2.0611614996519085,0.043460746680338634,0.04341655945232604,0.30974687291111563,0.3102952334741724,-0.17207664135656786,-0.17211796379583422,1.0,1.0,850.0105560107422,851.1457296166992,1.4,0.004998898510000016,0.12377163,0.12400743,1.090301752090454,1.0902093648910522,-0.8920847177505493,-0.8921604156494141,0.9651573300361633,0.9661197662353516,-0.14223237335681915,-0.14225974678993225,0.8915920257568359,0.8915402293205261,-1.0381497144699097,-1.038228988647461
Fluid,6250,6250,1.4449989,1.0,1.0,2.165447473040209,2.147135103049044,0.04372536341355648,0.043686607881919484,0.3053788006095658,0.3059127631317859,-0.17172867317001336,-0.17177338997261832,1.0,1.0,845.0605071435547,846.210393659668,1.44,0.004998860359999968,0.12082607,0.12113624,1.0909053087234497,1.0908256769180298,-0.8915736675262451,-0.8916414976119995,0.9574589133262634,0.9584020376205444,-0.14206770062446594,-0.1420699954032898,0.892166256904602,0.8921136260032654,-1.0374696254730225,-1.0375531911849976
Fluid,6250,6250,1.4849988,1.0,1.0,2.2529128477589566,2.2341566963066866,0.0439549907835247,0.04392149079395342,0.30112225595483555,0.30164293449139573,-0.17135495981720275,-0.17140401923549362,1.0,1.0,840.1169361621094,841.2828027441407,1.48,0.00499882220999992,0.118145324,0.118297145,1.0914241075515747,1.091354489326477,-0.8911102414131165,-0.8911718726158142,0.9498996734619141,0.9508290886878967,-0.14185939729213715,-0.14187675714492798,0.8927439451217651,0.8926911354064941,-1.0367647409439087,-1.036851406097412
Fluid,6250,6250,1.5249988,1.0,1.0,2.3414959105819784,2.3222830906478715,0.044155724974952175,0.04412586975517566,0.29697428941215853,0.29748115069196296,-0.17095843816738926,-0.17100971441242901,1.0,1.0,835.1834365698243,836.3649420068359,1.52,0.004998784069999873,0.11562283,0.11602039,1.0918821096420288,1.0918201208114624,-0.8906791806221008,-0.8907361030578613,0.9424585700035095,0.9433706402778625,-0.14162442088127136,-0.14165635406970978,0.8933305144309998,0.8932766914367676,-1.036062479019165,-1.0361472368240356
Fluid,6250,6250,1.5649987,1.0,1.0,2.4312623323482865,2.4115782890875677,0.04433240759297012,0.0443059274104987,0.2929269839512001,0.29341861950972176,-0.17054490557744634,-0.17059803430081652,1.0,1.0,830.253121328125,831.4511684448242,1.56,0.004998745920000047,0.11331363,0.11369815,1.0922949314117432,1.0922385454177856,-0.8902688026428223,-0.8903230428695679,0.9351325631141663,0.9360270500183105,-0.14143382012844086,-0.1414129137992859,0.893925130367279,0.8938711881637573,-1.0353939533233643,-1.0354716777801514
Fluid,6250,6250,1.6049987,1.0,1.0,2.5224011974958773,2.5022398868297935,0.044489944946283944,0.04446450057762093,0.2889766698249069,0.28945160927706687,-0.17011262947135605,-0.17016582793404697,1.0,1.0,825.3141472216797,826.5282467358398,1.6,0.004998707769999999,0.11109205,0.11156074,1.0926713943481445,1.0926183462142944,-0.8898783922195435,-0.8899303674697876,0.9279109835624695,0.9287840127944946,-0.14122509956359863,-0.14128465950489044,0.8945280909538269,0.8944746255874634,-1.0347617864608765,-1.0348339080810547
Fluid,6250,6250,1.6449987,1.0,1.0,2.6144747584836163,2.5938998892812886,0.04462846572732553,0.044607919359848605,0.2851124171096296,0.28558007339871255,-0.1696585854501056,-0.16971549041393563,1.0,1.0,820.3924579504395,821.6200418652344,1.64,0.0049986696200001735,0.10926984,0.10951911,1.0930225849151611,1.0929733514785767,-0.8895089030265808,-0.8895571827888489,0.9207730293273926,0.9216431379318237,-0.14106765389442444,-0.14109745621681213,0.8951432704925537,0.8950894474983215,-1.0341427326202393,-1.0342159271240234
Fluid,6250,6250,1.6849986,1.0,1.0,2.707528746258234,2.686513489537008,0.04475104301518295,0.04473436375067336,0.28134052597437753,0.281792812932583,-0.1691869093251438,-0.16924666430448532,1.0,1.0,815.4797288122559,816.7209017016602,1.68,0.004998631480000126,0.10702649,0.107370466,1.0933629274368286,1.0933175086975098,-0.8891557455062866,-0.8891999125480652,0.9137304425239563,0.9145806431770325,-0.14095893502235413,-0.14104120433330536,0.8957675695419312,0.8957114219665527,-1.0339447259902954,-1.0339587926864624
Fluid,6250,6250,1.7249986,1.0,1.0,2.801620099717644,2.780187082922918,0.04484844373043248,0.04483508273897285,0.2776547684341436,0.278095677339625,-0.16869346505715513,-0.16875607456190395,1.0,1.0,810.5768606201171,811.8312140258789,1.72,0.0049985933300000784,0.10530499,0.10553347,1.093682050704956,1.0936393737792969,-0.8900391459465027,-0.8899340629577637,0.9067835807800293,0.9076184034347534,-0.1409180760383606,-0.14091019332408905,0.8964018225669861,0.8963456153869629,-1.0338760614395142,-1.0338962078094482
Fluid,6250,6250,1.7649986,1.0,1.0,2.896647784300674,2.874763883698408,0.04492432461480843,0.044914416395190636,0.27405972342000806,0.27448895994743333,-0.16818341999259778,-0.16825050566648134,1.0,1.0,805.6875544836425,806.9558403063965,1.76,0.0049985551800000305,0.10309869,0.10330551,1.0940089225769043,1.0939648151397705,-0.8909087777137756,-0.8908106684684753,0.8999334573745728,0.9007503390312195,-0.14100557565689087,-0.14098674058914185,0.8970428109169006,0.8969845771789551,-1.0337790250778198,-1.033804178237915
Fluid,6250,6250,1.8049985,1.0,1.0,2.99260911101769,2.970279076163054,0.04497931893784786,0.04497116238480201,0.2705477025316493,0.27096436126469736,-0.167656328113263,-0.16772465530396496,1.0,1.0,800.8119577319336,802.0940457556152,1.8,0.004998517039999983,0.101301044,0.10144439,1.0943975448608398,1.094338059425354,-0.8917049765586853,-0.8916172385215759,0.8931654095649719,0.8939686417579651,-0.14122508466243744,-0.14124634861946106,0.8976904153823853,0.8976315855979919,-1.0336467027664185,-1.0336765050888062
Fluid,6250,6250,1.8449985,1.0,1.0,3.089435593576099,3.0666518713334554,0.04501502077739686,0.045008486500286965,0.26711898184713206,0.267521526338103,-0.1671106583590596,-0.16717947266651084,1.0,1.0,795.9512649230957,797.2469948168946,1.84,0.0049984788899999355,0.09936133,0.099863894,1.0948944091796875,1.0948272943496704,-0.8924514651298523,-0.8923699855804443,0.8864964246749878,0.8872803449630737,-0.14150401949882507,-0.14149387180805206,0.8983433246612549,0.8982864022254944,-1.033479928970337,-1.033514380455017
Fluid,6250,6250,1.8849984,1.0,1.0,3.187307110613411,3.1640790722721652,0.04503035616508219,0.04502527031673108,0.2637711140219285,0.2641595132034889,-0.1665470072903717,-0.1666156356468248,1.0,1.0,791.0937211096192,792.402812816162,1.88,0.00499844074000011,0.09759707,0.097943954,1.0954527854919434,1.0953787565231323,-0.8931516408920288,-0.8930771946907043,0.8799248337745667,0.8806862235069275,-0.14149482548236847,-0.1415407508611679,0.8992048501968384,0.8991127610206604,-1.0332825183868408,-1.0333205461502075
Fluid,6250,6250,1.9249984,1.0,1.0,3.2860013484089663,3.262340667281153,0.045031513690841386,0.04502891420453088,0.2605058673043293,0.26088004578427526,-0.16596352819658583,-0.16603239490055013,1.0,1.0,786.2557006616211,787.5765897644043,1.92,0.0049984026000000625,0.09571523,0.096356146,1.0960866212844849,1.0960049629211426,-0.8937955498695374,-0.8937275409698486,0.8734408617019653,0.8741863965988159,-0.1417793333530426,-0.14173533022403717,0.9000861048698425,0.8999946117401123,-1.0330532789230347,-1.0330926179885864
Fluid,6250,6250,1.9649984,1.0,1.0,3.3856048989403322,3.3615110665400927,0.04501599052210047,0.04501405763876159,0.2573130696632637,0.25767533481610416,-0.16536886779595633,-0.1654360855833511,1.0,1.0,781.4330698327636,782.766465078125,1.96,0.004998364450000015,0.09424543,0.09458528,1.096798062324524,1.0967071056365967,-0.8943822383880615,-0.8943238258361816,0.8670369386672974,0.8677648901939392,-0.14200930297374725,-0.14197325706481934,0.9009613990783691,0.9008744955062866,-1.0328052043914795,-1.0328441858291626
Fluid,6250,6250,2.0049984,1.0,1.0,3.48602025712856,3.461495065296683,0.04498488278989913,0.04498773069836549,0.25418791039724953,0.25454382150647464,-0.16476783491902985,-0.16484003058400937,1.0,1.0,776.6289375915527,777.9739370385743,2.0,0.00499844551000006,0.09250434,0.09290328,1.097342610359192,1.0974867343902588,-0.8949087262153625,-0.8948531746864319,0.8607085347175598,0.86142897605896,-0.14224885404109955,-0.1422320455312729,0.9018300771713257,0.9017439484596252,-1.0325417518615723,-1.032588005065918
Fluid,6250,6250,2.0399992,1.0,1.0,3.5746441052573816,3.562403858591285,0.04495191444015131,0.04495053060265025,0.2515095809193281,0.25147542407281404,-0.16423121187699027,-0.16422997486745816,1.0,1.0,772.435144284668,773.1941448632813,2.04,-7.534000001641061e-07,0.09129615,0.09152611,1.095967411994934,1.0959444046020508,-0.8952669501304626,-0.8952727913856506,0.8552342057228088,0.8551630973815918,-0.14245358109474182,-0.14248593151569366,0.9025827050209045,0.9026024341583252,-1.032285451889038,-1.032299280166626
Fluid,6250,6250,2.0800002,1.0,1.0,3.676857669232093,3.6642798533796066,0.044904052875373454,0.0449037838640988,0.2485115815894259,0.24847380021866527,-0.16360619958819006,-0.16360658126747818,1.0,1.0,767.6489787976075,768.4216899511719,2.08,1.6212000009119265e-07,0.090203494,0.08996347,1.094398856163025,1.0943716764450073,-0.8956435322761536,-0.8956483006477356,0.8490535020828247,0.848969042301178,-0.14277338981628418,-0.1427551805973053,0.903439462184906,0.9034591913223267,-1.0319744348526,-1.0319920778274536
Fluid,6250,6250,2.1200011,1.0,1.0,3.779930284411663,3.7670046464325395,0.044846708103406706,0.044843988518055995,0.24557808764082611,0.24553593553035113,-0.16297128068000064,-0.1629649179092067,1.0,1.0,762.8748937701416,763.6612361560059,2.12,1.0776499999032296e-06,0.08855102,0.088512346,1.0928268432617188,1.0927971601486206,-0.8960028886795044,-0.8960109949111938,0.8429387807846069,0.8428454399108887,-0.14287824928760529,-0.1429552435874939,0.9042885303497314,0.9043141007423401,-1.0316497087478638,-1.031661868095398
Fluid,6250,6250,2.160002,1.0,1.0,3.8836961256885343,3.870419843125363,0.04477855771101371,0.044776045586432195,0.2427103384043614,0.24266902556509537,-0.1623226869706239,-0.16231809036695458,1.0,1.0,758.1176395007324,758.9180145794678,2.16,1.9931799997152666e-06,0.08700278,0.08701159,1.0912480354309082,1.091219425201416,-0.8963546752929688,-0.8963618874549866,0.8369095325469971,0.8368168473243713,-0.1429244428873062,-0.1429482102394104,0.9051297307014465,0.9051562547683716,-1.0313148498535156,-1.0313334465026855
Fluid,6250,6250,2.2000029,1.0,1.0,3.9880910483875196,3.9744270375972053,0.0446962023722101,0.044693770564361475,0.2399130805781309,0.239868906699153,-0.16166976962054846,-0.1616627493629395,1.0,1.0,753.373847265625,754.1879615386963,2.2,2.908709999971393e-06,0.08553768,0.08544747,1.0897269248962402,1.0896998643875122,-0.8967077136039734,-0.8967159390449524,0.8309730887413025,0.8308762907981873,-0.14307931065559387,-0.14306993782520294,0.9059550762176514,0.905983030796051,-1.0309959650039673,-1.0310113430023193
Fluid,6250,6250,2.2400038,1.0,1.0,4.093091585584848,4.0790774363366795,0.044603810757623284,0.044600158142958535,0.23717549869037233,0.237129384787538,-0.1610000045081193,-0.16098932656390244,1.0,1.0,748.6473092626953,749.4741609381103,2.24,3.824229999782602e-06,0.08429436,0.08439037,1.0882707834243774,1.0882445573806763,-0.8970856666564941,-0.8970956206321716,0.825102686882019,0.8250081539154053,-0.14315900206565857,-0.143166184425354,0.9067702293395996,0.9068050384521484,-1.0306916236877441,-1.0307066440582275
Fluid,6250,6250,2.2800047,1.0,1.0,4.198763243633127,4.184402224922049,0.04450463316854206,0.044500087682936576,0.23449487707218622,0.23444791898299402,-0.16031055413122755,-0.16030164562996477,1.0,1.0,743.9371908648682,744.776632901001,2.28,4.7397600000387285e-06,0.08274909,0.083161935,1.0868608951568604,1.086830735206604,-0.89748215675354,-0.8974933624267578,0.8193004727363586,0.819195568561554,-0.1431812047958374,-0.143310546875,0.9075848460197449,0.907620906829834,-1.0304242372512817,-1.0304452180862427
Fluid,6250,6250,2.3200057,1.0,1.0,4.305254397483165,4.2905806275567695,0.04440111970756669,0.04439782222968876,0.23186255732272432,0.2318111308061793,-0.1596182853790879,-0.15960809699791367,1.0,1.0,739.2417168804932,740.093540557251,2.32,5.655290000294855e-06,0.0819883,0.08222117,1.0854767560958862,1.0854477882385254,-0.8978944420814514,-0.8979058861732483,0.8135387897491455,0.8134279251098633,-0.14327377080917358,-0.14328715205192566,0.9083659648895264,0.9084010124206543,-1.0302382707595825,-1.0302610397338867
Fluid,6250,6250,2.3600066,1.0,1.0,4.412567464451683,4.397573427326786,0.04429006298027467,0.04428677726238268,0.22928191305432935,0.22923141092835403,-0.15892227814973303,-0.15891024895082198,1.0,1.0,734.5609049816894,735.4246706573487,2.36,6.570820000106892e-06,0.08072922,0.08083802,1.084114909172058,1.0840864181518555,-0.8983235359191895,-0.8983349800109863,0.8078359365463257,0.80772465467453,-0.14343616366386414,-0.14334051311016083,0.9091230630874634,0.9091618657112122,-1.030159831047058,-1.0301851034164429
Fluid,6250,6250,2.4000075,1.0,1.0,4.520959638708727,4.5056086130361725,0.044163998623938536,0.04416360778234899,0.2267624044974055,0.22670946606895187,-0.1582179711365432,-0.15820410893992404,1.0,1.0,729.8864277178955,730.7633851800537,2.4,7.486339999918101e-06,0.07919069,0.079333186,1.0827655792236328,1.0827364921569824,-0.8987751007080078,-0.8987843990325928,0.8022239208221436,0.8021053671836853,-0.14355583488941193,-0.1435859650373459,0.9098665118217468,0.9099099636077881,-1.0302071571350098,-1.0302393436431885
Fluid,6250,6250,2.4400084,1.0,1.0,4.63004818087128,4.61432779930864,0.04402562245747249,0.044025901792012156,0.22430471606523963,0.2242443555371929,-0.15749896311938996,-0.15748098747903713,1.0,1.0,725.2280420477294,726.1176955914307,2.44,8.401870000174227e-06,0.07799901,0.07832684,1.0814253091812134,1.0813899040222168,-0.8992446660995483,-0.8992540240287781,0.7966979146003723,0.7965549230575562,-0.143581360578537,-0.14353488385677338,0.91060471534729,0.9106517434120178,-1.0303927659988403,-1.0304288864135742
Fluid,6250,6250,2.4800093,1.0,1.0,4.73980090399595,4.723729385900246,0.04388040903925546,0.04388412072879728,0.22189437345877872,0.22183116712264367,-0.1567671622555505,-0.15674602533121476,1.0,1.0,720.5844126055908,721.4858026928711,2.48,9.317399999986264e-06,0.077200994,0.07724687,1.0800868272781372,1.0800535678863525,-0.8997237682342529,-0.8997297286987305,0.7914243340492249,0.7912983298301697,-0.1435738354921341,-0.14364886283874512,0.9113358855247498,0.9113870859146118,-1.0307549238204956,-1.0307977199554443
Fluid,6250,6250,2.5200102,1.0,1.0,4.850209413160058,4.83379177970605,0.043730919346525336,0.0437397639738,0.21953230444808955,0.2194624501557939,-0.15602467857320895,-0.15599999201678846,1.0,1.0,715.9587079284668,716.8719011761475,2.52,1.0232929999798301e-05,0.07603324,0.0764751,1.0787416696548462,1.07870614528656,-0.9002019762992859,-0.9002043604850769,0.7863651514053345,0.7862233519554138,-0.1437634974718094,-0.14367792010307312,0.9120575189590454,0.9121121168136597,-1.0312913656234741,-1.0313509702682495
Fluid,6250,6250,2.5600111,1.0,1.0,4.961255534685282,4.944525366283907,0.043581460543384895,0.043590978797874415,0.21721785600902455,0.21714001049598738,-0.15527312982248376,-0.15524735821166033,1.0,1.0,711.3491575637818,712.2734368130493,2.56,1.11484500000536e-05,0.07509169,0.07538502,1.077389121055603,1.0773488283157349,-0.900669515132904,-0.9006713628768921,0.7813472151756287,0.7811809182167053,-0.14370526373386383,-0.1436554342508316,0.9127623438835144,0.9128201007843018,-1.031990885734558,-1.0320671796798706
Fluid,6250,6250,2.6000121,1.0,1.0,5.0730467811673785,5.0560085656638725,0.043428654506900345,0.04343623590440024,0.21495090023823418,0.21487354402959055,-0.15451357826062012,-0.15448746609507127,1.0,1.0,706.7526905978393,707.688128850708,2.6,1.2063979999865637e-05,0.074181825,0.07403475,1.0761114358901978,1.0760730504989624,-0.9011213183403015,-0.9011234641075134,0.7763726711273193,0.776206910610199,-0.14386425912380219,-0.14384953677654266,0.9134595394134521,0.9135196208953857,-1.0328989028930664,-1.03299081325531
Fluid,6250,6250,2.640013,1.0,1.0,5.185454041636772,5.168127753963601,0.04326751678619068,0.04327217689094599,0.21273266717617867,0.21265478240726865,-0.15374560166233336,-0.15371560836739548,1.0,1.0,702.1749526599122,703.1208348568725,2.64,1.2979509999677674e-05,0.07315157,0.073401876,1.0749287605285645,1.0748921632766724,-0.901555597782135,-0.9015606641769409,0.7714502811431885,0.7712808847427368,-0.1437925398349762,-0.14378373324871063,0.9141488075256348,0.9142139554023743,-1.033941626548767,-1.0340389013290405
Fluid,6250,6250,2.6800139,1.0,1.0,5.298570716513283,5.28091894413447,0.043092459278550814,0.043094684258565975,0.21056026742993766,0.21048117619209922,-0.15296759051195347,-0.15292718883727677,1.0,1.0,697.6130654547119,698.5695609985352,2.68,1.3895029999932973e-05,0.07228096,0.07211105,1.0738441944122314,1.0738074779510498,-0.9021844863891602,-0.9022006988525391,0.7665812373161316,0.7663998603820801,-0.14377163350582123,-0.1437385529279709,0.9148315787315369,0.9149086475372314,-1.0350550413131714,-1.0351544618606567
Fluid,6250,6250,2.7200148,1.0,1.0,5.412374406887666,5.394371727668755,0.04290572262762813,0.0429090319781244,0.20844234776608705,0.2083615849968628,-0.15217698751133402,-0.15213495578663191,1.0,1.0,693.0702610403442,694.037395932312,2.72,1.481055999974501e-05,0.071071826,0.07115237,1.0728485584259033,1.07281494140625,-0.9029954671859741,-0.9030102491378784,0.7617877125740051,0.7616003751754761,-0.14374370872974396,-0.1437898427248001,0.9155116677284241,0.9155933260917664,-1.036215901374817,-1.0363190174102783
Fluid,6250,6250,2.7600157,1.0,1.0,5.526938672736213,5.508561316972021,0.04271091101826867,0.04271939197975531,0.20636805197617622,0.20628000017306303,-0.15137981186057559,-0.1513385319686425,1.0,1.0,688.5452041220093,689.5231511810302,2.76,1.5726090000001136e-05,0.070165,0.070603825,1.0719242095947266,1.0718955993652344,-0.9037553071975708,-0.9037702083587646,0.757034420967102,0.7568354606628418,-0.1438037008047104,-0.14367054402828217,0.9161838293075562,0.9162609577178955,-1.0374138355255127,-1.0375264883041382
Fluid,6250,6250,2.8000166,1.0,1.0,5.642176283642873,5.623428517941124,0.04251175126900664,0.04252672701101052,0.20433708877403173,0.20424338331232547,-0.150581488105068,-0.15053735365566565,1.0,1.0,684.0375399810791,685.0256418869019,2.8,1.6641620000257262e-05,0.06920574,0.06920677,1.0710688829421997,1.0710490942001343,-0.9045742154121399,-0.9045873880386353,0.7523266673088074,0.7521136403083801,-0.1436535120010376,-0.1437155306339264,0.9168432950973511,0.9169254899024963,-1.0386394262313843,-1.0387730598449707
Fluid,6250,6250,2.8400176,1.0,1.0,5.7578990328411015,5.738779721897617,0.04231142794196028,0.04232647159162327,0.2023501801036077,0.20225197984264348,-0.14978224271102808,-0.1497304282937525,1.0,1.0,679.5497714413452,680.5483553961182,2.84,1.7557140000068472e-05,0.068254896,0.068441585,1.0702849626541138,1.070266604423523,-0.9054081439971924,-0.9054279327392578,0.7476658225059509,0.7474422454833984,-0.1436346024274826,-0.14362527430057526,0.9174901247024536,0.917579174041748,-1.0398757457733154,-1.0400030612945557
Fluid,6250,6250,2.8800185,1.0,1.0,5.874203812314272,5.854717309924476,0.042108728775870984,0.042125964338912164,0.20040104443327642,0.20029910480530233,-0.14898165835650637,-0.1489298250551708,1.0,1.0,675.0817577508545,676.0902251812744,2.88,1.8472670000324598e-05,0.06727586,0.067776926,1.0695438385009766,1.0695253610610962,-0.9061807990074158,-0.9061925411224365,0.7430422902107239,0.7428063750267029,-0.14356178045272827,-0.14367736876010895,0.9181250929832458,0.9182174801826477,-1.0404268503189087,-1.0404781103134155
Fluid,6250,6250,2.9200194,1.0,1.0,5.9910270553777,5.971182897960208,0.04190342404426541,0.04191962057576049,0.1984914731926436,0.19838514906883598,-0.14817844752138482,-0.1481224105698045,1.0,1.0,670.6356393048096,671.6534712173462,2.92,1.9388200000136635e-05,0.06667405,0.06679651,1.0688390731811523,1.0688211917877197,-0.9068892598152161,-0.9069024920463562,0.738460123538971,0.7382161617279053,-0.14355842769145966,-0.14351367950439453,0.9187492728233337,0.9188442230224609,-1.0404512882232666,-1.0404964685440063
Fluid,6250,6250,2.9600203,1.0,1.0,6.108426763711423,6.088216495625451,0.04169248905955348,0.04170758375909063,0.19661954917150956,0.19650993591299937,-0.14737402743818936,-0.14731144440298521,1.0,1.0,666.211832536621,667.2391716932678,2.96,2.0303729999948672e-05,0.06598645,0.06566265,1.0685842037200928,1.0686216354370117,-0.9075433611869812,-0.9075561761856079,0.7339245080947876,0.7336714863777161,-0.1435430943965912,-0.14358340203762054,0.9193640947341919,0.9194647669792175,-1.040408968925476,-1.0404468774795532
Fluid,6250,6250,3.0000212,1.0,1.0,6.226457666075453,6.205926107452437,0.04147844065711135,0.04149501369226986,0.1947887103515421,0.1946802828244414,-0.1465650369780045,-0.14650135967414593,1.0,1.0,661.8096764797974,662.8453156129456,3.0,2.121925000020397e-05,0.06462838,0.064881064,1.0686697959899902,1.0687124729156494,-0.9081486463546753,-0.9081557393074036,0.729450523853302,0.7291908264160156,-0.1434623897075653,-0.14340339601039886,0.919970691204071,0.9200748801231384,-1.0404149293899536,-1.040459394454956
Fluid,6250,6250,3.0400221,1.0,1.0,6.345241812476143,6.324359710110277,0.04126189805222035,0.04127770365784643,0.19299806493598734,0.19288377762776798,-0.1457481221565511,-0.14567968952142168,1.0,1.0,657.4202508699036,658.4647970166016,3.04,2.2134780000016008e-05,0.06412296,0.06448678,1.0687837600708008,1.068835973739624,-0.9087103009223938,-0.9087170958518982,0.7250277400016785,0.7247377634048462,-0.1433933526277542,-0.14336147904396057,0.9205728769302368,0.920678973197937,-1.040405511856079,-1.0404373407363892
Fluid,6250,6250,3.0800231,1.0,1.0,6.464669811834171,6.443446102459878,0.041036746135978026,0.04105059913475066,0.19125210326599423,0.19112906646485425,-0.14491954257844714,-0.14484668022013572,1.0,1.0,653.0500662988281,654.1038171937561,3.08,2.3050309999828045e-05,0.06323565,0.06354314,1.0689841508865356,1.069132924079895,-0.9092371463775635,-0.9092466831207275,0.7206531763076782,0.7203371524810791,-0.14336015284061432,-0.1432429403066635,0.9211759567260742,0.9212852716445923,-1.0403088331222534,-1.0403412580490112
Fluid,6250,6250,3.120024,1.0,1.0,6.584914063000828,6.563368503711894,0.04080419987353176,0.04081662538620789,0.18953672202789806,0.18941440852067404,-0.1440842042545916,-0.1440082871147705,1.0,1.0,648.7003223974609,649.7621171276855,3.12,2.396584000008417e-05,0.062335864,0.06235964,1.069084882736206,1.069140076637268,-0.9097368121147156,-0.9097447991371155,0.7162995934486389,0.7159870862960815,-0.14318430423736572,-0.143268421292305,0.9217722415924072,0.9218853712081909,-1.0401440858840942,-1.0401666164398193
Fluid,6250,6250,3.1600249,1.0,1.0,6.705919168894887,6.684021293054223,0.04056879714873154,0.040580990036060104,0.18785671297595893,0.18772994315720776,-0.14324250991518145,-0.1431669125822722,1.0,1.0,644.3710830117798,645.4408772990417,3.16,2.488135999989538e-05,0.061543502,0.062103614,1.0694061517715454,1.069488286972046,-0.9102043509483337,-0.9102123379707336,0.7119925022125244,0.7116758227348328,-0.1430414319038391,-0.14304031431674957,0.9223586916923523,0.9224724769592285,-1.0398955345153809,-1.0399290323257446
Fluid,6250,6250,3.2000258,1.0,1.0,6.827668983884603,6.805418093096167,0.04032845323884161,0.040342315571259245,0.18621407547603244,0.1860831693785537,-0.14239980704945046,-0.14232387919819595,1.0,1.0,640.0616306263732,641.1395125090027,3.2,2.5796889999707417e-05,0.06118181,0.061045617,1.069906234741211,1.0699983835220337,-0.9106469750404358,-0.9106511473655701,0.7077410221099854,0.7074037790298462,-0.14304767549037933,-0.1428990513086319,0.9229375123977661,0.9230521321296692,-1.0395950078964233,-1.039621114730835
Fluid,6250,6250,3.2400267,1.0,1.0,6.950191312871128,6.92759569444567,0.04008556223279156,0.04009745804786449,0.18460725469948025,0.18447076415799557,-0.14156053082581493,-0.1414813996898944,1.0,1.0,635.7713580589294,636.8570728187561,3.24,2.6712419999963544e-05,0.060232755,0.06047882,1.070476770401001,1.0705777406692505,-0.9110631346702576,-0.911069393157959,0.7035269141197205,0.7031768560409546,-0.14274588227272034,-0.14286194741725922,0.9235014915466309,0.9236178994178772,-1.0392223596572876,-1.0392447710037231
Fluid,6250,6250,3.2800276,1.0,1.0,7.073292297108173,7.050358903750032,0.03983540051201068,0.03984879326126189,0.18303541376990265,0.1828928877718514,-0.14071803365066649,-0.14064122267431114,1.0,1.0,631.5030857159423,632.5964690260315,3.28,2.7627940000218842e-05,0.0594151,0.05957665,1.0711090564727783,1.0712320804595947,-0.9114648103713989,-0.9114686250686646,0.699367880821228,0.6989896893501282,-0.1426924467086792,-0.14255887269973755,0.9240593910217285,0.9241716861724854,-1.0388004779815674,-1.0388216972351074
Fluid,6250,6250,3.3200285,1.0,1.0,7.196841237614006,7.173540481113046,0.03957726426273817,0.03959531943013135,0.18151347362934378,0.18134843892691657,-0.13986611867479048,-0.1397889073381503,1.0,1.0,627.2595105258179,628.3606598274994,3.32,2.854347000003088e-05,0.059947256,0.058950767,1.0718241930007935,1.0719562768936157,-0.9118558764457703,-0.9118499755859375,0.6952223777770996,0.6948404908180237,-0.14245913922786713,-0.14243942499160767,0.9246155023574829,0.9247255325317383,-1.0383247137069702,-1.038323998451233
Fluid,6250,6250,3.3600295,1.0,1.0,7.320948781728744,7.297284487053305,0.039313650286216285,0.0393403671116969,0.1799743506128114,0.17986351185271227,-0.13899398515677314,-0.13892757692951185,1.0,1.0,623.0375435514832,624.1467050345611,3.36,2.9459000000287006e-05,0.057626564,0.058608014,1.0726134777069092,1.072768211364746,-0.9122375845909119,-0.9122160077095032,0.6910653710365295,0.6907414793968201,-0.14225606620311737,-0.14224287867546082,0.9251712560653687,0.9252781867980957,-1.0377757549285889,-1.037783145904541
Fluid,6250,6250,3.4000304,1.0,1.0,7.445532491445541,7.421538880055249,0.03905304848229891,0.03908038689679143,0.1784640177954454,0.17835049926055363,-0.13811344854004914,-0.1380542106368825,1.0,1.0,618.8363130471039,619.9528847947693,3.4,3.0374530000099043e-05,0.05834131,0.05824244,1.0734899044036865,1.0736536979675293,-0.9125927090644836,-0.912574052810669,0.6869792342185974,0.6866449117660522,-0.142013281583786,-0.14199019968509674,0.9257345795631409,0.9258334636688232,-1.0371745824813843,-1.0371772050857544
Fluid,6250,6250,3.4400313,1.0,1.0,7.57070703998059,7.546392491673678,0.038799914870007196,0.03882314163800969,0.17700886107423575,0.176895796968583,-0.13723348102343036,-0.13716943884670327,1.0,1.0,614.656352854538,615.7800898481751,3.44,3.129004999991025e-05,0.05671128,0.056831162,1.0744409561157227,1.0746054649353027,-0.9129317998886108,-0.9129173159599304,0.6829237341880798,0.6825960874557495,-0.14174234867095947,-0.14174091815948486,0.9262823462486267,0.9263852834701538,-1.0365381240844727,-1.03652822971344
Fluid,6250,6250,3.4800322,1.0,1.0,7.696447936038971,7.671785280036926,0.038545525091099264,0.03856523041219705,0.17557695872172596,0.1754621831563115,-0.13635810415253857,-0.1362879603884212,1.0,1.0,610.4997242852784,611.6305241087341,3.48,3.220558000016638e-05,0.056916397,0.05742043,1.0754566192626953,1.0756261348724365,-0.9132700562477112,-0.9132565855979919,0.6789183616638184,0.678577184677124,-0.14155179262161255,-0.14148761332035065,0.9268220663070679,0.9269265532493591,-1.035874366760254,-1.0358469486236572
Fluid,6250,6250,3.5200331,1.0,1.0,7.822678983345925,7.797642880768776,0.038284218182963084,0.03830520154632395,0.17415751573265065,0.17404020728228206,-0.1354829223361041,-0.1354067770754057,1.0,1.0,606.363927759018,607.5017680673981,3.52,3.3121109999978415e-05,0.05591465,0.05626171,1.0765072107315063,1.076707124710083,-0.913601279258728,-0.9135859608650208,0.674963653087616,0.674599826335907,-0.14123597741127014,-0.14121249318122864,0.9273542165756226,0.9274649024009705,-1.035158395767212,-1.0351203680038452
Fluid,6250,6250,3.560034,1.0,1.0,7.949588066690862,7.924151663312316,0.03802417095551966,0.03804330793050933,0.17280014857965986,0.17267431672861566,-0.13460139913992025,-0.13452644484291318,1.0,1.0,602.2484415515137,603.3931263504028,3.56,3.403663999979045e-05,0.054364786,0.05470001,1.0768324136734009,1.0768758058547974,-0.9139253497123718,-0.9139086008071899,0.6710574626922607,0.6706628203392029,-0.14097855985164642,-0.1409783661365509,0.927879273891449,0.9279856085777283,-1.0344065427780151,-1.0343670845031738
Fluid,6250,6250,3.600035,1.0,1.0,8.077012667448223,8.051144451153576,0.0377617959586269,0.037778617445869606,0.17145416482550033,0.1713264995920862,-0.13372646497166948,-0.133647327521065,1.0,1.0,598.1535255957795,599.3058035332489,3.6,3.495216000004575e-05,0.05543348,0.05528409,1.0767031908035278,1.0767449140548706,-0.9142374992370605,-0.9142239093780518,0.6671648025512695,0.6667532920837402,-0.14076288044452667,-0.14073696732521057,0.9283919930458069,0.9284990429878235,-1.0336438417434692,-1.0335968732833862
Fluid,6250,6250,3.6400359,1.0,1.0,8.204932525070607,8.178698858914972,0.037499917741801184,0.037512708278984064,0.17011939029649017,0.16999420050284417,-0.1328540047669469,-0.13276986979003683,1.0,1.0,594.0791463964844,595.2381565672302,3.64,3.586768999985779e-05,0.054130204,0.0543373,1.0765645503997803,1.0765987634658813,-0.9145392775535583,-0.9145305156707764,0.6632997393608093,0.6628962159156799,-0.1404222995042801,-0.14047770202159882,0.9288959503173828,0.9290105104446411,-1.032843828201294,-1.0327889919281006
Fluid,6250,6250,3.6800368,1.0,1.0,8.333391615459323,8.3068068439883,0.03723085522888461,0.03724505649923536,0.16883963305804298,0.16871033066645497,-0.13197435668774882,-0.13188193144004792,1.0,1.0,590.0273462377929,591.1929480545044,3.68,3.6783219999669825e-05,0.053084858,0.053361494,1.0764093399047852,1.0764485597610474,-0.9148429036140442,-0.9148321747779846,0.6594928503036499,0.6590635180473328,-0.14043141901493073,-0.1404763162136078,0.929395318031311,0.9295134544372559,-1.0320215225219727,-1.031959891319275
Fluid,6250,6250,3.7200377,1.0,1.0,8.462300793341399,8.435386016863584,0.03696061739940255,0.03697925237516756,0.16757648364175576,0.1674428928546922,-0.1310885831276863,-0.1309921917892038,1.0,1.0,585.9991635329819,587.1710824808503,3.72,3.769874999992595e-05,0.052542157,0.053652685,1.0762444734573364,1.0762876272201538,-0.915142834186554,-0.9151282906532288,0.6557177305221558,0.6552774906158447,-0.1406491994857788,-0.14075647294521332,0.9298974275588989,0.9300161004066467,-1.0311795473098755,-1.0311193466186523
Fluid,6250,6250,3.7600386,1.0,1.0,8.591808826129437,8.56448279053867,0.03668951702944294,0.03671645369095495,0.16632317502237506,0.16620805025290872,-0.13019947093564668,-0.1301014203035785,1.0,1.0,581.9908950274659,583.170637551651,3.76,3.861427000018125e-05,0.05244771,0.052354228,1.0760761499404907,1.0761226415634155,-0.9154326319694519,-0.9154126048088074,0.6519372463226318,0.651517927646637,-0.14079885184764862,-0.14083866775035858,0.930392861366272,0.9305174350738525,-1.030334711074829,-1.0302700996398926
Fluid,6250,6250,3.8000395,1.0,1.0,8.721869641950727,8.694162779615521,0.03642464144612313,0.036444576053834464,0.1651013936952711,0.1649838485059701,-0.12930917728338623,-0.12919929645710973,1.0,1.0,578.0030632230378,579.1887800305557,3.8,3.952979999999329e-05,0.051787023,0.051784113,1.075900912284851,1.0759390592575073,-0.9157172441482544,-0.9157013297080994,0.6482088565826416,0.6477750539779663,-0.14091849327087402,-0.14097623527050018,0.9308844208717346,0.9310192465782166,-1.0294743776321411,-1.029399037361145
Fluid,6250,6250,3.8400404,1.0,1.0,8.852265503881574,8.824180383945107,0.03615717889541411,0.036176935500048565,0.1639042213980027,0.16378290514282184,-0.12840684359479287,-0.12829363023370766,1.0,1.0,574.0382012591172,575.2302550250625,3.84,4.044533000024941e-05,0.051241934,0.05143547,1.0757111310958862,1.0757499933242798,-0.9159959554672241,-0.9159796833992004,0.644503653049469,0.6440523862838745,-0.14103657007217407,-0.14114482700824738,0.9313830733299255,0.931519091129303,-1.0285999774932861,-1.0285195112228394
Fluid,6250,6250,3.8800414,1.0,1.0,8.983075436691642,8.954560384126305,0.03589353743209387,0.03591117441423004,0.16273116774535504,0.16260527291244536,-0.12750345035895588,-0.1273947300987714,1.0,1.0,570.0959052326965,571.2944619327163,3.88,4.136086000006145e-05,0.050705224,0.050602406,1.0755219459533691,1.0755549669265747,-0.9162664413452148,-0.9162515997886658,0.6408306360244751,0.6403650045394897,-0.1411127895116806,-0.14114725589752197,0.9318788647651672,0.9320052862167358,-1.0277204513549805,-1.0276435613632202
Fluid,6250,6250,3.9200423,1.0,1.0,9.114442529479861,9.085507575739623,0.03563264973961981,0.035645028974066954,0.16157773496408015,0.16145819715427817,-0.12660530539748724,-0.12649880111748735,1.0,1.0,566.1749326453019,567.3796603974151,3.92,4.227637999987266e-05,0.05055562,0.050062355,1.0753272771835327,1.0753533840179443,-0.9165310263633728,-0.9165209531784058,0.6371936798095703,0.6367356777191162,-0.14121975004673004,-0.1412726193666458,0.9326136112213135,0.9327152967453003,-1.0268491506576538,-1.0267711877822876
Fluid,6250,6250,3.9600432,1.0,1.0,9.246518874266147,9.217203580741286,0.035368489402961424,0.03537870318779664,0.1604547784534446,0.16033044785386416,-0.1257214718604018,-0.12561343853052123,1.0,1.0,562.2739659056091,563.4838768775177,3.96,4.3191910000128786e-05,0.049454726,0.049237635,1.0751291513442993,1.075154185295105,-0.9167953729629517,-0.9167864322662354,0.6336087584495544,0.6331230401992798,-0.1413431614637375,-0.14138095080852509,0.9333856105804443,0.9334891438484192,-1.0259931087493896,-1.0259144306182861
Fluid,6250,6250,4.0000439,1.0,1.0,9.379217714428902,9.349593981228471,0.035105742750160276,0.03511315903558374,0.15935197118943498,0.1592270115663484,-0.12484822181731346,-0.1247303333873491,1.0,1.0,558.3929162968445,559.6068268112946,4.0,4.386901999975379e-05,0.048575196,0.04846154,1.0749350786209106,1.074955701828003,-0.9170543551445007,-0.9170476794242859,0.6300469636917114,0.6295505166053772,-0.14143683016300201,-0.1414581686258316,0.93414705991745,0.9342614412307739,-1.0251498222351074,-1.0250515937805176
Fluid,6250,6250,4.0400448,1.0,1.0,9.512621001027822,9.482688381881713,0.03484368385131936,0.034843531873691824,0.15827425680203364,0.1581430115436716,-0.12396977278752602,-0.12384351672556543,1.0,1.0,554.5303668358994,555.7483351314545,4.04,4.4784550000009915e-05,0.048476085,0.048517343,1.0747385025024414,1.0747482776641846,-0.9173091650009155,-0.9173092842102051,0.6265333294868469,0.6260095834732056,-0.1414841115474701,-0.14153428375720978,0.9349173307418823,0.9350368976593018,-1.0242847204208374,-1.0241807699203491
Fluid,6250,6250,4.0800457,1.0,1.0,9.646602225999832,9.616345978064537,0.03457855621653202,0.03457387134546763,0.15721502707674545,0.15708272624795055,-0.12309297517422238,-0.1229636670765758,1.0,1.0,550.6885660511017,551.9096244263649,4.08,4.5700070000265214e-05,0.048081625,0.047742628,1.074536919593811,1.0745445489883423,-0.917561948299408,-0.9175665378570557,0.623016357421875,0.6224917769432068,-0.14148400723934174,-0.14156165719032288,0.9356897473335266,0.9358110427856445,-1.0234266519546509,-1.023320198059082
Fluid,6250,6250,4.1200466,1.0,1.0,9.78122227887988,9.750641969981194,0.0343127862613913,0.03430560689507547,0.15617993542475508,0.15604327572100504,-0.12221827640937176,-0.12208509298511082,1.0,1.0,546.864000008583,548.0898415398026,4.12,4.661559999963316e-05,0.047695555,0.047172256,1.0743356943130493,1.0743409395217896,-0.9178115129470825,-0.9178172945976257,0.6195514798164368,0.6189988851547241,-0.1415742039680481,-0.14158353209495544,0.9364562630653381,0.9365828037261963,-1.0225685834884644,-1.0224599838256836
Fluid,6250,6250,4.1600475,1.0,1.0,9.916481422370673,9.885520379903317,0.03404960597688856,0.03403578448570566,0.1551675088297692,0.15503029926556833,-0.12134498211420142,-0.12120107466020087,1.0,1.0,543.0572193801307,544.2884052356529,4.16,4.753112999988929e-05,0.04681647,0.046444345,1.0741404294967651,1.0741398334503174,-0.9180519580841064,-0.9180647134780884,0.6161156892776489,0.6155506372451782,-0.1415310800075531,-0.14157968759536743,0.9372227191925049,0.9373615980148315,-1.0217210054397583,-1.021596908569336
Fluid,6250,6250,4.2000484,1.0,1.0,10.05216816492796,10.020775601754188,0.03378789929331397,0.033763944343774346,0.1541763448488782,0.1540386355063437,-0.12047116052444559,-0.12032038251148537,1.0,1.0,539.2694290868187,540.5053971099281,4.2,4.8446660000145414e-05,0.04668449,0.04615089,1.0739482641220093,1.073934555053711,-0.9183662533760071,-0.918400228023529,0.612709641456604,0.612144947052002,-0.1416122317314148,-0.14152616262435913,0.9379914999008179,0.9381371736526489,-1.0208699703216553,-1.020743489265442
Fluid,6250,6250,4.2400494,1.0,1.0,10.188126612694264,10.156328387420178,0.033529667439754704,0.03349720233522821,0.1532120920517511,0.15306944820948584,-0.11960087009184994,-0.11944338460098952,1.0,1.0,535.5021185717774,536.7428323797035,4.24,4.9362179999512534e-05,0.045985058,0.04560154,1.0737578868865967,1.0737415552139282,-0.9188087582588196,-0.9188511371612549,0.6093530058860779,0.6087509989738464,-0.14161868393421173,-0.14160370826721191,0.9387617111206055,0.9389111399650574,-1.0200353860855103,-1.0199002027511597
Fluid,6250,6250,4.2800503,1.0,1.0,10.324440205436945,10.292278003011942,0.03326767680597928,0.033234251545070474,0.15226340669149738,0.15211982137691696,-0.11873764302296215,-0.11857318939508171,1.0,1.0,531.7555524585151,533.000522290001,4.28,5.027770999976866e-05,0.045342255,0.045083195,1.0735706090927124,1.0735509395599365,-0.9192500710487366,-0.9192914962768555,0.6060128808021545,0.6053892374038696,-0.14154945313930511,-0.14159221947193146,0.9395200610160828,0.9396783113479614,-1.019212245941162,-1.0190730094909668
Fluid,6250,6250,4.3200512,1.0,1.0,10.461315445541143,10.428805213979482,0.03301170359447162,0.03297050412165328,0.15134113207705785,0.15120058854570553,-0.11787970590773154,-0.11769775776839349,1.0,1.0,528.0266467467118,529.2764967939186,4.32,5.119324000002479e-05,0.04462418,0.04437466,1.073388695716858,1.073363184928894,-0.919677734375,-0.9197263717651367,0.6027055382728577,0.6020410656929016,-0.14151470363140106,-0.14151760935783386,0.9402779340744019,0.9404479265213013,-1.018415093421936,-1.0182689428329468
Fluid,6250,6250,4.3600521,1.0,1.0,10.59876518381834,10.565866007786989,0.03275497760935221,0.03270380793937482,0.15043674044465413,0.1502602206346053,-0.11702181932861917,-0.11681887995524681,1.0,1.0,524.3148783077812,525.5694076040268,4.36,5.210875999939191e-05,0.044566944,0.044705488,1.0732017755508423,1.07316255569458,-0.9201017618179321,-0.9201570153236389,0.5994320511817932,0.5986883044242859,-0.14145581424236298,-0.1414826363325119,0.9410366415977478,0.941215455532074,-1.017632246017456,-1.017473578453064
Fluid,6250,6250,4.400053,1.0,1.0,10.736611266965866,10.70337160791874,0.0324945772414672,0.03244055215545464,0.14955203498180258,0.14935824246479323,-0.11615712658316363,-0.11594234951143371,1.0,1.0,520.621453281765,521.8793126494598,4.4,5.302428999964803e-05,0.044188134,0.043668564,1.0730098485946655,1.072971224784851,-0.9205248355865479,-0.9206410646438599,0.5961772203445435,0.5953835844993591,-0.14138658344745636,-0.14149117469787598,0.941794753074646,0.9419848918914795,-1.016859531402588,-1.016686201095581
Fluid,6250,6250,4.4400539,1.0,1.0,10.874685200440883,10.841098777985573,0.032232275140045674,0.03218032077477488,0.14868026259941952,0.14848678899557416,-0.1152861387638282,-0.1150679086173384,1.0,1.0,516.9472205263042,518.2085434122848,4.44,5.393981999990416e-05,0.04302661,0.04303155,1.0728237628936768,1.0727876424789429,-0.9213108420372009,-0.9214355945587158,0.5928854942321777,0.5920956134796143,-0.14131779968738556,-0.14133140444755554,0.9425500631332397,0.9427503347396851,-1.016096830368042,-1.0159204006195068
Fluid,6250,6250,4.4800549,1.0,1.0,11.013187356545926,10.979254752628803,0.031969040744758676,0.03192822738920004,0.14779765298966668,0.14761345220405608,-0.1144202742950688,-0.11420417152286158,1.0,1.0,513.2897989735603,514.554903338995,4.48,5.485534999927211e-05,0.04308947,0.043023594,1.0726277828216553,1.0726041793823242,-0.922084629535675,-0.9221937656402588,0.58963543176651,0.5888450741767883,-0.14131860435009003,-0.14123950898647308,0.943310558795929,0.9435110092163086,-1.015376091003418,-1.0152732133865356
Fluid,6250,6250,4.5200558,1.0,1.0,11.152266348166465,11.117995519618988,0.03171500147142564,0.03167517949444708,0.14694397159384098,0.14676510920936095,-0.11355911508675665,-0.11334638468742542,1.0,1.0,509.64931775091173,510.9172334619713,4.52,5.5770870000415584e-05,0.04259589,0.042137783,1.0724382400512695,1.072405219078064,-0.9228367805480957,-0.9229475259780884,0.5864185690879822,0.585630476474762,-0.14133980870246887,-0.14118967950344086,0.9440639615058899,0.9442641139030457,-1.0149283409118652,-1.0148334503173828
Fluid,6250,6250,4.5600567,1.0,1.0,11.291728687810897,11.25716433897972,0.03145925045004813,0.03141881949220784,0.14612540851462283,0.14594349957119745,-0.11269862099774415,-0.11248960995626199,1.0,1.0,506.0275582066441,507.29892872786525,4.56,5.668640000067171e-05,0.04158072,0.041664775,1.0722354650497437,1.0722012519836426,-0.9235907196998596,-0.9237081408500671,0.5832236409187317,0.5824201107025146,-0.14114710688591003,-0.14112810790538788,0.9448152184486389,0.9450148940086365,-1.0145001411437988,-1.014411449432373
Fluid,6250,6250,4.6000576,1.0,1.0,11.431671074028015,11.396652331385612,0.031204476335244254,0.03116340635006316,0.14529897043214646,0.14511911788425932,-0.11184640769071412,-0.11163643360523973,1.0,1.0,502.4246525347233,503.70083819151876,4.6,5.760193000003966e-05,0.041603427,0.041605063,1.0720269680023193,1.0719858407974243,-0.9243389368057251,-0.9244601130485535,0.5800501108169556,0.5792468190193176,-0.1409936398267746,-0.14102424681186676,0.9455659985542297,0.9457680583000183,-1.014070987701416,-1.013986349105835
Fluid,6250,6250,4.6400585,1.0,1.0,11.571949828007222,11.536487520918847,0.030951914895260706,0.030903281616411406,0.14449979296115226,0.14432277619204134,-0.11100000824000454,-0.11078367502907757,1.0,1.0,498.8416833972168,500.1215705490589,4.64,5.8517460000295785e-05,0.0410829,0.041013584,1.0718024969100952,1.0717514753341675,-0.925077497959137,-0.9252102971076965,0.5769191980361938,0.5761212706565857,-0.14095157384872437,-0.1409391313791275,0.9463101029396057,0.9465203285217285,-1.0136451721191406,-1.0135496854782104
Fluid,6250,6250,4.6800594,1.0,1.0,11.712599121029378,11.676737921235562,0.030696469237711282,0.03065191006847075,0.14373396010987285,0.14355480772013193,-0.11015641723923501,-0.10993738304774044,1.0,1.0,495.2792774032402,496.5626410045242,4.68,5.943298000055108e-05,0.0399464,0.040042818,1.0715751647949219,1.0715246200561523,-0.9258423447608948,-0.9259638786315918,0.5738022923469543,0.5729929804801941,-0.14081192016601562,-0.1408185362815857,0.9470518827438354,0.9472646713256836,-1.0132126808166504,-1.0131216049194336
Fluid,6250,6250,4.7200603,1.0,1.0,11.853642147710323,11.817297942390441,0.03044216919262195,0.030394821418965004,0.1429586912801233,0.14278228868370293,-0.109325025409034,-0.10909609788472735,1.0,1.0,491.7352353968811,493.0238793149948,4.72,6.034850999991903e-05,0.04033072,0.04036402,1.0713355541229248,1.071279525756836,-0.926567792892456,-0.9266942739486694,0.5707162022590637,0.569897472858429,-0.14081938564777374,-0.14079885184764862,0.9477894306182861,0.9480088353157043,-1.0127838850021362,-1.0126852989196777
Fluid,6250,6250,4.7600613,1.0,1.0,11.995019091174603,11.958250726106167,0.030184745277274633,0.030139897758451988,0.14221037015089533,0.14203259986812075,-0.10849697594135534,-0.10825778925764142,1.0,1.0,488.21306992520334,489.5044916889572,4.76,6.126404000017516e-05,0.03975422,0.03965139,1.0710781812667847,1.0710221529006958,-0.9272885322570801,-0.927412211894989,0.5676628947257996,0.56683748960495,-0.14082542061805725,-0.1408451944589615,0.9485207200050354,0.9487499594688416,-1.0123428106307983,-1.0122454166412354
Fluid,6250,6250,4.8000622,1.0,1.0,12.136757488410472,12.099589921500684,0.029931220643944108,0.029890242030364462,0.14149131737273885,0.14131395284112105,-0.1076710373872472,-0.10742453649800969,1.0,1.0,484.71165351123335,486.00581005848886,4.8,6.217957000043128e-05,0.038776193,0.03882703,1.0708156824111938,1.0707615613937378,-0.9280163049697876,-0.928134024143219,0.5646279454231262,0.5637838244438171,-0.14077171683311462,-0.1407870352268219,0.9492501020431519,0.9494867324829102,-1.011927604675293,-1.0118229389190674
Fluid,6250,6250,4.8400631,1.0,1.0,12.278690245392323,12.241107521438598,0.029682799516195665,0.029645949975538533,0.14076483035834972,0.14058502330038872,-0.10684936085684923,-0.10659578972075134,1.0,1.0,481.23178239748955,482.52868630782126,4.84,6.30950899997984e-05,0.038881857,0.039145358,1.0705435276031494,1.0704890489578247,-0.9287227392196655,-0.9288412928581238,0.5616230964660645,0.5607703924179077,-0.140834242105484,-0.14080552756786346,0.9499827027320862,0.9502232670783997,-1.0114973783493042,-1.01139497756958
Fluid,6250,6250,4.880064,1.0,1.0,12.420978041844368,12.38299310482502,0.02943722575491629,0.029404891272651293,0.14006408681838098,0.13988601633841607,-0.10602994374751114,-0.10576876879488963,1.0,1.0,477.77173479111195,479.0713109053612,4.88,6.401062000005453e-05,0.0385692,0.038555916,1.070261836051941,1.0702097415924072,-0.9294223189353943,-0.9295284748077393,0.558658242225647,0.557793140411377,-0.14089027047157288,-0.14083649218082428,0.950706958770752,0.9509555697441101,-1.0110665559768677,-1.010960578918457
Fluid,6250,6250,4.9200649,1.0,1.0,12.56364682622671,12.52526750127554,0.02919298421512591,0.029165767374654532,0.13939228478741933,0.13921428883169137,-0.1052086784854997,-0.10493782433609201,1.0,1.0,474.3317007951784,475.63340389615536,4.92,6.492615000031066e-05,0.037370265,0.037484076,1.0699756145477295,1.0699198246002197,-0.9301223158836365,-0.9302196502685547,0.5556869506835938,0.5548318028450012,-0.1407732367515564,-0.14076866209506989,0.9514337778091431,0.9516900181770325,-1.0106456279754639,-1.0105335712432861
Fluid,6250,6250,4.9600658,1.0,1.0,12.70682684046507,12.668009093103409,0.028955912376523483,0.02892938827646198,0.13871095517732376,0.13853456683747353,-0.10439152006721299,-0.10411627869584249,1.0,1.0,470.9094703691864,472.2137334095383,4.96,6.584166999967778e-05,0.0374329,0.0376195,1.069681167602539,1.0696278810501099,-0.9308014512062073,-0.9308913350105286,0.5527741312980652,0.5518920421600342,-0.1408153474330902,-0.14073701202869415,0.952158510684967,0.9524179100990295,-1.01021146774292,-1.0100966691970825
Fluid,6250,6250,5.0000668,1.0,1.0,12.850423192381859,12.81115788306713,0.028726637712896335,0.02869599735919852,0.13805577283223508,0.13788647151516176,-0.10357815810295287,-0.10330313083147165,1.0,1.0,467.5069650653362,468.813799279604,5.0,6.67571999999339e-05,0.037463073,0.0367615,1.0693912506103516,1.069331169128418,-0.9314534664154053,-0.9315522909164429,0.5498906970024109,0.5489783883094788,-0.1407793164253235,-0.14060352742671967,0.9528773427009583,0.953135073184967,-1.0097699165344238,-1.0096654891967773
Fluid,6250,6250,5.0400677,1.0,1.0,12.994356825184822,12.9546362708354,0.028501745405560358,0.02846619977885159,0.1374183673211513,0.13724375686493703,-0.10277091978987679,-0.10249723219589446,1.0,1.0,464.12388099960805,465.4331944790125,5.04,6.767273000019003e-05,0.037113428,0.036415722,1.069092869758606,1.0690205097198486,-0.9320979118347168,-0.9322068691253662,0.5470118522644043,0.5460847020149231,-0.14070191979408264,-0.140553817152977,0.9535933136940002,0.9538459777832031,-1.0093506574630737,-1.0092287063598633
Fluid,6250,6250,5.0800686,1.0,1.0,13.138631787681579,13.09851466571331,0.028275701657552273,0.02823840601947275,0.13678823084177508,0.1366158605960838,-0.10196951249785488,-0.10169435691395541,1.0,1.0,460.75965263875963,462.0714633491087,5.08,6.858825999955798e-05,0.036582526,0.035854302,1.0687795877456665,1.0687015056610107,-0.9327353835105896,-0.9328445196151733,0.5441609025001526,0.5432196259498596,-0.14052757620811462,-0.1404862254858017,0.9542955756187439,0.9545546174049377,-1.0089001655578613,-1.0087833404541016
Fluid,6250,6250,5.1200695,1.0,1.0,13.283311166872979,13.242837060709,0.028054105999037855,0.028014904996942498,0.1361725238919491,0.1360041801629332,-0.10117864281382645,-0.10089511119381059,1.0,1.0,457.41319867684604,458.72725805764674,5.12,6.950377999981328e-05,0.036121078,0.035429645,1.0684583187103271,1.0683766603469849,-0.9333547353744507,-0.9334642291069031,0.541330873966217,0.5403773784637451,-0.14044289290905,-0.14037631452083588,0.9549909830093384,0.9552603960037231,-1.0084660053253174,-1.0083385705947876
Fluid,6250,6250,5.1600704,1.0,1.0,13.428371613154411,13.387495473017692,0.02783601980809588,0.027795648871262676,0.13556853201427146,0.13539765875159604,-0.10038610906602699,-0.10009877016009647,1.0,1.0,454.08467110569717,455.4009764218187,5.16,7.04193100000694e-05,0.035999004,0.035076737,1.06813645362854,1.0680478811264038,-0.9339652061462402,-0.9340751767158508,0.5384997129440308,0.5375410914421082,-0.1403483897447586,-0.14028987288475037,0.9556877613067627,0.9559624791145325,-1.008028268814087,-1.0078996419906616
Fluid,6250,6250,5.2000713,1.0,1.0,13.573756946897507,13.532503475232124,0.02762244738443289,0.027578272336658556,0.13497724082950038,0.13480814847569586,-0.09960157018051832,-0.09930641419132356,1.0,1.0,450.77364745836496,452.092562717371,5.2,7.133483999943735e-05,0.03545472,0.034995697,1.0678097009658813,1.0677165985107422,-0.9345530867576599,-0.9346715211868286,0.5356976389884949,0.5347234010696411,-0.14021725952625275,-0.14016297459602356,0.9563778638839722,0.9566613435745239,-1.007594347000122,-1.007456660270691
Fluid,6250,6250,5.2400723,1.0,1.0,13.719547375497818,13.67784666750431,0.027407549801515416,0.02735669977126876,0.1344078208053601,0.134229886950691,-0.09882163586128503,-0.09852063618635759,1.0,1.0,447.4799253294277,448.8023356060076,5.24,7.225036999969348e-05,0.03523504,0.034352332,1.0674775838851929,1.0673738718032837,-0.9351270198822021,-0.9352591633796692,0.5329281687736511,0.5319326519966125,-0.14017294347286224,-0.1400386542081833,0.9570674896240234,0.9573531150817871,-1.0071537494659424,-1.0070173740386963
Fluid,6250,6250,5.2800732,1.0,1.0,13.86568742693901,13.82350748764038,0.027189165130573092,0.027142547136512877,0.13385474408913403,0.1336642177393567,-0.09804602426884347,-0.09774174595595338,1.0,1.0,444.20425969409945,445.52867766576526,5.28,7.316588999994877e-05,0.035869103,0.03409866,1.067138910293579,1.0670363903045654,-0.9357064366340637,-0.9358333945274353,0.5301437377929688,0.5291563868522644,-0.1399705559015274,-0.1399821937084198,0.9577491879463196,0.9580406546592712,-1.0067349672317505,-1.0065892934799194
Fluid,6250,6250,5.3200741,1.0,1.0,14.012129814929962,13.969461879582406,0.02696459853257169,0.026930347132634487,0.13330412700419197,0.13312799667529965,-0.09728334618511959,-0.09696526812363329,1.0,1.0,440.94554793173074,442.2720372685146,5.32,7.408141999931672e-05,0.033475854,0.033754315,1.0667915344238281,1.0667005777359009,-0.9362889528274536,-0.9363982677459717,0.5274009704589844,0.5264212489128113,-0.13985200226306915,-0.13982568681240082,0.9584230184555054,0.9587287902832031,-1.0063183307647705,-1.0061661005020142
Fluid,6250,6250,5.360075,1.0,1.0,14.158885306272508,14.115720302100181,0.02673955398957245,0.026712151494864958,0.13275229519249174,0.13258917951983865,-0.09652244050330133,-0.09618918899850454,1.0,1.0,437.7032509565425,439.03226375519273,5.36,7.499694999957285e-05,0.03328118,0.033268593,1.0664395093917847,1.0663524866104126,-0.936867356300354,-0.9369678497314453,0.5246149897575378,0.5236614942550659,-0.13968396186828613,-0.13970252871513367,0.9590833783149719,0.9594111442565918,-1.005903959274292,-1.0057432651519775
Fluid,6250,6250,5.4000759,1.0,1.0,14.305957983312608,14.262312283763885,0.026519494599088794,0.026495300675906473,0.13221372908538206,0.13204819587870822,-0.09575600752909959,-0.09541793419390043,1.0,1.0,434.47722873223546,435.80903691330434,5.4,7.591247999982897e-05,0.033029955,0.032963034,1.0660908222198486,1.0660094022750854,-0.9374350905418396,-0.9375225901603699,0.5218490958213806,0.5208971500396729,-0.13965080678462982,-0.13963118195533752,0.9597533941268921,0.9600858092308044,-1.0054856538772583,-1.0053189992904663
Fluid,6250,6250,5.4400768,1.0,1.0,14.453347457532884,14.40930108198166,0.026303172054493333,0.02628149966677418,0.13168546458359284,0.1315223904172676,-0.09498838936914457,-0.09465136822119326,1.0,1.0,431.2679917233062,432.60112525558117,5.44,7.68279999991961e-05,0.03266317,0.03273424,1.0657516717910767,1.0656689405441284,-0.9379746913909912,-0.938075840473175,0.5191010236740112,0.5181532502174377,-0.13956448435783386,-0.13961119949817657,0.9604246616363525,0.96075838804245,-1.005064606666565,-1.0048942565917969
Fluid,6250,6250,5.4800777,1.0,1.0,14.601072318086624,14.5566698513031,0.026089574386170135,0.026070575365975963,0.13116767810505117,0.1310076628922188,-0.09422465395489592,-0.09389065666959447,1.0,1.0,428.07478585597636,429.40925413861754,5.48,7.774352999945222e-05,0.032436747,0.03233935,1.0654094219207764,1.0653284788131714,-0.9385184049606323,-0.9386159181594849,0.5163787007331848,0.5154398083686829,-0.13957123458385468,-0.13963188230991364,0.9610925912857056,0.9614236354827881,-1.0046466588974,-1.0044703483581543
Fluid,6250,6250,5.5200787,1.0,1.0,14.749202848262787,14.704397822146415,0.025884700430452358,0.025867170430211698,0.13066361149454314,0.13050698179575906,-0.09347090796573786,-0.09313850836397469,1.0,1.0,424.8974028567016,426.2334151995456,5.52,7.865906000059653e-05,0.031674888,0.031713266,1.0650770664215088,1.0649958848953247,-0.9390542507171631,-0.9391466975212097,0.5136845707893372,0.5127454400062561,-0.13956478238105774,-0.13957972824573517,0.9617499709129333,0.962081253528595,-1.004228949546814,-1.0040528774261475
Fluid,6250,6250,5.5600796,1.0,1.0,14.897638920283317,14.852405019049645,0.025682314660244156,0.025664509898376417,0.1301673779788264,0.1300146890413505,-0.0927268543570931,-0.09239154741312842,1.0,1.0,421.7358702752912,423.07313719486353,5.56,7.957457999996365e-05,0.031456694,0.031350337,1.0647436380386353,1.064662218093872,-0.9395803809165955,-0.9396732449531555,0.5110054612159729,0.5100681781768799,-0.13950826227664948,-0.13952861726284027,0.9623975157737732,0.9627315998077393,-1.0038172006607056,-1.0036368370056152
Fluid,6250,6250,5.6000805,1.0,1.0,15.04636364900589,15.000795435276032,0.025483847809191794,0.025464928038816434,0.12968837502937822,0.12953193428593193,-0.09199531237619231,-0.09164867612152128,1.0,1.0,418.5899855308819,419.9282549726856,5.6,8.049011000021977e-05,0.030850591,0.031170107,1.0644128322601318,1.0643360614776611,-0.9401037693023682,-0.9401904344558716,0.5083627700805664,0.5073930621147156,-0.13947847485542297,-0.13950364291667938,0.9630323052406311,0.9633774161338806,-1.0034126043319702,-1.0032236576080322
Fluid,6250,6250,5.6400814,1.0,1.0,15.19551939338684,15.149639417905808,0.025280089160241187,0.025267272648559883,0.12921343998753057,0.12905828162535066,-0.09127276599320583,-0.09091447816649015,1.0,1.0,415.45936389247896,416.798071117028,5.64,8.14056400004759e-05,0.030667128,0.030705562,1.0640809535980225,1.0640087127685547,-0.9406270980834961,-0.9407095909118652,0.5057173371315002,0.504748523235321,-0.1394738405942917,-0.13956278562545776,0.963658332824707,0.9640124440193176,-1.0030163526535034,-1.0028165578842163
Fluid,6250,6250,5.6800823,1.0,1.0,15.34514248295784,15.298921015577315,0.025082147205847432,0.025072408132581332,0.12874890643821796,0.1285977287075913,-0.09055324520664755,-0.09018276102969888,1.0,1.0,412.3428956348133,413.68225831614615,5.68,8.232116999984385e-05,0.03037794,0.030410014,1.0637563467025757,1.063687801361084,-0.941137433052063,-0.9412161707878113,0.5030829310417175,0.5021117925643921,-0.13954034447669983,-0.13961312174797058,0.9642780423164368,0.9646444916725159,-1.0026183128356934,-1.0024082660675049
Fluid,6250,6250,5.7200832,1.0,1.0,15.495291237921714,15.448609800443649,0.024890421459781938,0.024879048477816395,0.1282967608487513,0.12814173141847365,-0.08984205398560619,-0.08945717130864737,1.0,1.0,409.2403572581077,410.5802196399355,5.72,8.323669000009914e-05,0.029808028,0.030097386,1.0634392499923706,1.0633690357208252,-0.9416382312774658,-0.9417229294776917,0.5004755258560181,0.4994937777519226,-0.13961906731128693,-0.13969972729682922,0.964888334274292,0.9652699828147888,-1.0022294521331787,-1.00200355052948
Fluid,6250,6250,5.7600842,1.0,1.0,15.64580409646988,15.598648994765282,0.024704193628150968,0.024687861238146435,0.12785028518058417,0.1276992928732396,-0.08913252647796878,-0.08873981168112223,1.0,1.0,406.1512460900623,407.4914278763735,5.76,8.415222000035527e-05,0.029558383,0.029887836,1.0631288290023804,1.0630542039871216,-0.9421331286430359,-0.9422203898429871,0.4978824257850647,0.49689164757728577,-0.1397002786397934,-0.13977529108524323,0.9654970169067383,0.9658842086791992,-1.0018439292907715,-1.0016096830368042
Fluid,6250,6250,5.8000851,1.0,1.0,15.796709990205764,15.749079382033347,0.024510443330464187,0.024494460631606634,0.1274167914875038,0.12726505187866394,-0.08842411748603103,-0.08802350712496322,1.0,1.0,403.0755328240317,404.4160595561397,5.8,8.50677500006114e-05,0.0295454,0.029859202,1.062809705734253,1.062735915184021,-0.9426251649856567,-0.9427120685577393,0.49529793858528137,0.4942919611930847,-0.13972875475883484,-0.1397908627986908,0.9661026000976562,0.9664978981018066,-1.0014582872390747,-1.001223087310791
Fluid,6250,6250,5.840086,1.0,1.0,15.947968910231591,15.89986418355465,0.024314268535490773,0.024304461401617156,0.1269908412558073,0.12684041517428588,-0.0877135273293173,-0.08730943412353401,1.0,1.0,400.0125817194134,401.3532756542629,5.84,8.598327999997935e-05,0.029205948,0.029234707,1.062495470046997,1.062424659729004,-0.9431202411651611,-0.9432026147842407,0.4927249550819397,0.49171334505081177,-0.13977184891700745,-0.13981576263904572,0.9667096734046936,0.9671083688735962,-1.0010806322097778,-1.0008323192596436
Fluid,6250,6250,5.8800869,1.0,1.0,16.099427270169258,16.050927393922805,0.024127919972750243,0.024109091024315566,0.12657628480344663,0.1264297910995444,-0.0870124897860398,-0.08659975175218307,1.0,1.0,396.96275904211103,398.3030755228138,5.88,8.689880000023464e-05,0.02896408,0.029384835,1.062182903289795,1.0621066093444824,-0.9436107277870178,-0.9436976909637451,0.49015894532203674,0.4891431927680969,-0.13983045518398285,-0.1398663967847824,0.9673063158988953,0.967714786529541,-1.0007013082504272,-1.0004507303237915
Fluid,6250,6250,5.9200878,1.0,1.0,16.251204858751297,16.20226175813675,0.023936808697649976,0.023910208097625292,0.1261712079161266,0.12602133158214857,-0.08631141592902132,-0.08589378128827549,1.0,1.0,393.92471065879704,395.2645666090077,5.92,8.781433000049077e-05,0.028797155,0.02893199,1.0618700981140137,1.0617854595184326,-0.944087028503418,-0.9441866278648376,0.4876031279563904,0.4865817427635193,-0.13983041048049927,-0.13992421329021454,0.967901885509491,0.9683176875114441,-1.00032639503479,-1.0000609159469604
Fluid,6250,6250,5.9600887,1.0,1.0,16.403292197165488,16.353963309550284,0.023742850114588508,0.023711061478342163,0.12576882667629863,0.12562331071735797,-0.08561658486216911,-0.08519372611868428,1.0,1.0,390.8984927425343,392.23788241472363,5.96,8.872985999985872e-05,0.028404376,0.02852744,1.0615499019622803,1.061462163925171,-0.9445765018463135,-0.9446895122528076,0.48506811261177063,0.4840342104434967,-0.1398836076259613,-0.1399226039648056,0.968490719795227,0.968914806842804,-0.9999487996101379,-0.9996811747550964
Fluid,6250,6250,6.0000896,1.0,1.0,16.555808423886297,16.506098512706757,0.023548113197102212,0.023519548726074865,0.12537961045730683,0.12523529273194056,-0.08492535163582186,-0.08449574411148439,1.0,1.0,387.8839318724841,389.2224045261848,6.0,8.964539000011484e-05,0.02835816,0.028502036,1.0612295866012573,1.0611419677734375,-0.945058286190033,-0.9451789259910583,0.4825407564640045,0.4815073609352112,-0.1399485021829605,-0.1399824619293213,0.9690775275230408,0.9695098400115967,-0.999578058719635,-0.999301552772522
Fluid,6250,6250,6.0400906,1.0,1.0,16.708724651055338,16.658613697013855,0.023353901435849256,0.023330234360394535,0.12499602075378469,0.12485558403788251,-0.08424109645838616,-0.08380654589805926,1.0,1.0,384.880183797285,386.2178960270035,6.04,9.056091000037014e-05,0.028059095,0.028039843,1.0609115362167358,1.0608220100402832,-0.9455437064170837,-0.9456648826599121,0.4800105690956116,0.4789952039718628,-0.13996456563472748,-0.14001813530921936,0.9696568250656128,0.9700965285301208,-0.9992159605026245,-0.9989271759986877
Fluid,6250,6250,6.0800915,1.0,1.0,16.862135775632858,16.811596897940635,0.02316399951687461,0.023134587619859377,0.12462265454217908,0.12448221145192977,-0.08356362202169607,-0.08312274486477196,1.0,1.0,381.8870425632933,383.22412400412975,6.08,9.147643999973809e-05,0.027543314,0.027920583,1.0605928897857666,1.060501217842102,-0.9460228681564331,-0.9461425542831421,0.47751379013061523,0.47648680210113525,-0.14001034200191498,-0.1400580257177353,0.9702293276786804,0.9706780314445496,-0.9988553524017334,-0.9985618591308594
Fluid,6250,6250,6.1200924,1.0,1.0,17.015987129421234,16.965038472075463,0.022975523467069724,0.022944260074523045,0.12426001676193817,0.12411878489637689,-0.08289447777678724,-0.0824438576186687,1.0,1.0,378.9046566567588,380.24102313583614,6.12,9.239196999999422e-05,0.027362691,0.027406817,1.0602803230285645,1.0601832866668701,-0.9464927911758423,-0.9466180801391602,0.47503289580345154,0.47399476170539856,-0.1400076299905777,-0.14002734422683716,0.9707963466644287,0.9712557196617126,-0.9984974265098572,-0.9981924891471863
Fluid,6250,6250,6.1600933,1.0,1.0,17.17019309698105,17.1188928758049,0.022787769227295647,0.022757795986652198,0.12390114837343073,0.12376042330832569,-0.08222620142213767,-0.08176646521341988,1.0,1.0,375.9337104792085,377.2694823019692,6.16,9.330750000025034e-05,0.026964936,0.0274135,1.0600703954696655,1.0601017475128174,-0.94695645570755,-0.9470885396003723,0.47257328033447266,0.4715195298194885,-0.13998597860336304,-0.14005187153816223,0.9713606834411621,0.9718325734138489,-0.9981446862220764,-0.9978298544883728
Fluid,6250,6250,6.2000942,1.0,1.0,17.32482014330864,17.273165667009355,0.022598475779315924,0.02256493436432211,0.12355153363396414,0.12341075391045189,-0.08156112131276168,-0.08109616740400073,1.0,1.0,372.9743048388493,374.3091705552116,6.2,9.422301999961746e-05,0.0270303,0.027074395,1.060097336769104,1.0601236820220947,-0.9474227428436279,-0.9475600123405457,0.4701085388660431,0.4690532088279724,-0.1400640904903412,-0.1400628685951233,0.9719247817993164,0.9724048376083374,-0.9977902173995972,-0.9974683523178101
Fluid,6250,6250,6.2400951,1.0,1.0,17.4799124232769,17.42792243947029,0.022407798498250486,0.022373703751696738,0.12320960389791755,0.12307111443099522,-0.08090167369960807,-0.08043332329411525,1.0,1.0,370.0253812906456,371.3590366482088,6.24,9.513854999987359e-05,0.026843905,0.026852783,1.0601147413253784,1.060141682624817,-0.9478861093521118,-0.9480255842208862,0.4676496982574463,0.46658849716186523,-0.14007093012332916,-0.14009271562099457,0.9724839329719543,0.9729697704315186,-0.9974387288093567,-0.9971120357513428
Fluid,6250,6250,6.2800961,1.0,1.0,17.635567051143646,17.583128075609206,0.02221511386250233,0.022186239749214146,0.12287485758854368,0.12274150132527167,-0.08024977689405147,-0.07977421230458567,1.0,1.0,367.086615353663,368.4191056304941,6.28,9.605408000012972e-05,0.02647778,0.02665352,1.0601212978363037,1.0601454973220825,-0.9483521580696106,-0.948488175868988,0.46521568298339844,0.46415215730667114,-0.14004215598106384,-0.1401119977235794,0.9730425477027893,0.97353196144104,-0.9970967769622803,-0.9967568516731262
Fluid,6250,6250,6.320097,1.0,1.0,17.791640559692382,17.738791261672972,0.022026111709065155,0.022001294051175936,0.12254838057255722,0.12241455397349492,-0.07960368694855133,-0.07912398489124665,1.0,1.0,364.1582698329547,365.489152946758,6.32,9.696959999949684e-05,0.026110364,0.026145859,1.0601205825805664,1.0601451396942139,-0.9488118886947632,-0.9489460587501526,0.4628008306026459,0.4617309272289276,-0.14007580280303955,-0.1400747001171112,0.9735915660858154,0.9740849733352661,-0.9967532753944397,-0.9964077472686768
Fluid,6250,6250,6.3600979,1.0,1.0,17.948176854982375,17.89492486520767,0.021846430644613574,0.021817316988916136,0.12223098271402763,0.12209821201740066,-0.07896388669964566,-0.0784799757527071,1.0,1.0,361.2396734280327,362.5688020619094,6.36,9.788512999975296e-05,0.025787398,0.026007906,1.060113549232483,1.0601425170898438,-0.9492672681808472,-0.9493996500968933,0.46038901805877686,0.4593006372451782,-0.14008265733718872,-0.1401112675666809,0.974134624004364,0.9746326208114624,-0.996410608291626,-0.9960641264915466
Fluid,6250,6250,6.4000988,1.0,1.0,18.10521354458809,18.05149923796654,0.021664932537321,0.021631950344395592,0.12191501681054069,0.12178746730145183,-0.0783201815803576,-0.07783467176372302,1.0,1.0,358.330979637997,359.65850873678954,6.4,9.880066000000909e-05,0.025705606,0.025986519,1.0601240396499634,1.0601396560668945,-0.9497067928314209,-0.9498555660247803,0.45795488357543945,0.45687419176101685,-0.1401200294494629,-0.14010480046272278,0.9746794700622559,0.9751799702644348,-0.9960671067237854,-0.9957171678543091
Fluid,6250,6250,6.4400997,1.0,1.0,18.262678341007234,18.208625627145768,0.02148324620730942,0.021444833793499565,0.12160660643806914,0.1214788201005268,-0.07767900050065481,-0.07719369797278254,1.0,1.0,355.43189485251173,356.7577154528138,6.44,9.971618999937704e-05,0.025653617,0.025614288,1.0601167678833008,1.0601215362548828,-0.9501559138298035,-0.9503101110458374,0.45553526282310486,0.4544563889503479,-0.14008276164531708,-0.14012007415294647,0.9752227663993835,0.9757229685783386,-0.9957143664360046,-0.9953666925430298
Fluid,6250,6250,6.4801006,1.0,1.0,18.420589269227982,18.366200056123734,0.021300956708775486,0.02126018753988683,0.12130200748937786,0.12117855892066116,-0.0770375826016115,-0.07655870992679498,1.0,1.0,352.54273457448676,353.8668935248883,6.48,0.00010063170999963233,0.025817344,0.025486363,1.0601001977920532,1.0601030588150024,-0.9505980610847473,-0.9507664442062378,0.45312273502349854,0.45204392075538635,-0.14006125926971436,-0.1401711255311966,0.97576504945755,0.9762590527534485,-0.9953731298446655,-0.9950281381607056
Fluid,6250,6250,6.5201015,1.0,1.0,18.579019776506424,18.524287209825516,0.021117034854740487,0.021073854017678532,0.12101045191608485,0.12088684922360407,-0.07639640258010942,-0.0759259077022411,1.0,1.0,349.6634782165362,350.98573176534416,6.52,0.00010154724000077664,0.025333794,0.025173925,1.0600793361663818,1.06007719039917,-0.9510517120361328,-0.9512230157852173,0.4507288932800293,0.44964373111724854,-0.1400640904903412,-0.1401122510433197,0.9763045310974121,0.976793646812439,-0.9950410723686218,-0.9946959614753723
Fluid,6250,6250,6.5601025,1.0,1.0,18.737952443990707,18.682827985715868,0.02093082186316955,0.02088934213329223,0.12072259194679019,0.12060254074694007,-0.07576634984891396,-0.07529657194186701,1.0,1.0,346.7940542145726,348.11436921498506,6.56,0.00010246277000014459,0.025070416,0.024997886,1.0600517988204956,1.0600475072860718,-0.9515069127082825,-0.9516826868057251,0.4483366906642914,0.4472661316394806,-0.1401069015264511,-0.14010250568389893,0.9768365621566772,0.9773256778717041,-0.9947150349617004,-0.994368314743042
Fluid,6250,6250,6.6001034,1.0,1.0,18.89726321889877,18.841723185520173,0.020749278608749155,0.020705274899388896,0.12043967104389332,0.12032177879352704,-0.07514382684832206,-0.07467035795308301,1.0,1.0,343.93488596099496,345.2532662942497,6.6,0.00010337830000040071,0.024817374,0.024928043,1.0600261688232422,1.0600136518478394,-0.9519585371017456,-0.9521403908729553,0.44596487283706665,0.44488921761512756,-0.14009173214435577,-0.14012938737869263,0.9773603081703186,0.9778525233268738,-0.9943994879722595,-0.9940438270568848
Fluid,6250,6250,6.6401043,1.0,1.0,19.056901456413268,19.0009783685112,0.020562744356122566,0.02051587835334751,0.12016852649677952,0.12005051560317516,-0.07452551900084015,-0.07404678232287813,1.0,1.0,341.08611970267384,342.402325328165,6.64,0.00010429382000065601,0.024707165,0.024750771,1.0599826574325562,1.0599697828292847,-0.9524208903312683,-0.9526094198226929,0.44360700249671936,0.44251716136932373,-0.14006642997264862,-0.14008481800556183,0.9778844118118286,0.9783782958984375,-0.9940822124481201,-0.9937208890914917
Fluid,6250,6250,6.6801052,1.0,1.0,19.216982574033736,19.160632780857085,0.020370430445220553,0.020328624312192258,0.11990030169826,0.11978292125159452,-0.0739147808316385,-0.07343361192483804,1.0,1.0,338.2471317565846,339.5611813404085,6.68,0.00010520935000002396,0.024232285,0.024148637,1.0599247217178345,1.059922218322754,-0.9528859853744507,-0.9530805349349976,0.4412514567375183,0.44016170501708984,-0.14005649089813232,-0.14003600180149078,0.9783985614776611,0.9788956642150879,-0.9937677383422852,-0.9934046864509583
Fluid,6250,6250,6.7201061,1.0,1.0,19.377457128915786,19.320588739414216,0.020178147375741973,0.02014639642320457,0.11963411137647112,0.11952147976510649,-0.07330821176946338,-0.07282801835284655,1.0,1.0,335.41934341876726,336.7314971439159,6.72,0.00010612488000028009,0.0240882,0.024330836,1.0598809719085693,1.0598667860031128,-0.9533599615097046,-0.9535463452339172,0.4388769865036011,0.4378209412097931,-0.140083909034729,-0.13998964428901672,0.9789036512374878,0.9793992042541504,-0.9934654235839844,-0.993096113204956
Fluid,6250,6250,6.760107,1.0,1.0,19.538305753860474,19.48087037492752,0.01999172155881068,0.01995984757365659,0.11937848004771047,0.119267833387102,-0.07271341649305497,-0.0722188692425564,1.0,1.0,332.60330432064853,333.91351239129546,6.76,0.00010704041000053621,0.023949023,0.023809547,1.059813380241394,1.0598136186599731,-0.953828752040863,-0.954014241695404,0.4365510642528534,0.4354800879955292,-0.14003676176071167,-0.14002512395381927,0.9793998003005981,0.9799084663391113,-0.993170440196991,-0.9927917122840881
Fluid,6250,6250,6.800108,1.0,1.0,19.69947837532997,19.64149038199425,0.019814227013574492,0.019781404946260153,0.11912664729677025,0.11901821442236542,-0.07211590733460617,-0.07161887955010753,1.0,1.0,329.79878849279305,331.10665775268234,6.8,0.00010795592999990333,0.023669766,0.023654452,1.0597646236419678,1.0597575902938843,-0.9542858600616455,-0.9544750452041626,0.434232622385025,0.43315425515174866,-0.14004571735858917,-0.13998979330062866,0.9798935651779175,0.9804064631462097,-0.9928776621818542,-0.9924900531768799
Fluid,6250,6250,6.8401089,1.0,1.0,19.86110424146652,19.802618335170745,0.01963865471231591,0.019605350713913793,0.11887601675594808,0.11877474363987275,-0.07152819191732561,-0.07102233937733923,1.0,1.0,327.0050311229435,328.31018811939634,6.84,0.00010887146000015946,0.023480095,0.023486119,1.0597026348114014,1.0597020387649536,-0.9547388553619385,-0.9549304842948914,0.4319193363189697,0.43083348870277405,-0.14003752171993256,-0.13999564945697784,0.980380117893219,0.9809001088142395,-0.9925879836082458,-0.9921934008598328
Fluid,6250,6250,6.8801098,1.0,1.0,20.02319954922676,19.96421832780838,0.019468892759521843,0.019432571834712434,0.11863915502858494,0.11853508421976963,-0.07094175242095486,-0.07042735329100397,1.0,1.0,324.2218361224982,325.5245554883351,6.88,0.00010978699000041559,0.0231337,0.023268562,1.0596495866775513,1.0596431493759155,-0.9551878571510315,-0.9553878903388977,0.42961350083351135,0.4285205006599426,-0.1399468183517456,-0.13995133340358734,0.9808648228645325,0.9813902974128723,-0.9922997951507568,-0.9918978810310364
Fluid,6250,6250,6.9201107,1.0,1.0,20.185727851924895,20.126263906755447,0.01930057905130554,0.019260416833409108,0.11840243024796772,0.11830324996250959,-0.07035186902949238,-0.06983625116552503,1.0,1.0,321.45022385963557,322.75049233095353,6.92,0.0001107025099997827,0.023490133,0.023111163,1.0595927238464355,1.0595825910568237,-0.9556375741958618,-0.9558406472206116,0.42731234431266785,0.42621785402297974,-0.13997463881969452,-0.13999590277671814,0.98134845495224,0.9818769693374634,-0.9920139908790588,-0.9916046857833862
Fluid,6250,6250,6.9601116,1.0,1.0,20.348713336315154,20.288746279754637,0.01913188727730012,0.019086253040777518,0.1181728138321609,0.11807535142731271,-0.06976647982549679,-0.06925201061114378,1.0,1.0,318.6901079543468,319.98767436771215,6.96,0.00011161804000003883,0.023020878,0.023298,1.0595314502716064,1.0595128536224365,-0.9560827612876892,-0.956299901008606,0.42501625418663025,0.4239225387573242,-0.14002077281475067,-0.13996616005897522,0.9818273186683655,0.9823554754257202,-0.9917274713516235,-0.9913115501403809
Fluid,6250,6250,7.0001125,1.0,1.0,20.512145262355805,20.451730299453736,0.018962467404183697,0.018910688319180625,0.1179801972224447,0.11785172823426314,-0.06917543152505881,-0.06866823532279814,1.0,1.0,315.94061948447325,317.2355725985775,7.0,0.00011253357000029496,0.022801092,0.022957608,1.0594736337661743,1.0594463348388672,-0.9565367102622986,-0.956762969493866,0.42274266481399536,0.4216173589229584,-0.13993938267230988,-0.13989652693271637,0.9823174476623535,0.9828313589096069,-0.9914419054985046,-0.9910153150558472
Fluid,6250,6250,7.0401134,1.0,1.0,20.67597650363922,20.6151222813797,0.018792664865972475,0.018735800315701052,0.1177583911921247,0.11763156384550064,-0.06859483848400413,-0.0680864083978138,1.0,1.0,313.20311305105554,314.4948795971436,7.04,0.0001134490999996629,0.022607837,0.022693157,1.059403896331787,1.05936861038208,-0.9569809436798096,-0.9572229981422424,0.4204373359680176,0.41932761669158936,-0.1398765742778778,-0.13988620042800903,0.9827798008918762,0.983306348323822,-0.9911525249481201,-0.9907673597335815
Fluid,6250,6250,7.0801144,1.0,1.0,20.84034066493988,20.77899025220871,0.018620618405330462,0.01855847767417348,0.11754337817999069,0.11741867967484926,-0.06802432479730633,-0.0675093395119853,1.0,1.0,310.4767626526865,311.76517499594746,7.08,0.0001143646199999182,0.022565126,0.022967044,1.0593382120132446,1.0592865943908691,-0.9574326276779175,-0.9576928615570068,0.4181504249572754,0.4170490503311157,-0.13990335166454315,-0.13983666896820068,0.9832453727722168,0.983776867389679,-0.9910410642623901,-0.9906942248344421
Fluid,6250,6250,7.1201153,1.0,1.0,21.005148295402527,20.943360667819977,0.018441631498180795,0.018380242308124434,0.1173304790790769,0.11720878018418734,-0.06744866148090106,-0.0669385740207648,1.0,1.0,307.7613007271488,309.04632160557327,7.12,0.00011528015000017433,0.02215859,0.02243472,1.0592691898345947,1.0592015981674194,-0.9578925371170044,-0.9581609964370728,0.4158666729927063,0.4147656559944153,-0.13983672857284546,-0.13987760245800018,0.9837127923965454,0.9842396378517151,-0.9909793734550476,-0.9906237125396729
Fluid,6250,6250,7.1601162,1.0,1.0,21.17042684188843,21.108093406057357,0.018266974659810076,0.01820478283260483,0.1171254031483602,0.11700914287397056,-0.0668781300934637,-0.06636826544291806,1.0,1.0,305.0571233731012,306.3387642228266,7.16,0.00011619567999954228,0.0223114,0.022502607,1.059178113937378,1.0591175556182861,-0.9583576321601868,-0.9586272239685059,0.41360482573509216,0.4124927818775177,-0.1398417204618454,-0.1397569477558136,0.9841745495796204,0.9847001433372498,-0.9909061789512634,-0.9905381202697754
Fluid,6250,6250,7.2001171,1.0,1.0,21.335994793653487,21.273198191995622,0.01809253127912758,0.018031583322244697,0.11692836507380591,0.11684080239915638,-0.06631747149698902,-0.06580562943328405,1.0,1.0,302.3650046993252,303.64321683844724,7.2,0.0001171112099997984,0.022110937,0.021550676,1.0590914487838745,1.0590366125106812,-0.958818793296814,-0.9590917825698853,0.41134634613990784,0.41026535630226135,-0.13977833092212677,-0.13969680666923523,0.98462975025177,0.9851630330085754,-0.990839421749115,-0.9904521703720093
Fluid,6250,6250,7.240118,1.0,1.0,21.501901722593306,21.438776530723572,0.017918774403221906,0.017858209288415965,0.11673270990310994,0.11663854622791521,-0.06576039989889133,-0.06525073371604201,1.0,1.0,299.68512162999747,300.9595326508787,7.24,0.0001180267300000537,0.022077883,0.021901855,1.0589945316314697,1.0589441061019897,-0.9592836499214172,-0.9595564603805542,0.4091010093688965,0.4080027639865875,-0.13980668783187866,-0.13966676592826843,0.9850788116455078,0.98560631275177,-0.9907541871070862,-0.9903672337532043
Fluid,6250,6250,7.2801189,1.0,1.0,21.668177883348466,21.604773349905013,0.017735194523604586,0.01768486644353252,0.11654175112932426,0.11644688398642261,-0.06520299978584052,-0.06469588896550238,1.0,1.0,297.01727429187054,298.2876341455778,7.28,0.00011894225999942165,0.021648662,0.021841582,1.0589001178741455,1.0588515996932983,-0.9597598910331726,-0.9600268006324768,0.40683916211128235,0.4057468771934509,-0.13973507285118103,-0.13967478275299072,0.985528290271759,0.9860496520996094,-0.9906657934188843,-0.9902740120887756
Fluid,6250,6250,7.3201199,1.0,1.0,21.834844663743972,21.771064563121797,0.01755088222431019,0.01751008762905578,0.11635624627762824,0.1162652832029981,-0.06465779304368188,-0.06414779465010215,1.0,1.0,294.3614150050035,295.62772789457784,7.32,0.00011985778999967778,0.021416293,0.021764541,1.058794379234314,1.0587595701217651,-0.9602386355400085,-0.960493266582489,0.4045966565608978,0.40349525213241577,-0.13966120779514313,-0.1396174430847168,0.9859634041786194,0.9864875674247742,-0.990574836730957,-0.9901748299598694
Fluid,6250,6250,7.3601208,1.0,1.0,22.001833243780137,21.93765248450279,0.017369265782944857,0.017336360593906065,0.11617468973723764,0.11608832054759813,-0.06411121364277089,-0.06360183064149459,1.0,1.0,291.7176742778927,292.9798794322935,7.36,0.0001207733199999339,0.021357471,0.02137936,1.0586881637573242,1.0586624145507812,-0.9607226848602295,-0.960974931716919,0.40236055850982666,0.40126603841781616,-0.13968977332115173,-0.13956612348556519,0.9864009022712708,0.9869234561920166,-0.9904760122299194,-0.9900689721107483
Fluid,6250,6250,7.4001217,1.0,1.0,22.169242957696916,22.104675620298387,0.01719199688664521,0.01716713767146226,0.1159962152382778,0.11591021031654745,-0.06356565623977047,-0.06305746900863364,1.0,1.0,289.08555231726376,290.34356237064276,7.4,0.00012168883999930102,0.021306382,0.021254,1.0585811138153076,1.0585699081420898,-0.9612037539482117,-0.9614478349685669,0.40013760328292847,0.39902743697166443,-0.13953368365764618,-0.13956668972969055,0.9868415594100952,0.9873561263084412,-0.9903723001480103,-0.9899588823318481
Fluid,6250,6250,7.4401226,1.0,1.0,22.337080959596634,22.27214278963089,0.01701439453676867,0.016997181712512393,0.11582026418951093,0.11573916532516712,-0.06302236084104283,-0.06251671104072826,1.0,1.0,286.46468701430945,287.71839688089074,7.44,0.00012260436999955715,0.021221338,0.020993235,1.0584862232208252,1.0584725141525269,-0.9616864919662476,-0.9619215130805969,0.3978903889656067,0.3968068063259125,-0.13951939344406128,-0.1397133320569992,0.9872741103172302,0.9877886176109314,-0.9902626872062683,-0.9898530840873718
Fluid,6250,6250,7.4801235,1.0,1.0,22.50532139456749,22.43996436252594,0.016839508249499195,0.016830522967564467,0.11565485858200235,0.11556980355100852,-0.06248547939471435,-0.061975223790029996,1.0,1.0,283.85568956192856,285.10524522474225,7.48,0.00012351989999981328,0.021213915,0.02102933,1.0583844184875488,1.0583891868591309,-0.9621641039848328,-0.9623904228210449,0.3956606686115265,0.39457783102989197,-0.13962623476982117,-0.13976475596427917,0.9876960515975952,0.9882179498672485,-0.990147590637207,-0.9897331595420837
Fluid,6250,6250,7.5201244,1.0,1.0,22.673855711460114,22.608127525815963,0.01666765137050301,0.01666005445507122,0.11548867961393669,0.11540497528304929,-0.06195475649140426,-0.0614394031138625,1.0,1.0,281.25873115780075,282.5037875995177,7.52,0.00012443542000006858,0.020836644,0.021124702,1.0582914352416992,1.0582870244979858,-0.962638258934021,-0.9628624320030212,0.39343541860580444,0.3923596739768982,-0.13971075415611267,-0.13982322812080383,0.9881178736686707,0.9886407852172852,-0.9900327324867249,-0.9896119236946106
Fluid,6250,6250,7.5601254,1.0,1.0,22.842804755630493,22.77671552851677,0.016494674538763066,0.016482775707871187,0.1153252275686129,0.11525205307642813,-0.06141934642232139,-0.060910620320523155,1.0,1.0,278.67308979761407,279.91334563454996,7.56,0.0001253509500003247,0.021050405,0.02070444,1.0582005977630615,1.0581883192062378,-0.9631139039993286,-0.9633451700210571,0.39119163155555725,0.3901413083076477,-0.13983309268951416,-0.13993676006793976,0.9885410070419312,0.9890590310096741,-0.9899068474769592,-0.989484429359436
Fluid,6250,6250,7.6001263,1.0,1.0,23.012323313846586,22.945749886627198,0.016327109808172098,0.016309500277338667,0.1151672090618423,0.11509038282042777,-0.06088186910689343,-0.06038292595052859,1.0,1.0,276.0980343223438,277.33385537336284,7.6,0.00012626648000058083,0.020764863,0.020800078,1.05810546875,1.058088779449463,-0.9635838866233826,-0.9638186097145081,0.3889843225479126,0.3879222571849823,-0.13981692492961884,-0.13994543254375458,0.9889651536941528,0.989475429058075,-0.9897688031196594,-0.9893525838851929
Fluid,6250,6250,7.6401272,1.0,1.0,23.182285896720884,23.115176292533874,0.016154829863824417,0.01614084307003861,0.11501326323267771,0.11493807932613635,-0.060346179277760675,-0.05985794350780896,1.0,1.0,273.5342914985465,274.7655330398466,7.64,0.00012718200999994878,0.020716203,0.02052043,1.0580121278762817,1.057989478111267,-0.9640449285507202,-0.9642857909202576,0.3867705762386322,0.38571253418922424,-0.1399432122707367,-0.1400378942489624,0.9893902540206909,0.9898864030838013,-0.9896368980407715,-0.989215075969696
Fluid,6250,6250,7.6801281,1.0,1.0,23.35264345184326,23.28500748506546,0.015983345416635274,0.01597076378481623,0.11486659982513286,0.11479214191134438,-0.05982129919358063,-0.05934129706449108,1.0,1.0,270.9816446297734,272.2081596465151,7.68,0.00012809753000020407,0.020434972,0.020086164,1.0579118728637695,1.0578826665878296,-0.9645180106163025,-0.9647559523582458,0.38457512855529785,0.38351812958717346,-0.13996990025043488,-0.14008304476737976,0.9898099899291992,0.9902924299240112,-0.9895029067993164,-0.9890784025192261
Fluid,6250,6250,7.720129,1.0,1.0,23.52343874397278,23.455242696971894,0.01581555489230319,0.01580082853784057,0.11471465754618053,0.11464403201169335,-0.05930079690492712,-0.058828113986859096,1.0,1.0,268.4401109109354,269.6618031615943,7.72,0.0001290130600004602,0.020129684,0.020216476,1.0578020811080933,1.0577813386917114,-0.9649823307991028,-0.9652182459831238,0.382384330034256,0.38130730390548706,-0.1400817185640335,-0.14015229046344757,0.9902175664901733,0.9906929135322571,-0.9893635511398315,-0.9889364242553711
Fluid,6250,6250,7.7601299,1.0,1.0,23.694575187740327,23.62583153335571,0.01564630092249252,0.015636164917116984,0.11457332793055218,0.11450148179818034,-0.05878903635063441,-0.05831383463781007,1.0,1.0,265.9100017485986,267.1270375691685,7.76,0.00012992858999982815,0.02047603,0.020123977,1.0576952695846558,1.0576744079589844,-0.9654485583305359,-0.9656773209571838,0.38017648458480835,0.37911227345466614,-0.1401577591896057,-0.14020521938800812,0.990615725517273,0.9910926818847656,-0.9892255663871765,-0.9887945055961609
Fluid,6250,6250,7.8001308,1.0,1.0,23.866149067554474,23.79689233875275,0.015485711242635734,0.015469736536012496,0.11443400332195103,0.11436711286468607,-0.058285910773577636,-0.057804755135029535,1.0,1.0,263.3913577640647,264.6035261347562,7.8,0.00013084412000008427,0.019631593,0.020218028,1.0575878620147705,1.0575621128082275,-0.9658999443054199,-0.9661357402801514,0.37799838185310364,0.37692731618881226,-0.14012973010540009,-0.14019733667373657,0.9910053610801697,0.9914907813072205,-0.9890871644020081,-0.988650381565094
Fluid,6250,6250,7.8401318,1.0,1.0,24.03804780641556,23.96832832292557,0.015320541808164561,0.015302238244721666,0.11429540333396639,0.11423181761847286,-0.05779456370003754,-0.05729907420760835,1.0,1.0,260.8840583037989,262.09118478366725,7.84,0.00013175964000033957,0.019485263,0.02019995,1.0574727058410645,1.0574445724487305,-0.9663537740707397,-0.9665923118591309,0.3758118450641632,0.37475135922431946,-0.1402149349451065,-0.14019738137722015,0.991380512714386,0.9918802976608276,-0.9889531135559082,-0.9884961247444153
Fluid,6250,6250,7.8801327,1.0,1.0,24.21036228366852,24.140206662216187,0.015153132080039941,0.015138965582270176,0.11416565547078848,0.1140927440580388,-0.05730900319846114,-0.05679806840959616,1.0,1.0,258.3879998939118,259.5900747284811,7.88,0.00013267516999970752,0.019705795,0.020220991,1.0573502779006958,1.0573307275772095,-0.9668081402778625,-0.9670426249504089,0.37364640831947327,0.37255340814590454,-0.14017130434513092,-0.14026916027069092,0.991757333278656,0.9922630190849304,-0.9888003468513489,-0.988349199295044
Fluid,6250,6250,7.9201336,1.0,1.0,24.38307496564865,24.312469046115876,0.01498434101680643,0.014978281497731805,0.11403474308804376,0.11397240566677413,-0.05681671590262326,-0.056302626181447414,1.0,1.0,255.9033321096788,257.1004151424412,7.92,0.00013359069999996365,0.019594194,0.019168908,1.0572328567504883,1.0572186708450317,-0.9672622680664062,-0.9674822092056274,0.3714706599712372,0.37038883566856384,-0.14028027653694153,-0.14031991362571716,0.9921438694000244,0.9926456212997437,-0.9886454939842224,-0.9881932735443115
Fluid,6250,6250,7.9601345,1.0,1.0,24.55626370792389,24.485247443580626,0.014811796867430676,0.014818848872593372,0.11390816922825528,0.1138422392063681,-0.05631558995314292,-0.055807382717962026,1.0,1.0,253.4302462149594,254.6218018404404,7.96,0.00013450623000021977,0.020254325,0.02003568,1.0571115016937256,1.0571064949035645,-0.9677190780639648,-0.9679175019264221,0.36927810311317444,0.36820662021636963,-0.14026710391044617,-0.14032255113124847,0.9925285577774048,0.9930209517478943,-0.9884892106056213,-0.9880375862121582
Fluid,6250,6250,8.0001354,1.0,1.0,24.729916155509947,24.658493022594453,0.01463366060985485,0.014659221927881008,0.11378455868399717,0.11371662126486567,-0.055820767555194904,-0.05531465111504018,1.0,1.0,250.96844698297423,252.15447360539295,8.0,0.00013542175000047507,0.01982651,0.019455524,1.0569846630096436,1.0569849014282227,-0.9681779146194458,-0.9683494567871094,0.36710643768310547,0.36605384945869446,-0.14029429852962494,-0.1403239220380783,0.992910623550415,0.9933971166610718,-0.9883284568786621,-0.9878780841827393
Fluid,6250,6250,8.0401363,1.0,1.0,24.903966827106476,24.83207940044403,0.014465444506903005,0.014502499408696022,0.11366636153571948,0.11360791004985046,-0.055323648769176795,-0.05482413390072857,1.0,1.0,248.51830312703694,249.69887035096858,8.04,0.0001363372800007312,0.019249199,0.018954383,1.056854009628296,1.0568653345108032,-0.9686225056648254,-0.968774676322937,0.3649430274963379,0.36389288306236267,-0.14028678834438324,-0.1403597891330719,0.9932891130447388,0.9937658309936523,-0.988167405128479,-0.987716794013977
Fluid,6250,6250,8.0801373,1.0,1.0,25.078427151203154,25.00611306344986,0.014298447488126111,0.014339276193857659,0.11354466675450298,0.11348835665133669,-0.054833374304723695,-0.054345237496958,1.0,1.0,246.07947060046837,247.25448617240232,8.08,0.00013725280999921097,0.019968152,0.01882927,1.0567234754562378,1.0567412376403809,-0.9690632224082947,-0.9692017436027527,0.3627619743347168,0.3617258369922638,-0.14036959409713745,-0.14031468331813812,0.9936612844467163,0.9941257238388062,-0.9879939556121826,-0.9875501394271851
Fluid,6250,6250,8.1201382,1.0,1.0,25.253345497894287,25.180668288269043,0.014131798002435535,0.014179852614814881,0.11342689846538823,0.11337640812184341,-0.054355645670478694,-0.05386569026626996,1.0,1.0,243.6521840305185,244.8214139865423,8.12,0.00013816833000035444,0.019061679,0.01938625,1.0565916299819946,1.0566130876541138,-0.96949303150177,-0.9696234464645386,0.3606065809726715,0.35957151651382446,-0.14027342200279236,-0.14027637243270874,0.9940232038497925,0.9944857954978943,-0.9878196716308594,-0.9873795509338379
Fluid,6250,6250,8.1601391,1.0,1.0,25.428914511184693,25.355797116394044,0.013969056514572585,0.014019697167728154,0.11332335600960941,0.11326194059620975,-0.053877988711011134,-0.053387233457842666,1.0,1.0,241.2361647781194,242.3997785460689,8.16,0.00013908386000061057,0.018407492,0.019145716,1.056458592414856,1.0564854145050049,-0.9699174165725708,-0.970038652420044,0.3584693670272827,0.3574222922325134,-0.14033780992031097,-0.1402864307165146,0.9943792223930359,0.9948446154594421,-0.9876413345336914,-0.9872010350227356
Fluid,6250,6250,8.20014,1.0,1.0,25.60502924829483,25.531446666526794,0.013813322130653541,0.013858924248995026,0.11321047293832467,0.11316129685832886,-0.053398825066839344,-0.0529163095744187,1.0,1.0,238.83184574474177,239.98951883083998,8.2,0.0001399993900008667,0.019523125,0.018162059,1.056333303451538,1.0563551187515259,-0.9703266620635986,-0.970443844795227,0.35630616545677185,0.3552701473236084,-0.14032405614852905,-0.14029499888420105,0.9947324991226196,0.9951921701431274,-0.9874768257141113,-0.987025260925293
Fluid,6250,6250,8.2401409,1.0,1.0,25.78181335395813,25.707658698539735,0.013648619433635613,0.013694871759667004,0.11309987030338817,0.11305366229318316,-0.05292418677895039,-0.052447952746258235,1.0,1.0,236.43826860816813,237.59057005420286,8.24,0.00014091491999934647,0.019056404,0.019228196,1.0562000274658203,1.0562188625335693,-0.9707327485084534,-0.9708529710769653,0.3541543781757355,0.3531113564968109,-0.1402754932641983,-0.14027723670005798,0.9950927495956421,0.9955343008041382,-0.9873025417327881,-0.9868459105491638
Fluid,6250,6250,8.2801418,1.0,1.0,25.959041250133513,25.884383493614198,0.013472981384150335,0.013533227333473041,0.1130061873725889,0.11294992294321797,-0.052441752677810725,-0.05198122533738409,1.0,1.0,234.05643658537724,235.20308217172362,8.28,0.00014183044000048994,0.018833835,0.018847128,1.056066632270813,1.0560816526412964,-0.9711534380912781,-0.9712494611740112,0.35197848081588745,0.35096290707588196,-0.14031751453876495,-0.14030781388282776,0.9954478144645691,0.9958792328834534,-0.9871116280555725,-0.9866655468940735
Fluid,6250,6250,8.3201427,1.0,1.0,26.136644612960815,26.061536269111635,0.01329770373129344,0.013367739698444785,0.1129023563894548,0.11285583937707298,-0.0519671666801034,-0.05152313479615201,1.0,1.0,231.68654567350026,232.82762457621104,8.32,0.0001427459699989697,0.018989448,0.018032745,1.0559206008911133,1.0559355020523071,-0.9715617299079895,-0.9716431498527527,0.3498154580593109,0.348825603723526,-0.1402714103460312,-0.14027605950832367,0.9957963824272156,0.9962104558944702,-0.9869282245635986,-0.9864835739135742
Fluid,6250,6250,8.3601437,1.0,1.0,26.31466540477753,26.238978602085112,0.013129772446048446,0.013206958286394364,0.1128022547998192,0.11275796617205255,-0.051500577485685935,-0.051064473196457,1.0,1.0,229.32904502757236,230.4647887271458,8.36,0.0001436615000010022,0.018770967,0.019218208,1.0557807683944702,1.0557936429977417,-0.9719581007957458,-0.9720288515090942,0.3476701080799103,0.3466816842556,-0.14026132225990295,-0.14020510017871857,0.9961400032043457,0.9965417981147766,-0.9867433905601501,-0.9862973093986511
Fluid,6250,6250,8.4001446,1.0,1.0,26.493104391708375,26.416849006004334,0.012966232130752178,0.013045962510207901,0.11270943121316843,0.11265916528684261,-0.051044681084546024,-0.050608160043889655,1.0,1.0,226.98397833389706,228.1143827771953,8.4,0.00014457702999948197,0.01813492,0.018317325,1.0556355714797974,1.055650234222412,-0.9723401069641113,-0.9724026918411255,0.34552332758903503,0.34455594420433044,-0.14029516279697418,-0.14021359384059906,0.9964727759361267,0.9968709349632263,-0.9865527749061584,-0.9861103296279907
Fluid,6250,6250,8.4401455,1.0,1.0,26.671939915199278,26.595163403720857,0.012794534813918871,0.012887323296040995,0.11261244353966206,0.1125759070052339,-0.05058226408396149,-0.05015365465104871,1.0,1.0,224.65181576332367,225.77674143225877,8.44,0.00014549255000062544,0.019080926,0.018018635,1.0554933547973633,1.0555078983306885,-0.9727224707603455,-0.9727678298950195,0.34336942434310913,0.3424208462238312,-0.14023256301879883,-0.14018043875694275,0.9968051314353943,0.9971968531608582,-0.9863615036010742,-0.9859201312065125
Fluid,6250,6250,8.4801464,1.0,1.0,26.851260365524293,26.77387940607071,0.012628783603814081,0.012725769224362448,0.11251767568213167,0.11248638655451824,-0.05012373603661777,-0.04970211405759444,1.0,1.0,222.3324391739568,223.45194850300186,8.48,0.0001464080799991052,0.018471131,0.018660495,1.0553429126739502,1.0553697347640991,-0.9730935096740723,-0.9731307625770569,0.3412511646747589,0.3402843475341797,-0.14025181531906128,-0.14015023410320282,0.9971448183059692,0.9975166916847229,-0.9861538410186768,-0.9857293963432312
Fluid,6250,6250,8.5201473,1.0,1.0,27.031032522583008,26.953080221290588,0.012464451573174155,0.012565069381722714,0.11244134466957999,0.1123950614769884,-0.049669728316098914,-0.04925599151654868,1.0,1.0,220.0260414260407,221.1399753955973,8.52,0.0001473236100011377,0.017830629,0.018334607,1.0552107095718384,1.0552257299423218,-0.973458468914032,-0.9734857678413391,0.3391098082065582,0.33817359805107117,-0.14022280275821686,-0.14010757207870483,0.9974750280380249,0.9978338479995728,-0.9859446883201599,-0.9855323433876038
Fluid,6250,6250,8.5601482,1.0,1.0,27.211281630249022,27.132732189006806,0.01231178128275089,0.012403976632025441,0.11235419648919837,0.11231612426928012,-0.049217902402203764,-0.04880883534903405,1.0,1.0,217.73231954297796,218.84075471630496,8.56,0.00014823913999961746,0.018297883,0.01784368,1.0550726652145386,1.0550836324691772,-0.973798930644989,-0.9738281965255737,0.33698853850364685,0.33604076504707336,-0.14015546441078186,-0.14013126492500305,0.9977890849113464,0.998149573802948,-0.9857463240623474,-0.9853360056877136
Fluid,6250,6250,8.6001492,1.0,1.0,27.391981946544647,27.31286497684479,0.012152687632649614,0.012237901427386096,0.11226402937371982,0.1122301875486644,-0.04875960891254363,-0.04835738723070477,1.0,1.0,215.45162637486973,216.55450039025652,8.6,0.00014915466000076094,0.01807917,0.01840316,1.054929494857788,1.0549380779266357,-0.9741436839103699,-0.9741698503494263,0.3348652720451355,0.33391234278678894,-0.1401914358139038,-0.14007017016410828,0.99811851978302,0.9984673261642456,-0.985540509223938,-0.9851340651512146
Fluid,6250,6250,8.6401501,1.0,1.0,27.573141215114592,27.49340736318588,0.01199235157895484,0.012074623977974989,0.11218938537951093,0.11215390907670225,-0.04830231248242315,-0.047917891899461974,1.0,1.0,213.1843195758643,214.2817789847905,8.64,0.0001500701899992407,0.017896252,0.017515274,1.054782509803772,1.0547940731048584,-0.9744777679443359,-0.9745001196861267,0.33274173736572266,0.3317812979221344,-0.14012031257152557,-0.14007514715194702,0.998439610004425,0.9987733364105225,-0.9853408932685852,-0.9849327206611633
Fluid,6250,6250,8.680151,1.0,1.0,27.754689157886506,27.6743089425087,0.01183223168891971,0.0119084566979995,0.11210727999501163,0.11207199160384712,-0.0478504494845448,-0.04748400655685284,1.0,1.0,210.9308355635231,212.02286467361472,8.68,0.00015098571999949684,0.018340878,0.018278703,1.0546481609344482,1.0546480417251587,-0.9748116731643677,-0.9748303890228271,0.33060041069984436,0.32965877652168274,-0.14010293781757355,-0.14007684588432312,0.9987579584121704,0.999071478843689,-0.9851340055465698,-0.9847303628921509
Fluid,6250,6250,8.7201519,1.0,1.0,27.936685539340974,27.855599305820466,0.011678901751751547,0.011749710041144864,0.11202085001345957,0.11199022231285519,-0.04741478903387877,-0.047048984929123544,1.0,1.0,208.69111954278551,209.77800580285066,8.72,0.00015190124999975296,0.017956767,0.017976006,1.0545040369033813,1.0545077323913574,-0.9751198291778564,-0.975143313407898,0.3285152316093445,0.32756394147872925,-0.14009255170822144,-0.14003969728946686,0.9990532398223877,0.9993733763694763,-0.9849361181259155,-0.9845250248908997
Fluid,6250,6250,8.7601528,1.0,1.0,28.119060028877257,28.037296091957092,0.011525399866974912,0.011591666520442814,0.11196041241616636,0.11192402157049859,-0.046984760846298886,-0.04661827336430608,1.0,1.0,206.46558810378582,207.54726042777293,8.76,0.00015281677000089644,0.017523054,0.017519267,1.054365873336792,1.054368257522583,-0.9754218459129333,-0.9754453301429749,0.32642075419425964,0.32546743750572205,-0.14009441435337067,-0.1399640291929245,0.999352753162384,0.9996659755706787,-0.9847290515899658,-0.984318196773529
Fluid,6250,6250,8.8001537,1.0,1.0,28.3018757579422,28.219465637054444,0.011365636720163748,0.011441695734066889,0.11188480736169965,0.11185224295261956,-0.046554909027414396,-0.04619076591016172,1.0,1.0,204.25439658576363,205.33098134880132,8.8,0.0001537322999993762,0.017942071,0.018065069,1.0542395114898682,1.0542325973510742,-0.9757232069969177,-0.9757319092750549,0.3243309557437897,0.3233993947505951,-0.13997577130794525,-0.13990262150764465,0.9996483325958252,0.9999576807022095,-0.9845228791236877,-0.9841095209121704
Fluid,6250,6250,8.8401546,1.0,1.0,28.48520218477249,28.40214569080353,0.011209255176538717,0.01129066369326727,0.11180505077160284,0.11177267063128202,-0.046117681236367204,-0.04576993212972302,1.0,1.0,202.05756382112,203.12917552933254,8.84,0.00015464782999963234,0.017658396,0.0172113,1.0540997982025146,1.0540976524353027,-0.976018488407135,-0.9760123491287231,0.3222704827785492,0.3213556408882141,-0.13999029994010925,-0.1399155557155609,0.9999446272850037,1.0002391338348389,-0.984303891658783,-0.9839008450508118
Fluid,6250,6250,8.8801556,1.0,1.0,28.668926751441955,28.58530248106003,0.011062190260439237,0.01113428250702098,0.11174424840607913,0.11171415140510726,-0.04569622054437117,-0.04535620478300065,1.0,1.0,199.87574656809102,200.9424662552894,8.88,0.00015556334999899946,0.017041031,0.017178787,1.053978681564331,1.0539660453796387,-0.9762915372848511,-0.9762890934944153,0.3202311396598816,0.3193173110485077,-0.13993459939956665,-0.13986074924468994,1.0002305507659912,1.0005137920379639,-0.9840931296348572,-0.98368901014328
Fluid,6250,6250,8.9201565,1.0,1.0,28.85297056722641,28.76884084461212,0.010908601545157144,0.010982141479069833,0.11167341007145005,0.1116457033551368,-0.04527630134500447,-0.044937993080295856,1.0,1.0,197.70958770425685,198.77140458886888,8.92,0.00015647887999925558,0.017512664,0.017462503,1.0538499355316162,1.0538347959518433,-0.9765645861625671,-0.9765576720237732,0.3182198107242584,0.3173432946205139,-0.1399175077676773,-0.13982997834682465,1.0005096197128296,1.000791311264038,-0.9838765263557434,-0.9834751486778259
Fluid,6250,6250,8.9601574,1.0,1.0,29.037325088825227,28.952709612731933,0.010759733032260556,0.010831707412703544,0.11160391571854357,0.11157406985741807,-0.04486665875988547,-0.0445238697929075,1.0,1.0,195.55948767199214,196.61642694979406,8.96,0.0001573944099995117,0.0170426,0.016981255,1.053728461265564,1.053708791732788,-0.9768286943435669,-0.9768151640892029,0.3162780702114105,0.315398633480072,-0.13983754813671112,-0.13970330357551575,1.0007778406143188,1.0010631084442139,-0.9836686253547668,-0.9832592010498047
Fluid,6250,6250,9.0001583,1.0,1.0,29.222088210392,29.136939255981446,0.010608109848174499,0.010685908468706765,0.11154786615070479,0.11152209155532065,-0.04445967045239988,-0.04411941770403413,1.0,1.0,193.4253207223115,194.4775743764057,9.0,0.00015830993999976783,0.01639573,0.016574476,1.0536046028137207,1.0535805225372314,-0.9770873188972473,-0.977061927318573,0.31435802578926086,0.3135150969028473,-0.13982398808002472,-0.13976269960403442,1.0010429620742798,1.0013266801834106,-0.9834486842155457,-0.9830427169799805
Fluid,6250,6250,9.0401592,1.0,1.0,29.40726673069,29.321509617538453,0.010462533843008569,0.010540827065581689,0.11149215825386578,0.11145653360237717,-0.04405479475464439,-0.043713011442263375,1.0,1.0,191.30755588522084,192.35512161759547,9.04,0.0001592254600009113,0.016167535,0.016946984,1.0534683465957642,1.0534627437591553,-0.977333128452301,-0.977299690246582,0.3124982416629791,0.3116549253463745,-0.13977061212062836,-0.139639213681221,1.001312494277954,1.0015904903411865,-0.9832351207733154,-0.9828258156776428
Fluid,6250,6250,9.0801601,1.0,1.0,29.59276320585251,29.506496821231842,0.010322443534393096,0.010397563569124323,0.11142324580841464,0.11139030701349256,-0.04364734064714401,-0.0433149100986108,1.0,1.0,189.20661487941922,190.24938141037052,9.08,0.00016014098999939108,0.017235499,0.016793065,1.0533456802368164,1.0533474683761597,-0.9775699377059937,-0.9775289297103882,0.3106633722782135,0.30986061692237854,-0.13974493741989136,-0.13957332074642181,1.0015708208084106,1.0018447637557983,-0.9830099940299988,-0.9826059937477112
Fluid,6250,6250,9.1201611,1.0,1.0,29.77855895547867,29.691839225463866,0.010184121008282237,0.010255103871917817,0.11135990387774714,0.11134527018751192,-0.04325412750854972,-0.04291151875020005,1.0,1.0,187.1228736768283,188.16088970586893,9.12,0.00016105652000142356,0.016790355,0.016699975,1.0532416105270386,1.0532306432724,-0.9777994155883789,-0.9777559041976929,0.3088887631893158,0.30809950828552246,-0.13968387246131897,-0.13950033485889435,1.0018230676651,1.0021026134490967,-0.9827910661697388,-0.9823834896087646
Fluid,6250,6250,9.160162,1.0,1.0,29.96458817768097,29.877364806709288,0.010037965145388152,0.0101135643597506,0.11130930641263229,0.11128533418398973,-0.042857860089899044,-0.0425182586912869,1.0,1.0,185.05669315629237,186.08989638331644,9.16,0.00016197204999990333,0.016331397,0.01689717,1.0531278848648071,1.0531270503997803,-0.9780224561691284,-0.9779707193374634,0.30716773867607117,0.3063942790031433,-0.13965289294719696,-0.1394619196653366,1.0020674467086792,1.0023491382598877,-0.9825671315193176,-0.9821625351905823
Fluid,6250,6250,9.2001629,1.0,1.0,30.150883175544738,30.06320482154846,0.009895874968618155,0.009976270803229418,0.1112503900656727,0.11122356373903589,-0.042452834449246295,-0.04212988001137506,1.0,1.0,183.00806444269278,184.036391156931,9.2,0.0001628875700010468,0.016952105,0.016470274,1.05302095413208,1.0530152320861816,-0.9782460927963257,-0.9781805276870728,0.3054743707180023,0.3047572374343872,-0.13959161937236786,-0.1394248902797699,1.0023212432861328,1.0025944709777832,-0.9823295474052429,-0.9819394946098328
Fluid,6250,6250,9.2401638,1.0,1.0,30.337459555397032,30.249340051002502,0.009744621140188538,0.009842760973361146,0.11118981833310157,0.11117999270844346,-0.04205768570376444,-0.04174004580952766,1.0,1.0,180.97722614308083,182.00077863961545,9.24,0.00016380309999952658,0.016786426,0.016062567,1.0528959035873413,1.0529013872146606,-0.9784723520278931,-0.9783838391304016,0.3038315176963806,0.3031509220600128,-0.13954110443592072,-0.13944484293460846,1.0025681257247925,1.0028361082077026,-0.9821012616157532,-0.9817140698432922
Fluid,6250,6250,9.2801647,1.0,1.0,30.524336542549133,30.4357544515419,0.009603568275014403,0.009710272473119548,0.11114741857583402,0.11112396587701048,-0.041669664388438686,-0.04134817448232323,1.0,1.0,178.9642145375975,179.9831869575485,9.28,0.0001647186299997827,0.016134294,0.01655302,1.052772879600525,1.0527911186218262,-0.9786766767501831,-0.9785776138305664,0.30226925015449524,0.3015930950641632,-0.13948160409927368,-0.1393749862909317,1.002811312675476,1.003078818321228,-0.9818741083145142,-0.9814876317977905
Fluid,6250,6250,9.3201656,1.0,1.0,30.711492755775453,30.622394462070464,0.00947272902338067,0.009580260470375943,0.11109265464022755,0.11106190653606551,-0.04127516252259142,-0.04096581413865555,1.0,1.0,176.96904093953674,177.98343359195846,9.32,0.00016563416000003883,0.01671547,0.016123084,1.052657961845398,1.0526766777038574,-0.9788740277290344,-0.9787662625312805,0.30073755979537964,0.30007484555244446,-0.13941419124603271,-0.1392979919910431,1.0030536651611328,1.0033138990402222,-0.981641948223114,-0.9812608361244202
Fluid,6250,6250,9.3601665,1.0,1.0,30.89886342000961,30.809221665096285,0.009344928087917505,0.009449562244839034,0.11103827229290153,0.1110246239845414,-0.04089022167776013,-0.04058901074387948,1.0,1.0,174.9917613588567,176.00171878355943,9.36,0.0001665496800011823,0.016091978,0.016016133,1.0525472164154053,1.0525633096694946,-0.9790592193603516,-0.9789484739303589,0.2992611527442932,0.29860979318618774,-0.13941970467567444,-0.1392413079738617,1.003288745880127,1.0035415887832642,-0.9814065098762512,-0.9810343980789185
Fluid,6250,6250,9.4001675,1.0,1.0,31.086489014320374,30.99621684530258,0.009217917674225754,0.009315063813466112,0.11099263019769685,0.11097341494090855,-0.04050675194190349,-0.04021593409399211,1.0,1.0,173.0327075818639,174.03827667708484,9.4,0.00016746520999966208,0.015711643,0.016636731,1.0524213314056396,1.0524356365203857,-0.9793167114257812,-0.9793106913566589,0.29781484603881836,0.29717934131622314,-0.13931670784950256,-0.13921888172626495,1.0035172700881958,1.0037660598754883,-0.9811792969703674,-0.9808094501495361
Fluid,6250,6250,9.4401684,1.0,1.0,31.274327130470276,31.18334244098663,0.00909631496795686,0.009184533190061338,0.11094031199309218,0.11092123305888556,-0.04012670645760605,-0.03984523114366064,1.0,1.0,171.0919450580291,172.09327274057787,9.44,0.0001683807399999182,0.016569998,0.015959293,1.0523169040679932,1.0523024797439575,-0.979787290096283,-0.9797963500022888,0.29639169573783875,0.29581212997436523,-0.13931891322135925,-0.1391839236021042,1.0037482976913452,1.0039887428283691,-0.9809551239013672,-0.9805803894996643
Fluid,6250,6250,9.4801693,1.0,1.0,31.462335189971924,31.370629625434876,0.008978269287927542,0.009062027605993207,0.11089026322432226,0.11086766192980693,-0.03974751098273337,-0.039476646055991875,1.0,1.0,169.16957409245572,170.1666212933399,9.48,0.00016929625999928533,0.016406044,0.015916077,1.05220627784729,1.0521773099899292,-0.9802433252334595,-0.9802640676498413,0.2950335741043091,0.2944723069667816,-0.13922962546348572,-0.13904114067554474,1.0039658546447754,1.004203200340271,-0.9807249903678894,-0.9803550243377686
Fluid,6250,6250,9.5201702,1.0,1.0,31.650637891197203,31.558233560028075,0.008874084520833566,0.008945869058375246,0.1108388698187322,0.11083253227234673,-0.039386332297914196,-0.039113364180896094,1.0,1.0,167.2653635269498,168.25802825201177,9.52,0.00017021178999954145,0.015771441,0.0151744895,1.0520943403244019,1.0520561933517456,-0.9806797504425049,-0.9807125926017761,0.29372820258140564,0.2931751608848572,-0.1391642838716507,-0.13903208076953888,1.0041797161102295,1.004414439201355,-0.980500340461731,-0.9801309704780579
Fluid,6250,6250,9.5601711,1.0,1.0,31.839242743797303,31.74606153678894,0.008774597862046212,0.008837906868350691,0.11080476046366647,0.11078462384042556,-0.039023718120509296,-0.038756774295012,1.0,1.0,165.37924788972072,166.3675867476425,9.56,0.00017112731999979758,0.015233881,0.01590929,1.051985740661621,1.051942229270935,-0.9810925722122192,-0.9811394810676575,0.29245176911354065,0.2919015884399414,-0.1390804648399353,-0.1389620453119278,1.0043816566467285,1.0046169757843018,-0.980267345905304,-0.9799045324325562
Fluid,6250,6250,9.600172,1.0,1.0,32.02802971069336,31.93400711818695,0.008664851093934849,0.008734198678437824,0.11075802615530876,0.11073589738886827,-0.03867153928989777,-0.038406322326817316,1.0,1.0,163.51134405271094,164.49546504697432,9.6,0.0001720428500000537,0.016167222,0.015514259,1.0518720149993896,1.0518282651901245,-0.9815152287483215,-0.9815489053726196,0.2911972999572754,0.290678471326828,-0.13911019265651703,-0.138873890042305,1.0045833587646484,1.0048185586929321,-0.9800398349761963,-0.979679524898529
Fluid,6250,6250,9.640173,1.0,1.0,32.216956391792294,32.122139129753116,0.008547782025211491,0.008628925701599802,0.11070826015880564,0.11070127728471649,-0.03831212798161665,-0.03805741370650241,1.0,1.0,161.66141355288005,162.64145014724699,9.64,0.00017295836999942082,0.015842613,0.0149297975,1.0517406463623047,1.0517123937606812,-0.9819299578666687,-0.9819490313529968,0.2899869978427887,0.2894974648952484,-0.13894832134246826,-0.1388290524482727,1.0047975778579712,1.0050116777420044,-0.9798158407211304,-0.979456901550293
Fluid,6250,6250,9.6801739,1.0,1.0,32.40601685894013,32.310486304969785,0.008433083486279939,0.00852491507902043,0.11068196991727804,0.11065478415296268,-0.03794859908156097,-0.037706929939275144,1.0,1.0,159.82967390669185,160.80554498697396,9.68,0.00017387389999967695,0.01581851,0.01575479,1.051614761352539,1.0515997409820557,-0.9823304414749146,-0.9823395013809204,0.28882837295532227,0.28833070397377014,-0.13894373178482056,-0.13875532150268555,1.0050073862075806,1.0052074193954468,-0.9795794486999512,-0.9792343974113464
Fluid,6250,6250,9.7201748,1.0,1.0,32.59523120441437,32.498959935302736,0.008325235963107552,0.008414907352003502,0.11062557316593186,0.11060888255450409,-0.03759634004623978,-0.03736695527369273,1.0,1.0,158.01580412735612,158.98768342554908,9.72,0.00017478942999993308,0.015507943,0.014989613,1.051496982574463,1.051480770111084,-0.9827125072479248,-0.9827223420143127,0.28766363859176636,0.2872016429901123,-0.13882245123386383,-0.1387360692024231,1.005205512046814,1.0053945779800415,-0.9793520569801331,-0.9790146946907043
Fluid,6250,6250,9.7601757,1.0,1.0,32.78455874202728,32.687559070625305,0.008227716289423407,0.00830589563937392,0.11061661685053754,0.11057515905498003,-0.03724547411679174,-0.03703264106043615,1.0,1.0,156.21997764228612,157.18771048224556,9.76,0.0001757049600001892,0.014796928,0.014753984,1.0513873100280762,1.0513652563095093,-0.9830731153488159,-0.9830977320671082,0.2865794897079468,0.286078542470932,-0.13876961171627045,-0.1386082023382187,1.0053932666778564,1.0055757761001587,-0.9791284203529358,-0.9787973761558533
Fluid,6250,6250,9.8001766,1.0,1.0,32.97401547870636,32.8762798746109,0.008129153196993285,0.008197444070825587,0.11055578148884466,0.11053508277396905,-0.03690110621538479,-0.03669733722737757,1.0,1.0,154.44199356799749,155.40560220630337,9.8,0.00017662047999955632,0.01583844,0.015393108,1.0512768030166626,1.051252007484436,-0.983424186706543,-0.983466625213623,0.28545767068862915,0.28498154878616333,-0.13876236975193024,-0.1385817676782608,1.0055783987045288,1.0057568550109863,-0.9789106845855713,-0.9785825610160828
Fluid,6250,6250,9.8401775,1.0,1.0,33.163678237228396,33.065233460502625,0.008034406847250647,0.008094850547532551,0.11050318943942664,0.11049017502694755,-0.03656116992251482,-0.03636022987504839,1.0,1.0,152.68178984100797,153.640967984252,9.84,0.00017753600999981245,0.014955864,0.014929934,1.0511822700500488,1.0511474609375,-0.9837601184844971,-0.9838076829910278,0.2843732535839081,0.28392863273620605,-0.138719841837883,-0.13850589096546173,1.0057597160339355,1.0059396028518677,-0.9786961674690247,-0.9783682227134705
Fluid,6250,6250,9.8801785,1.0,1.0,33.35355766513825,33.25430306324005,0.007940365085641388,0.007995747654356528,0.11046671564940712,0.11046021017023683,-0.036228929773659914,-0.036028555444515074,1.0,1.0,150.93900261599896,151.89401387109302,9.88,0.00017845154000006858,0.015003042,0.014414438,1.0510715246200562,1.0510388612747192,-0.9840856790542603,-0.9841436147689819,0.28335800766944885,0.2829228341579437,-0.13862448930740356,-0.13840724527835846,1.0059361457824707,1.0061160326004028,-0.9784788489341736,-0.978157103061676
Fluid,6250,6250,9.9201794,1.0,1.0,33.54364714122772,33.44363984981537,0.007846869268124574,0.007889142153083813,0.110439308365779,0.11041486067609396,-0.03590714043989545,-0.03570830812516797,1.0,1.0,149.21363261842816,150.16429572897957,9.92,0.0001793670700003247,0.015396856,0.014275083,1.0509672164916992,1.0509212017059326,-0.9844018220901489,-0.9844807982444763,0.2823815941810608,0.28192541003227234,-0.1385262906551361,-0.1384262591600418,1.0061014890670776,1.006281852722168,-0.9782688617706299,-0.9779466986656189
Fluid,6250,6250,9.9601803,1.0,1.0,33.733909713020324,33.63315984710693,0.007753397696220782,0.007785562031487934,0.11038923624189455,0.11037661100892758,-0.0355815022909001,-0.03538813192951027,1.0,1.0,147.5055036679876,148.4517038733233,9.96,0.00018028258999969182,0.015276472,0.015216399,1.0508729219436646,1.0508118867874146,-0.9847135543823242,-0.9848040342330933,0.2813602387905121,0.28094109892845154,-0.1384696513414383,-0.13830995559692383,1.0062708854675293,1.0064481496810913,-0.9780575633049011,-0.9777405261993408
Fluid,6250,6250,10.0001812,1.0,1.0,33.924284620437625,33.82279020202637,0.007657053842918831,0.007681400353187928,0.1103642442765471,0.11035297495612409,-0.03525593896864273,-0.03506419359628198,1.0,1.0,145.81458961129303,146.7562870847618,10.0,0.0001811980999999463,0.014898672,0.01539103,1.0507757663726807,1.0507055521011353,-0.9850155711174011,-0.9851183295249939,0.28041142225265503,0.2800034284591675,-0.1384255439043045,-0.13828030228614807,1.0064269304275513,1.0066193342208862,-0.9778456687927246,-0.9775335192680359
