body,n_cpp,n_taichi,t,T_finite_fraction_cpp,T_finite_fraction_taichi,T_mean_cpp,T_mean_taichi,com_x_cpp,com_x_taichi,com_y_cpp,com_y_taichi,com_z_cpp,com_z_taichi,nu_finite_fraction_cpp,nu_finite_fraction_taichi,nu_mean_cpp,nu_mean_taichi,t_taichi,time_error,v_mean_cpp,v_mean_taichi,x_max_cpp,x_max_taichi,x_min_cpp,x_min_taichi,y_max_cpp,y_max_taichi,y_min_cpp,y_min_taichi,z_max_cpp,z_max_taichi,z_min_cpp,z_min_taichi
Fluid,6250,6250,0.0,1.0,1.0,0.0,0.0,-0.025043200384378433,-0.025043200384378433,0.8237376055943966,0.8237376055943966,-0.05598880027294159,-0.05598880027294159,1.0,1.0,0.0,1000.0,0.0,0.0,0.0,0.0,0.9800000190734863,0.9800000190734863,-0.9800000190734863,-0.9800000190734863,1.6100000143051147,1.6100000143051147,0.07000000029802322,0.07000000029802322,0.9100000262260437,0.9100000262260437,-0.9100000262260437,-0.9100000262260437
Fluid,6250,6250,0.045,1.0,1.0,0.021626820792081475,0.01916159954866715,-0.025043200384378433,-0.02504320038654274,0.8127013357579708,0.8149086079651118,-0.05598880027294159,-0.055988800277702755,1.0,1.0,997.8761499707032,998.1146934277343,0.04,0.004999994337599997,0.4414501,0.3924,0.9800000190734863,0.9800000190734863,-0.9800000190734863,-0.9800000190734863,1.598963737487793,1.6011710166931152,0.058963753283023834,0.061170998960733414,0.9100000262260437,0.9100000262260437,-0.9100000262260437,-0.9100000262260437
Fluid,6250,6250,0.08,1.0,1.0,0.038448909861876455,0.03832319908844046,-0.02504333615284908,-0.02504365478134565,0.7903839232379198,0.7903841815263033,-0.0559889717322259,-0.05598941370816859,1.0,1.0,996.272379296875,996.2848009960937,0.08,-1.7881000013986181e-09,0.78473085,0.78464425,0.9800000190734863,0.9800000190734863,-0.9800000190734863,-0.9800000190734863,1.5766465663909912,1.5766465663909912,0.03664587810635567,0.03664547950029373,0.9100000262260437,0.9099994897842407,-0.9100000262260437,-0.9100000262260437
Fluid,6250,6250,0.12,1.0,1.0,0.057696877874230355,0.05748479904792872,-0.025090041035495305,-0.025081420304903002,0.750371314311102,0.7502918508463167,-0.0560769842836955,-0.05605799054131675,1.0,1.0,994.481321484375,994.5021802050782,0.12,1.9670000003801924e-08,1.1624762,1.1659675,0.9799994826316833,0.979997456073761,-0.9800004959106445,-0.9800018668174744,1.5365819931030273,1.5365662574768066,-0.00357707217335701,-0.003552734386175871,0.9099112749099731,0.9099120497703552,-0.9100704193115234,-0.9100584387779236
Fluid,6250,6250,0.165,1.0,1.0,0.08036187944826793,0.07697439923734355,-0.02549302755531469,-0.02531416326156097,0.6893837876455485,0.6957851790593564,-0.057133031596778454,-0.05666281150085286,1.0,1.0,992.4138327246094,992.7276669238281,0.16,0.004999976753999991,1.4807475,1.485407,0.979892373085022,0.9799123406410217,-0.9800675511360168,-0.9800695180892944,1.476458191871643,1.4823449850082397,-0.06626015156507492,-0.05876661092042923,0.9097500443458557,0.9095137715339661,-0.9117507934570312,-0.910835862159729
Fluid,6250,6250,0.2049999,1.0,1.0,0.10475623264357074,0.09864399885511627,-0.026540602742340415,-0.02587521788761449,0.6296701316228509,0.6320369356459938,-0.06076813863723073,-0.059017494711481995,1.0,1.0,990.1952838476562,990.7741728515625,0.2,0.004999938606999987,1.4536378,1.5867225,0.9790595769882202,0.9794455766677856,-0.9807305335998535,-0.9804970622062683,1.4225785732269287,1.4210014343261719,-0.12593889236450195,-0.12348826229572296,0.9089138507843018,0.9077828526496887,-0.9182604551315308,-0.9144611358642578
Fluid,6250,6250,0.2449999,1.0,1.0,0.1359368154903649,0.12522719819352351,-0.027856877899527316,-0.026394475191265518,0.5804633826735616,0.5712925869713351,-0.06916216641105478,-0.0648548194956762,1.0,1.0,987.3561367773437,988.3816790625,0.24,0.004999900460000012,1.1368675,1.3790315,0.9770010113716125,0.9787519574165344,-0.9826949834823608,-0.9812990427017212,1.3793057203292847,1.3643527030944824,-0.1598922610282898,-0.15889570116996765,0.9081684947013855,0.9123464226722717,-0.9304167628288269,-0.9231706261634827
Fluid,6250,6250,0.2849999,1.0,1.0,0.17429407249671364,0.1584863975732057,-0.0275610256145522,-0.025524888962029254,0.5475641029442381,0.5234893403380922,-0.08315736243100837,-0.07500456898267177,1.0,1.0,983.8867178417969,985.3987766699219,0.28,0.00499987721399997,0.8463829,1.0888617,0.9776738286018372,0.9801545739173889,-0.9827930927276611,-0.9806857109069824,1.3470702171325684,1.3177224397659302,-0.15562409162521362,-0.1501750349998474,0.9079708456993103,0.9171289205551147,-0.9473089575767517,-0.9368836283683777
Fluid,6250,6250,0.3249998,1.0,1.0,0.21689502212640743,0.19704959717576406,-0.024302795894355512,-0.021928686038448213,0.5256813357574074,0.4887534718317742,-0.10027242175537161,-0.08867564084102501,1.0,1.0,980.094096328125,981.9889487109375,0.32,0.004999839066999967,0.69677514,0.8685996,0.9835069179534912,0.9860365390777588,-0.9788965582847595,-0.9767294526100159,1.3205370903015137,1.279211163520813,-0.15155881643295288,-0.14665308594703674,0.903369665145874,0.9170898199081421,-0.9652384519577026,-0.9528573155403137
Fluid,6250,6250,0.3649998,1.0,1.0,0.2628708262448812,0.23928719672462576,-0.01832138573714532,-0.015515974074960687,0.5081131991898269,0.46282994503932773,-0.11629967231589369,-0.10342832810789464,1.0,1.0,976.0733062988281,978.3219886523437,0.36,0.004999800920000019,0.6216555,0.73881614,0.9940446615219116,0.9965611696243286,-0.9719129800796509,-0.9690691232681274,1.2949764728546143,1.245291829109192,-0.14857378602027893,-0.14159929752349854,0.8984909057617188,0.9141840934753418,-0.9810714721679688,-0.9684441685676575
Fluid,6250,6250,0.4049998,1.0,1.0,0.31186576206301836,0.28579759580831093,-0.01061593308360083,-0.007243041365859026,0.49232611037201246,0.44202303652829256,-0.12963083538799547,-0.11748216669813613,1.0,1.0,971.8553349023438,974.3469640234375,0.4,0.004999762773999994,0.5608323,0.6537361,1.007074236869812,1.009968876838684,-0.9630758166313171,-0.9587801694869995,1.2696359157562256,1.213814616203308,-0.150701105594635,-0.1398836225271225,0.8949222564697266,0.9100112915039062,-0.9940296411514282,-0.9825725555419922
Fluid,6250,6250,0.4449997,1.0,1.0,0.36441160338999834,0.3358863940627042,-0.0024202146176752286,0.0018079045406973456,0.4779062780709984,0.42440553492162375,-0.140279600762669,-0.12987923974142904,1.0,1.0,967.3900574609376,970.1380730859375,0.44,0.004999724626999991,0.49749157,0.5804934,1.0201992988586426,1.0242743492126465,-0.9535325169563293,-0.9473850131034851,1.245431661605835,1.1842122077941895,-0.1486646980047226,-0.14049850404262543,0.8921172022819519,0.9056723117828369,-1.0043127536773682,-0.9943059086799622
Fluid,6250,6250,0.4849997,1.0,1.0,0.41947802082675856,0.3895119930533692,0.005222416285918443,0.01065168241996289,0.46499323130575826,0.4090593506959861,-0.14858269580738154,-0.14017579213956138,1.0,1.0,962.785866953125,965.708245546875,0.48,0.004999686480000043,0.42558724,0.506019,1.0318597555160522,1.0378845930099487,-0.9443598389625549,-0.9361545443534851,1.2234021425247192,1.1566051244735718,-0.1463889181613922,-0.1407681703567505,0.8899781703948975,0.9018495678901672,-1.01224946975708,-1.0039827823638916
Fluid,6250,6250,0.5249997,1.0,1.0,0.4766917768755871,0.4460271920126967,0.01162491572436411,0.0186722820788424,0.4535323680416681,0.3955872141242964,-0.1548324565444584,-0.14825851687652072,1.0,1.0,958.082495625,961.1232015527344,0.52,0.0049996781350000186,0.35804275,0.4318632,1.0413213968276978,1.0499120950698853,-0.9364328384399414,-0.9258723855018616,1.2039419412612915,1.1313064098358154,-0.14451928436756134,-0.14069516956806183,0.8884075880050659,0.8988659381866455,-1.018196940422058,-1.0113331079483032
Fluid,6250,6250,0.5649996,1.0,1.0,0.536187434877015,0.5054351901659561,0.016629751578595024,0.02552691640469013,0.44320153739200907,0.38365588396241396,-0.15938873365343548,-0.1543107967602549,1.0,1.0,953.274847109375,956.3889011865234,0.56,0.004999639987999904,0.3059307,0.36504853,1.0486125946044922,1.0599678754806519,-0.9300188422203064,-0.916961133480072,1.1867562532424927,1.1085141897201538,-0.14287789165973663,-0.1407688856124878,0.8873512744903564,0.896733820438385,-1.0225483179092407,-1.0166409015655518
Fluid,6250,6250,0.6049996,1.0,1.0,0.5973042727680589,0.5667975866581714,0.020467661800924106,0.031115266855431256,0.4337126272350317,0.37303690103948,-0.16269736832033377,-0.1585851855748595,1.0,1.0,948.4321363134766,951.5994246582031,0.6,0.004999601841000012,0.27048683,0.30769274,1.0542144775390625,1.0680347681045532,-0.9249491691589355,-0.9095495939254761,1.1712448596954346,1.0882071256637573,-0.1422376185655594,-0.14147210121154785,0.8867144584655762,0.8953914642333984,-1.0257396697998047,-1.02028226852417
Fluid,6250,6250,0.6449996,1.0,1.0,0.6599391765817564,0.6296135862293295,0.023471272635645,0.035498957111326675,0.42486831454390894,0.363512443213216,-0.16512545284075664,-0.16140969998904503,1.0,1.0,943.5579956835937,946.7967289892578,0.64,0.004999563694000009,0.2460959,0.2622325,1.0586243867874146,1.0743242502212524,-0.9209107160568237,-0.9035862684249878,1.156954288482666,1.0702189207077026,-0.14256973564624786,-0.14164000749588013,0.886400580406189,0.8947638273239136,-1.0281198024749756,-1.0236707925796509
Fluid,6250,6250,0.6849995,1.0,1.0,0.7240772251077648,0.6941007815077961,0.025932930128878217,0.038870154621253025,0.416521166304769,0.3548876568053059,-0.16695454497158993,-0.1631548987884024,1.0,1.0,938.659443959961,941.9624660351562,0.68,0.0049995255470000055,0.22927086,0.22879258,1.0622575283050537,1.0791759490966797,-0.9175517559051514,-0.8988345265388489,1.1435307264328003,1.0541930198669434,-0.14286352694034576,-0.1415819674730301,0.8863243460655212,0.8946878910064697,-1.029883623123169,-1.0268011093139648
Fluid,6250,6250,0.7249995,1.0,1.0,0.7896919879479384,0.7598967784096387,0.028033103637434543,0.0414529543658864,0.40858124308168886,0.3469851673704415,-0.16839155316112098,-0.1641388279473537,1.0,1.0,933.7377162792968,937.132064008789,0.72,0.004999487400000002,0.21667202,0.20472708,1.0653759241104126,1.082935094833374,-0.9146614670753479,-0.8950535655021667,1.1307439804077148,1.0397228002548218,-0.14306065440177917,-0.14129158854484558,0.8864116072654724,0.895010232925415,-1.0312213897705078,-1.0295240879058838
Fluid,6250,6250,0.7649994,1.0,1.0,0.8564798437189834,0.8272647742168661,0.029885588523118057,0.0434372302170773,0.40097799567932263,0.3396712574485969,-0.16955497061339905,-0.16458741897375323,1.0,1.0,928.8183890234375,932.2804907226563,0.76,0.004999449252999999,0.20653205,0.18715958,1.0681391954421997,1.0858761072158813,-0.9121052026748657,-0.8920196890830994,1.1184566020965576,1.0264612436294556,-0.14309868216514587,-0.14105720818042755,0.886607825756073,0.8956522345542908,-1.0322641134262085,-1.0299495458602905
Fluid,6250,6250,0.8049994,1.0,1.0,0.9244387876210198,0.8959951714403717,0.03154508171047317,0.04500276373661822,0.39368537088102196,0.33282958369833765,-0.1705017805371154,-0.16467381019078428,1.0,1.0,923.900910078125,927.4297224560547,0.8,0.004999411105999996,0.19765191,0.17404312,1.0706239938735962,1.0882432460784912,-0.9098086357116699,-0.889522135257721,1.1066093444824219,1.0141336917877197,-0.14296266436576843,-0.14118343591690063,0.8868904709815979,0.8965517282485962,-1.0330864191055298,-1.0308164358139038
Fluid,6250,6250,0.8449994,1.0,1.0,0.9935693620828208,0.9659967672438263,0.03304728832447436,0.046245956278398954,0.3866805600743555,0.3263869167771819,-0.17127933420690708,-0.16450376638255593,1.0,1.0,918.9820462548828,922.5808370605469,0.84,0.0049993729589999925,0.18922469,0.16333969,1.0728843212127686,1.0901710987091064,-0.9077296257019043,-0.8874408602714539,1.095162034034729,1.0025492906570435,-0.14269007742404938,-0.14112171530723572,0.8873400688171387,0.8976110219955444,-1.0337481498718262,-1.031308650970459
Fluid,6250,6250,0.8849993,1.0,1.0,1.0639303881704014,1.0372639643429404,0.03440230368353659,0.047244607711264396,0.3799452670311072,0.3202928146683448,-0.1718999854944693,-0.1641584869569674,1.0,1.0,914.0587153466797,917.73203078125,0.88,0.004999334811999989,0.1819759,0.15450743,1.0749282836914062,1.0917662382125854,-0.9058516621589661,-0.8856806755065918,1.0841104984283447,0.9915598630905151,-0.1423066258430481,-0.14091308414936066,0.8879795670509338,0.8992245197296143,-1.0342373847961426,-1.033221960067749
Fluid,6250,6250,0.9249993,1.0,1.0,1.1353793541722283,1.1096319620220438,0.03562166904011916,0.04805252969609108,0.37343272923641607,0.3144988261069916,-0.17238470186010002,-0.1637068336064514,1.0,1.0,909.1394844433594,912.8914364355469,0.92,0.004999296664999986,0.17616254,0.14680943,1.0767797231674194,1.0931062698364258,-0.9041323661804199,-0.8841723203659058,1.0733774900436401,0.9810514450073242,-0.1418561190366745,-0.14071089029312134,0.8886885046958923,0.9011764526367188,-1.0345741510391235,-1.0326573848724365
Fluid,6250,6250,0.9649993,1.0,1.0,1.2078895204713458,1.183467159089638,0.03673837584173307,0.04869923998475919,0.3671189180255681,0.3089715216390716,-0.17277281309796963,-0.1631791344758088,1.0,1.0,904.2216099121093,908.0390939257812,0.96,0.004999258517999983,0.17049886,0.14019123,1.0784876346588135,1.0942258834838867,-0.9025366902351379,-0.8828809857368469,1.0629093647003174,0.9709665179252625,-0.1419173926115036,-0.1405019760131836,0.8894485235214233,0.903117835521698,-1.034803867340088,-1.0319567918777466
Fluid,6250,6250,1.0049993,1.0,1.0,1.2814567316305485,1.2585239561397468,0.0377538786352519,0.04922231909893104,0.3610238666151231,0.30368087354123824,-0.17306795013576282,-0.16258750267475144,1.0,1.0,899.3003514501953,903.1893996777344,1.0,0.004999279980000049,0.16448039,0.13457271,1.080062747001648,1.0951613187789917,-0.901075541973114,-0.8817652463912964,1.0527540445327759,0.961243748664856,-0.14251813292503357,-0.14028145372867584,0.8898799419403076,0.90460604429245,-1.0349410772323608,-1.0311590433120728
Fluid,6250,6250,1.0449992,1.0,1.0,1.3560261065275463,1.3345887520329405,0.03866654677703045,0.04964557052373537,0.35513366720561057,0.2986000789762157,-0.17327025459750323,-0.16194390804873227,1.0,1.0,894.3852011181641,898.3560588452149,1.04,0.004999241830000001,0.15887448,0.12968495,1.0815088748931885,1.0959503650665283,-0.8997429013252258,-0.8817854523658752,1.0428974628448486,0.9518275856971741,-0.1427154541015625,-0.14025892317295074,0.8897041082382202,0.9060366153717041,-1.0349918603897095,-1.0303155183792114
Fluid,6250,6250,1.0849992,1.0,1.0,1.4317630026374542,1.4119391463874118,0.03947944060896756,0.0499861664029854,0.34944290247181664,0.2937163848280022,-0.17338699032893404,-0.16125125357878045,1.0,1.0,889.4639845849609,893.5185840844726,1.08,0.004999203679999953,0.15373145,0.12521194,1.0828361511230469,1.0966229438781738,-0.8985320329666138,-0.8818711042404175,1.0333253145217896,0.9426900744438171,-0.14276088774204254,-0.14030621945858002,0.889554500579834,0.9074186086654663,-1.0353296995162964,-1.0294567346572876
Fluid,6250,6250,1.1249992,1.0,1.0,1.5084336166188432,1.490515140090992,0.040207809357651274,0.050258516864848786,0.3439399903035583,0.2890057693026215,-0.1734291129375802,-0.1605314785979451,1.0,1.0,884.5510884106445,888.6874913012696,1.12,0.004999165529999905,0.14863169,0.12106167,1.0840575695037842,1.097205638885498,-0.8974402546882629,-0.8824803829193115,1.024032711982727,0.9338048696517944,-0.14268049597740173,-0.14062556624412537,0.8894177675247192,0.9087219834327698,-1.0358606576919556,-1.0285958051681519
Fluid,6250,6250,1.1649991,1.0,1.0,1.586410184012465,1.5703143342087529,0.04085248159712879,0.05046819459316786,0.33861526863858105,0.28446345734072614,-0.17339936838287395,-0.15978992898296682,1.0,1.0,879.625875744629,883.8624427368164,1.16,0.00499912739000008,0.14424598,0.11709715,1.0851774215698242,1.097712516784668,-0.8964520692825317,-0.883506715297699,1.0150119066238403,0.9251506328582764,-0.14268125593662262,-0.14111420512199402,0.8892911672592163,0.9099648594856262,-1.0366705656051636,-1.0278079509735107
Fluid,6250,6250,1.2049991,1.0,1.0,1.665609240750439,1.651079134432807,0.04142338187735062,0.050614202997181564,0.33345642097303996,0.28008283517641946,-0.17330697465318778,-0.15902736297240835,1.0,1.0,874.6980112231445,879.0535017993165,1.2,0.004999089240000032,0.1401817,0.11336393,1.0862022638320923,1.0981590747833252,-0.8955517411231995,-0.8844309449195862,1.0062247514724731,0.916716456413269,-0.14281167089939117,-0.14157599210739136,0.889191210269928,0.911149799823761,-1.037764549255371,-1.0276978015899658
Fluid,6250,6250,1.2449991,1.0,1.0,1.7460617336138646,1.7327943307907863,0.041931311075156553,0.05069961112936726,0.32844653617633457,0.27585333872403134,-0.173152520018192,-0.15824323506416754,1.0,1.0,869.7588555615234,874.2618166259765,1.24,0.004999051089999984,0.13653047,0.11008727,1.0871413946151733,1.0985618829727173,-0.894733190536499,-0.8853535652160645,0.9976485967636108,0.9084836840629578,-0.1429019570350647,-0.14191366732120514,0.8893517851829529,0.9122816324234009,-1.0390807390213013,-1.0275142192840576
Fluid,6250,6250,1.284999,1.0,1.0,1.8275377885711528,1.8154551278609172,0.042388898873885625,0.05072773913867888,0.3235722108559817,0.271764129035566,-0.172950498240554,-0.15743249047254912,1.0,1.0,864.8214677832032,869.4789942407226,1.28,0.004999012949999937,0.13325375,0.10699623,1.0880123376846313,1.099069595336914,-0.8939775228500366,-0.8862729072570801,0.9892449975013733,0.9004314541816711,-0.142798513174057,-0.1421624720096588,0.8898957967758179,0.9133675694465637,-1.0405359268188477,-1.0272570848464966
Fluid,6250,6250,1.324999,1.0,1.0,1.9100741797524265,1.899186324730622,0.04279641023450648,0.050712111098645256,0.318844404859175,0.26780334186014837,-0.17269776621169877,-0.1566034201449831,1.0,1.0,859.8895676342773,864.7017302514648,1.32,0.004998974799999889,0.1295504,0.104165584,1.0888285636901855,1.0996638536453247,-0.893287181854248,-0.8871869444847107,0.9810487627983093,0.8925433158874512,-0.14261335134506226,-0.14253966510295868,0.8904535174369812,0.9144032597541809,-1.040082335472107,-1.0269371271133423
Fluid,6250,6250,1.3649989,1.0,1.0,1.9938350171627104,1.9840575146885935,0.043153837102093966,0.05066065113789867,0.31423801273517427,0.2639627146433037,-0.17240191407905076,-0.15575761806421506,1.0,1.0,854.958918918457,859.9255225244141,1.36,0.004998936649999841,0.12669565,0.10149998,1.0895963907241821,1.1003473997116089,-0.8926548361778259,-0.8881093263626099,0.9730252027511597,0.8848106265068054,-0.14242145419120789,-0.14279867708683014,0.8910201787948608,0.9153929948806763,-1.0389378070831299,-1.0265603065490723
Fluid,6250,6250,1.4049989,1.0,1.0,2.079050554919932,2.069817510110075,0.043460746680338634,0.050573947356661084,0.30974687291111563,0.2602384599105106,-0.17207664135656786,-0.1548968297241698,1.0,1.0,850.0105560107422,855.1625049853516,1.4,0.004998898510000016,0.12377163,0.09888924,1.090301752090454,1.1011265516281128,-0.8920847177505493,-0.8890202045440674,0.9651573300361633,0.8772289156913757,-0.14223237335681915,-0.14307443797588348,0.8915920257568359,0.9163394570350647,-1.0381497144699097,-1.0261355638504028
Fluid,6250,6250,1.4449989,1.0,1.0,2.165447473040209,2.1563375068418287,0.04372536341355648,0.05045403609818779,0.3053788006095658,0.25662838634862567,-0.17172867317001336,-0.15402354413626831,1.0,1.0,845.0605071435547,850.4168126452637,1.44,0.004998860359999968,0.12082607,0.096387744,1.0909053087234497,1.102004051208496,-0.8915736675262451,-0.8898972272872925,0.9574589133262634,0.869794487953186,-0.14206770062446594,-0.1432783603668213,0.892166256904602,0.917242169380188,-1.0374696254730225,-1.0256686210632324
Fluid,6250,6250,1.4849988,1.0,1.0,2.2529128477589566,2.243822302538473,0.0439549907835247,0.0503107232688996,0.30112225595483555,0.25312118122634014,-0.17135495981720275,-0.15314353106196738,1.0,1.0,840.1169361621094,845.6816740075684,1.48,0.00499882220999992,0.118145324,0.09409464,1.0914241075515747,1.1006710529327393,-0.8911102414131165,-0.8907028436660767,0.9498996734619141,0.8624971508979797,-0.14185939729213715,-0.14341069757938385,0.8927439451217651,0.9181014895439148,-1.0367647409439087,-1.0251652002334595
Fluid,6250,6250,1.5249988,1.0,1.0,2.3414959105819784,2.332263903254749,0.044155724974952175,0.05014207227109931,0.29697428941215853,0.24971426169352606,-0.17095843816738926,-0.15225581902414562,1.0,1.0,835.1834365698243,840.952328864746,1.52,0.004998784069999873,0.11562283,0.0919221,1.0918821096420288,1.0985677242279053,-0.8906791806221008,-0.8914235830307007,0.9424585700035095,0.8553276062011719,-0.14162442088127136,-0.14352144300937653,0.8933305144309998,0.9189125299453735,-1.036062479019165,-1.024631142616272
Fluid,6250,6250,1.5649987,1.0,1.0,2.4312623323482865,2.4213982958941918,0.04433240759297012,0.049951823854959804,0.2929269839512001,0.24640389751685085,-0.17054490557744634,-0.15135735488958482,1.0,1.0,830.253121328125,836.2368761499024,1.56,0.004998745920000047,0.11331363,0.089741565,1.0922949314117432,1.096482515335083,-0.8902688026428223,-0.892092764377594,0.9351325631141663,0.8482855558395386,-0.14143382012844086,-0.1435445100069046,0.893925130367279,0.9196826815605164,-1.0353939533233643,-1.0240715742111206
Fluid,6250,6250,1.6049987,1.0,1.0,2.5224011974958773,2.5114478900684865,0.044489944946283944,0.04974776019293815,0.2889766698249069,0.24318318372516515,-0.17011262947135605,-0.1504461699704849,1.0,1.0,825.3141472216797,831.527118795166,1.6,0.004998707769999999,0.11109205,0.08771723,1.0926713943481445,1.0944337844848633,-0.8898783922195435,-0.8927229046821594,0.9279109835624695,0.841370165348053,-0.14122509956359863,-0.14346937835216522,0.8945280909538269,0.9204334020614624,-1.0347617864608765,-1.0234966278076172
Fluid,6250,6250,1.6449987,1.0,1.0,2.6144747584836163,2.602441480956672,0.04462846572732553,0.04953009207188326,0.2851124171096296,0.24005205174143077,-0.1696585854501056,-0.1495237121579726,1.0,1.0,820.3924579504395,826.8228798999023,1.64,0.0049986696200001735,0.10926984,0.08570426,1.0930225849151611,1.092424988746643,-0.8895089030265808,-0.8933130502700806,0.9207730293273926,0.8345760703086853,-0.14106765389442444,-0.14338843524456024,0.8951432704925537,0.9211652278900146,-1.0341427326202393,-1.0229284763336182
Fluid,6250,6250,1.6849986,1.0,1.0,2.707528746258234,2.694198277282626,0.04475104301518295,0.049299125681715086,0.28134052597437753,0.2370085417390056,-0.1691869093251438,-0.14859060021973447,1.0,1.0,815.4797288122559,822.1286543701171,1.68,0.004998631480000126,0.10702649,0.08387463,1.0933629274368286,1.0903971195220947,-0.8891557455062866,-0.8938853740692139,0.9137304425239563,0.8278998136520386,-0.14095893502235413,-0.14332425594329834,0.8957675695419312,0.9218790531158447,-1.0339447259902954,-1.0223907232284546
Fluid,6250,6250,1.7249986,1.0,1.0,2.801620099717644,2.7867886798782444,0.04484844373043248,0.049057193876390084,0.2776547684341436,0.2340440901646143,-0.16869346505715513,-0.14764441773164552,1.0,1.0,810.5768606201171,817.4437556225586,1.72,0.0049985933300000784,0.10530499,0.08219606,1.093682050704956,1.0884343385696411,-0.8900391459465027,-0.8944625854492188,0.9067835807800293,0.8213361501693726,-0.1409180760383606,-0.14326830208301544,0.8964018225669861,0.922579288482666,-1.0338760614395142,-1.021903157234192
Fluid,6250,6250,1.7649986,1.0,1.0,2.896647784300674,2.880294276124322,0.04492432461480843,0.048803013947807485,0.27405972342000806,0.2311520842732012,-0.16818341999259778,-0.14668760109017137,1.0,1.0,805.6875544836425,812.7635435791016,1.76,0.0049985551800000305,0.10309869,0.08064557,1.0940089225769043,1.0865769386291504,-0.8909087777137756,-0.895047664642334,0.8999334573745728,0.8148748278617859,-0.14100557565689087,-0.14319345355033875,0.8970428109169006,0.9232685565948486,-1.0337790250778198,-1.0214892625808716
Fluid,6250,6250,1.8049985,1.0,1.0,2.99260911101769,2.974747064247778,0.04497931893784786,0.048533719689813445,0.2705477025316493,0.2283301166260004,-0.167656328113263,-0.14571905953452458,1.0,1.0,800.8119577319336,808.0833740185547,1.8,0.004998517039999983,0.101301044,0.07920296,1.0943975448608398,1.084795355796814,-0.8917049765586853,-0.8956425786018372,0.8931654095649719,0.8085074424743652,-0.14122508466243744,-0.143122136592865,0.8976904153823853,0.9239511489868164,-1.0336467027664185,-1.021165132522583
Fluid,6250,6250,1.8449985,1.0,1.0,3.089435593576099,3.069899062115675,0.04501502077739686,0.04824878868826025,0.26711898184713206,0.22557554883835487,-0.1671106583590596,-0.14473827819480561,1.0,1.0,795.9512649230957,803.4167781976319,1.84,0.0049984788899999355,0.09936133,0.07777542,1.0948944091796875,1.0830652713775635,-0.8924514651298523,-0.8962465524673462,0.8864964246749878,0.8022336363792419,-0.14150401949882507,-0.1430388242006302,0.8983433246612549,0.9246262907981873,-1.033479928970337,-1.0209423303604126
Fluid,6250,6250,1.8849984,1.0,1.0,3.187307110613411,3.1658558512473864,0.04503035616508219,0.047947503759323155,0.2637711140219285,0.22288837767377934,-0.1665470072903717,-0.14374557579800268,1.0,1.0,791.0937211096192,798.7552307928466,1.88,0.00499844074000011,0.09759707,0.07637696,1.0954527854919434,1.081373691558838,-0.8931516408920288,-0.8968603014945984,0.8799248337745667,0.7960516214370728,-0.14149482548236847,-0.14295291900634766,0.8992048501968384,0.9252931475639343,-1.0332825183868408,-1.0208286046981812
Fluid,6250,6250,1.9249984,1.0,1.0,3.2860013484089663,3.2624190466771075,0.045031513690841386,0.047634929657159375,0.2605058673043293,0.22026610985875594,-0.16596352819658583,-0.14274398693182272,1.0,1.0,786.2557006616211,794.1094366107178,1.92,0.0049984026000000625,0.09571523,0.07502447,1.0960866212844849,1.0797168016433716,-0.8937955498695374,-0.8974769115447998,0.8734408617019653,0.7899599075317383,-0.1417793333530426,-0.1428864449262619,0.9000861048698425,0.9259511232376099,-1.0330532789230347,-1.0208873748779297
Fluid,6250,6250,1.9649984,1.0,1.0,3.3856048989403322,3.3595582423968207,0.04501599052210047,0.04731289897385752,0.2573130696632637,0.21770860729374575,-0.16536886779595633,-0.14173502511447295,1.0,1.0,781.4330698327636,789.4831550921631,1.96,0.004998364450000015,0.09424543,0.073648825,1.096798062324524,1.0780681371688843,-0.8943822383880615,-0.8980904817581177,0.8670369386672974,0.7839556932449341,-0.14200930297374725,-0.1428261548280716,0.9009613990783691,0.9265966415405273,-1.0328052043914795,-1.0216001272201538
Fluid,6250,6250,2.0049984,1.0,1.0,3.48602025712856,3.457390244129037,0.04498488278989913,0.046979348182142715,0.25418791039724953,0.21521406031682855,-0.16476783491902985,-0.14071966836527455,1.0,1.0,776.6289375915527,784.8706837036133,2.0,0.00499844551000006,0.09250434,0.07236019,1.097342610359192,1.0764141082763672,-0.8949087262153625,-0.8986976742744446,0.8607085347175598,0.778292179107666,-0.14224885404109955,-0.14277015626430511,0.9018300771713257,0.9272337555885315,-1.0325417518615723,-1.0224049091339111
Fluid,6250,6250,2.0399992,1.0,1.0,3.5746441052573816,3.555900649054025,0.04495191444015131,0.04663567189319903,0.2515095809193281,0.21277942394060606,-0.16423121187699027,-0.1397019338734634,1.0,1.0,772.435144284668,780.2710333795166,2.04,-7.534000001641061e-07,0.09129615,0.0711013,1.095967411994934,1.074889063835144,-0.8952669501304626,-0.8992911577224731,0.8552342057228088,0.7728688716888428,-0.14245358109474182,-0.1427055299282074,0.9025827050209045,0.9278594851493835,-1.032285451889038,-1.023281455039978
Fluid,6250,6250,2.0800002,1.0,1.0,3.676857669232093,3.6551942353733864,0.044904052875373454,0.04628582609178615,0.2485115815894259,0.21040372105874616,-0.16360619958819006,-0.13867855504653417,1.0,1.0,767.6489787976075,775.6797416113282,2.08,1.6212000009119265e-07,0.090203494,0.069894716,1.094398856163025,1.0734803676605225,-0.8956435322761536,-0.9001036286354065,0.8490535020828247,0.7675148844718933,-0.14277338981628418,-0.1426292508840561,0.903439462184906,0.9284777045249939,-1.0319744348526,-1.0242102146148682
Fluid,6250,6250,2.1200011,1.0,1.0,3.779930284411663,3.7551854309169737,0.044846708103406706,0.04593252567988006,0.24557808764082611,0.2080860569029313,-0.16297128068000064,-0.1376538893305976,1.0,1.0,762.8748937701416,771.1036030029297,2.12,1.0776499999032296e-06,0.08855102,0.06864346,1.0928268432617188,1.0721774101257324,-0.8960028886795044,-0.9010420441627502,0.8429387807846069,0.7622310519218445,-0.14287824928760529,-0.14257006347179413,0.9042885303497314,0.9290855526924133,-1.0316497087478638,-1.0251681804656982
Fluid,6250,6250,2.160002,1.0,1.0,3.8836961256885343,3.8557686157520954,0.04477855771101371,0.04557464154812856,0.2427103384043614,0.20582382988289696,-0.1623226869706239,-0.13663050606842023,1.0,1.0,758.1176395007324,766.5452532208252,2.16,1.9931799997152666e-06,0.08700278,0.06745511,1.0912480354309082,1.0719985961914062,-0.8963546752929688,-0.9019290208816528,0.8369095325469971,0.757012665271759,-0.1429244428873062,-0.142490416765213,0.9051297307014465,0.9296810030937195,-1.0313148498535156,-1.0255625247955322
Fluid,6250,6250,2.2000029,1.0,1.0,3.9880910483875196,3.9569614119369954,0.0446962023722101,0.045211151402724206,0.2399130805781309,0.20361544025918119,-0.16166976962054846,-0.13560728876076114,1.0,1.0,753.373847265625,762.0011453070068,2.2,2.908709999971393e-06,0.08553768,0.06623997,1.0897269248962402,1.0719085931777954,-0.8967077136039734,-0.902766764163971,0.8309730887413025,0.751858651638031,-0.14307931065559387,-0.14239175617694855,0.9059550762176514,0.9302648901939392,-1.0309959650039673,-1.0250873565673828
Fluid,6250,6250,2.2400038,1.0,1.0,4.093091585584848,4.058836600097571,0.044603810757623284,0.04484625968141016,0.23717549869037233,0.20145852508038836,-0.1610000045081193,-0.1345874205317488,1.0,1.0,748.6473092626953,757.4670094244385,2.24,3.824229999782602e-06,0.08429436,0.06502381,1.0882707834243774,1.0718344449996948,-0.8970856666564941,-0.9035523533821106,0.825102686882019,0.7467693090438843,-0.14315900206565857,-0.1422729194164276,0.9067702293395996,0.930834949016571,-1.0306916236877441,-1.025601863861084
Fluid,6250,6250,2.2800047,1.0,1.0,4.198763243633127,4.161349392502485,0.04450463316854206,0.044481956186417954,0.23449487707218622,0.19935262798633427,-0.16031055413122755,-0.13357019341260776,1.0,1.0,743.9371908648682,752.9492666537476,2.28,4.7397600000387285e-06,0.08274909,0.06384443,1.0868608951568604,1.0717893838882446,-0.89748215675354,-0.9044924378395081,0.8193004727363586,0.7417430281639099,-0.1431812047958374,-0.14213421940803528,0.9075848460197449,0.9313929080963135,-1.0304242372512817,-1.0266379117965698
Fluid,6250,6250,2.3200057,1.0,1.0,4.305254397483165,4.264554189884579,0.04440111970756669,0.04411741627099458,0.23186255732272432,0.19729597568040597,-0.1596182853790879,-0.1325540073630362,1.0,1.0,739.2417168804932,748.4502178778076,2.32,5.655290000294855e-06,0.0819883,0.0627925,1.0854767560958862,1.0717839002609253,-0.8978944420814514,-0.9053873419761658,0.8135387897491455,0.7367782592773438,-0.14327377080917358,-0.14199678599834442,0.9083659648895264,0.9319407343864441,-1.0302382707595825,-1.0269263982772827
Fluid,6250,6250,2.3600066,1.0,1.0,4.412567464451683,4.368482189106382,0.04429006298027467,0.04375178285260103,0.22928191305432935,0.19528629232977168,-0.15892227814973303,-0.1315366179115232,1.0,1.0,734.5609049816894,743.9690484140015,2.36,6.570820000106892e-06,0.08072922,0.061780255,1.084114909172058,1.0718275308609009,-0.8983235359191895,-0.9062176942825317,0.8078359365463257,0.731871485710144,-0.14343616366386414,-0.14184507727622986,0.9091230630874634,0.932481586933136,-1.030159831047058,-1.0272021293640137
Fluid,6250,6250,2.4000075,1.0,1.0,4.520959638708727,4.47292377851503,0.044163998623938536,0.043384263343830824,0.2267624044974055,0.19332336827585359,-0.1582179711365432,-0.13051707847126584,1.0,1.0,729.8864277178955,739.509389883728,2.4,7.486339999918101e-06,0.07919069,0.060796387,1.0827655792236328,1.0719287395477295,-0.8987751007080078,-0.9069874286651611,0.8022239208221436,0.7270228266716003,-0.14355583488941193,-0.1416238695383072,0.9098665118217468,0.933016836643219,-1.0302071571350098,-1.0274406671524048
Fluid,6250,6250,2.4400084,1.0,1.0,4.63004818087128,4.577840584705975,0.04402562245747249,0.04301469996371772,0.22430471606523963,0.19140664924797834,-0.15749896311938996,-0.12949499003601495,1.0,1.0,725.2280420477294,735.0695084594727,2.44,8.401870000174227e-06,0.07799901,0.059809886,1.0814253091812134,1.0720946788787842,-0.8992446660995483,-0.9077035784721375,0.7966979146003723,0.7222328782081604,-0.143581360578537,-0.14139589667320251,0.91060471534729,0.9335468411445618,-1.0303927659988403,-1.027651071548462
Fluid,6250,6250,2.4800093,1.0,1.0,4.73980090399595,4.683484582064002,0.04388040903925546,0.04264535755325895,0.22189437345877872,0.1895342791322677,-0.1567671622555505,-0.12847289246607105,1.0,1.0,720.5844126055908,730.6435436663818,2.48,9.317399999986264e-06,0.077200994,0.05881009,1.0800868272781372,1.0724642276763916,-0.8997237682342529,-0.9083754420280457,0.7914243340492249,0.7175008058547974,-0.1435738354921341,-0.141148179769516,0.9113358855247498,0.9340695738792419,-1.0307549238204956,-1.0278325080871582
Fluid,6250,6250,2.5200102,1.0,1.0,4.850209413160058,4.789754984306264,0.043730919346525336,0.04227616311119054,0.21953230444808955,0.1877046426568064,-0.15602467857320895,-0.12745352185204742,1.0,1.0,715.9587079284668,726.2350490380859,2.52,1.0232929999798301e-05,0.07603324,0.057796206,1.0787416696548462,1.0726206302642822,-0.9002019762992859,-0.9090096354484558,0.7863651514053345,0.7128252983093262,-0.1437634974718094,-0.14090146124362946,0.9120575189590454,0.9345820546150208,-1.0312913656234741,-1.027909517288208
Fluid,6250,6250,2.5600111,1.0,1.0,4.961255534685282,4.896784584691152,0.043581460543384895,0.04190734956213157,0.21721785600902455,0.18591847553482746,-0.15527312982248376,-0.12643491517563352,1.0,1.0,711.3491575637818,721.8437696661377,2.56,1.11484500000536e-05,0.07509169,0.056875527,1.077389121055603,1.0730055570602417,-0.900669515132904,-0.9096087217330933,0.7813472151756287,0.7082052826881409,-0.14370526373386383,-0.14073526859283447,0.9127623438835144,0.9350866675376892,-1.031990885734558,-1.0278743505477905
Fluid,6250,6250,2.6000121,1.0,1.0,5.0730467811673785,5.0046333781199905,0.043428654506900345,0.04153815007183701,0.21495090023823418,0.18417270341148892,-0.15451357826062012,-0.12541512960138732,1.0,1.0,706.7526905978393,717.4685570837403,2.6,1.2063979999865637e-05,0.074181825,0.05600604,1.0761114358901978,1.0734773874282837,-0.9011213183403015,-0.9101789593696594,0.7763726711273193,0.7036365866661072,-0.14386425912380219,-0.1409214586019516,0.9134595394134521,0.9355869293212891,-1.0328989028930664,-1.0277224779129028
Fluid,6250,6250,2.640013,1.0,1.0,5.185454041636772,5.1131749697216975,0.04326751678619068,0.04116809599149507,0.21273266717617867,0.18246704008357578,-0.15374560166233336,-0.12439390779039473,1.0,1.0,702.1749526599122,713.110534437561,2.64,1.2979509999677674e-05,0.07315157,0.055136602,1.0749287605285645,1.0740352869033813,-0.901555597782135,-0.9107240438461304,0.7714502811431885,0.6991184949874878,-0.1437925398349762,-0.14111179113388062,0.9141488075256348,0.9360834360122681,-1.033941626548767,-1.0274537801742554
Fluid,6250,6250,2.6800139,1.0,1.0,5.298570716513283,5.2223605695915225,0.043092459278550814,0.0407973185179551,0.21056026742993766,0.18079940435443714,-0.15296759051195347,-0.12337300212950009,1.0,1.0,697.6130654547119,708.7664233520508,2.68,1.3895029999932973e-05,0.07228096,0.054292254,1.0738441944122314,1.0746803283691406,-0.9021844863891602,-0.9112473726272583,0.7665812373161316,0.6946490406990051,-0.14377163350582123,-0.14131349325180054,0.9148315787315369,0.9365752935409546,-1.0350550413131714,-1.0270757675170898
Fluid,6250,6250,2.7200148,1.0,1.0,5.412374406887666,5.332085355601944,0.04290572262762813,0.040426456019224136,0.20844234776608705,0.17916843768189078,-0.15217698751133402,-0.12235413212988701,1.0,1.0,693.0702610403442,704.4394271261597,2.72,1.481055999974501e-05,0.071071826,0.053404935,1.0728485584259033,1.0754016637802124,-0.9029954671859741,-0.9117514491081238,0.7617877125740051,0.6902289986610413,-0.14374370872974396,-0.1415117383003235,0.9155116677284241,0.9370618462562561,-1.036215901374817,-1.026598572731018
Fluid,6250,6250,2.7600157,1.0,1.0,5.526938672736213,5.442345348782055,0.04271091101826867,0.0400571469890594,0.20636805197617622,0.17757356578793407,-0.15137981186057559,-0.12133748185560107,1.0,1.0,688.5452041220093,700.1322877633667,2.76,1.5726090000001136e-05,0.070165,0.052621502,1.0719242095947266,1.0761919021606445,-0.9037553071975708,-0.9122374653816223,0.757034420967102,0.6858580708503723,-0.1438037008047104,-0.14171446859836578,0.9161838293075562,0.9375430941581726,-1.0374138355255127,-1.026031255722046
Fluid,6250,6250,2.8000166,1.0,1.0,5.642176283642873,5.553109343671501,0.04251175126900664,0.03968939845201909,0.20433708877403173,0.17601366780936484,-0.150581488105068,-0.12032153012256254,1.0,1.0,684.0375399810791,695.846580101471,2.8,1.6641620000257262e-05,0.06920574,0.051823236,1.0710688829421997,1.0770421028137207,-0.9045742154121399,-0.9127070903778076,0.7523266673088074,0.6815353631973267,-0.1436535120010376,-0.14194677770137787,0.9168432950973511,0.9380211234092712,-1.0386394262313843,-1.0253820419311523
Fluid,6250,6250,2.8400176,1.0,1.0,5.7578990328411015,5.664417351148129,0.04231142794196028,0.03932349240959971,0.2023501801036077,0.1744876497003471,-0.14978224271102808,-0.11930888697604648,1.0,1.0,679.5497714413452,691.581270390625,2.84,1.7557140000068472e-05,0.068254896,0.05100781,1.0702849626541138,1.0779376029968262,-0.9054081439971924,-0.9131712913513184,0.7476658225059509,0.6772600412368774,-0.1436346024274826,-0.142171710729599,0.9174901247024536,0.9384936690330505,-1.0398757457733154,-1.0246622562408447
Fluid,6250,6250,2.8800185,1.0,1.0,5.874203812314272,5.776372536641508,0.042108728775870984,0.03895969499034858,0.20040104443327642,0.17299579649924648,-0.14898165835650637,-0.11830096788777504,1.0,1.0,675.0817577508545,687.3314478953553,2.88,1.8472670000324598e-05,0.06727586,0.05020508,1.0695438385009766,1.0788694620132446,-0.9061807990074158,-0.913629412651062,0.7430422902107239,0.6730316281318665,-0.14356178045272827,-0.142381489276886,0.9181250929832458,0.9389601945877075,-1.0404268503189087,-1.0238877534866333
Fluid,6250,6250,2.9200194,1.0,1.0,5.9910270553777,5.888793319940865,0.04190342404426541,0.038596386868403644,0.1984914731926436,0.1715379198430845,-0.14817844752138482,-0.11729542394187302,1.0,1.0,670.6356393048096,683.1024153210449,2.92,1.9388200000136635e-05,0.06667405,0.049511883,1.0688390731811523,1.078482747077942,-0.9068892598152161,-0.9140779376029968,0.738460123538971,0.6688505411148071,-0.14355842769145966,-0.14257323741912842,0.9187492728233337,0.9394232630729675,-1.0404512882232666,-1.023065209388733
Fluid,6250,6250,2.9600203,1.0,1.0,6.108426763711423,6.001607713199183,0.04169248905955348,0.03823332043323026,0.19661954917150956,0.17011180613551144,-0.14737402743818936,-0.11629049083722696,1.0,1.0,666.211832536621,678.8956612322999,2.96,2.0303729999948672e-05,0.06598645,0.048814345,1.0685842037200928,1.078028678894043,-0.9075433611869812,-0.914518415927887,0.7339245080947876,0.664713442325592,-0.1435430943965912,-0.14274638891220093,0.9193640947341919,0.9398853182792664,-1.040408968925476,-1.022199273109436
Fluid,6250,6250,3.0000212,1.0,1.0,6.226457666075453,6.114949302156717,0.04147844065711135,0.03787203044238559,0.1947887103515421,0.1687168714960101,-0.1465650369780045,-0.115287700788402,1.0,1.0,661.8096764797974,674.7088847275543,3.0,2.121925000020397e-05,0.06462838,0.048149426,1.0686697959899902,1.0776821374893188,-0.9081486463546753,-0.9149506688117981,0.729450523853302,0.6606200337409973,-0.1434623897075653,-0.14290857315063477,0.919970691204071,0.9403449892997742,-1.0404149293899536,-1.0212997198104858
Fluid,6250,6250,3.0400221,1.0,1.0,6.345241812476143,6.22886450816378,0.04126189805222035,0.03751280573170167,0.19299806493598734,0.16735323217114842,-0.1457481221565511,-0.1142872101252887,1.0,1.0,657.4202508699036,670.5410195191192,3.04,2.2134780000016008e-05,0.06412296,0.04742092,1.0687837600708008,1.0774757862091064,-0.9087103009223938,-0.9153759479522705,0.7250277400016785,0.6565686464309692,-0.1433933526277542,-0.14304153621196747,0.9205728769302368,0.9408025741577148,-1.040405511856079,-1.0203777551651
Fluid,6250,6250,3.0800231,1.0,1.0,6.464669811834171,6.3433813189706205,0.041036746135978026,0.03715810207448434,0.19125210326599423,0.16601934631765355,-0.14491954257844714,-0.11329160523552477,1.0,1.0,653.0500662988281,666.3921516313934,3.08,2.3050309999828045e-05,0.06323565,0.04669051,1.0689841508865356,1.0772404670715332,-0.9092371463775635,-0.9157924652099609,0.7206531763076782,0.6525572538375854,-0.14336015284061432,-0.14314064383506775,0.9211759567260742,0.9412563443183899,-1.0403088331222534,-1.0194406509399414
Fluid,6250,6250,3.120024,1.0,1.0,6.584914063000828,6.458560506617278,0.04080419987353176,0.036806850616687446,0.18953672202789806,0.1647144488218204,-0.1440842042545916,-0.11229897004396014,1.0,1.0,648.7003223974609,662.2626298434449,3.12,2.396584000008417e-05,0.062335864,0.04607925,1.069084882736206,1.0769786834716797,-0.9097368121147156,-0.9162017107009888,0.7162995934486389,0.6485832333564758,-0.14318430423736572,-0.1432184875011444,0.9217722415924072,0.9417088031768799,-1.0401440858840942,-1.018487811088562
Fluid,6250,6250,3.1600249,1.0,1.0,6.705919168894887,6.5742852990624305,0.04056879714873154,0.036457712155618285,0.18785671297595893,0.16343734492356365,-0.14324250991518145,-0.11130689489779645,1.0,1.0,644.3710830117798,658.1516632092286,3.16,2.488135999989538e-05,0.061543502,0.045470636,1.0694061517715454,1.076690912246704,-0.9102043509483337,-0.9166055917739868,0.7119925022125244,0.6446447968482971,-0.1430414319038391,-0.14326533675193787,0.9223586916923523,0.9421615600585938,-1.0398955345153809,-1.0175260305404663
Fluid,6250,6250,3.2000258,1.0,1.0,6.827668983884603,6.69054687454015,0.04032845323884161,0.03611087103070051,0.18621407547603244,0.16218626687198237,-0.14239980704945046,-0.11031737541928775,1.0,1.0,640.0616306263732,654.0607007513428,3.2,2.5796889999707417e-05,0.06118181,0.044846788,1.069906234741211,1.0763769149780273,-0.9106469750404358,-0.9170037508010864,0.7077410221099854,0.6407427191734314,-0.14304767549037933,-0.14328016340732574,0.9229375123977661,0.9426140785217285,-1.0395950078964233,-1.016564130783081
Fluid,6250,6250,3.2400267,1.0,1.0,6.950191312871128,6.807170055911839,0.04008556223279156,0.035768616543551325,0.18460725469948025,0.1609610592917345,-0.14156053082581493,-0.10933253226607689,1.0,1.0,635.7713580589294,649.9917894959259,3.24,2.6712419999963544e-05,0.060232755,0.044179615,1.070476770401001,1.0760457515716553,-0.9110631346702576,-0.9173961877822876,0.7035269141197205,0.6368786692619324,-0.14274588227272034,-0.14326168596744537,0.9235014915466309,0.9430655241012573,-1.0392223596572876,-1.0156049728393555
Fluid,6250,6250,3.2800276,1.0,1.0,7.073292297108173,6.924374051165283,0.03983540051201068,0.0354307054677204,0.18303541376990265,0.15976212139244889,-0.14071803365066649,-0.10835463104684546,1.0,1.0,631.5030857159423,645.9428577397538,3.28,2.7627940000218842e-05,0.0594151,0.043548778,1.0711090564727783,1.0757122039794922,-0.9114648103713989,-0.9177823662757874,0.699367880821228,0.6330533027648926,-0.1426924467086792,-0.14322473108768463,0.9240593910217285,0.9437742233276367,-1.0388004779815674,-1.0146477222442627
Fluid,6250,6250,3.3200285,1.0,1.0,7.196841237614006,7.042110838870108,0.03957726426273817,0.035095378268024655,0.18151347362934378,0.1585885127169318,-0.13986611867479048,-0.10738127283972455,1.0,1.0,627.2595105258179,641.9115055489349,3.32,2.854347000003088e-05,0.059947256,0.042961925,1.0718241930007935,1.0753728151321411,-0.9118558764457703,-0.9181638956069946,0.6952223777770996,0.6292643547058105,-0.14245913922786713,-0.1431817263364792,0.9246155023574829,0.9445967674255371,-1.0383247137069702,-1.0136834383010864
Fluid,6250,6250,3.3600295,1.0,1.0,7.320948781728744,7.160270833565295,0.039313650286216285,0.0347621632647491,0.1799743506128114,0.1574395930956048,-0.13899398515677314,-0.10641199408027954,1.0,1.0,623.0375435514832,637.8985568271255,3.36,2.9459000000287006e-05,0.057626564,0.04240757,1.0726134777069092,1.0750290155410767,-0.9122375845909119,-0.9185411334037781,0.6910653710365295,0.6255098581314087,-0.14225606620311737,-0.1431274116039276,0.9251712560653687,0.9454213976860046,-1.0377757549285889,-1.012714147567749
Fluid,6250,6250,3.4000304,1.0,1.0,7.445532491445541,7.278936431213915,0.03905304848229891,0.03443128420546971,0.1784640177954454,0.15631557892175624,-0.13811344854004914,-0.10544602441254829,1.0,1.0,618.8363130471039,633.9042848758697,3.4,3.0374530000099043e-05,0.05834131,0.041812584,1.0734899044036865,1.0746821165084839,-0.9125927090644836,-0.9189135432243347,0.6869792342185974,0.6217896938323975,-0.142013281583786,-0.14306098222732544,0.9257345795631409,0.9462487101554871,-1.0371745824813843,-1.0117396116256714
Fluid,6250,6250,3.4400313,1.0,1.0,7.57070703998059,7.398239632756412,0.038799914870007196,0.03410236160003318,0.17700886107423575,0.155216769734454,-0.13723348102343036,-0.10448393492731266,1.0,1.0,614.656352854538,629.9275273532486,3.44,3.129004999991025e-05,0.05671128,0.04127886,1.0744409561157227,1.0743342638015747,-0.9129317998886108,-0.919282078742981,0.6829237341880798,0.6181036233901978,-0.14174234867095947,-0.1429787427186966,0.9262823462486267,0.947077751159668,-1.0365381240844727,-1.0107628107070923
Fluid,6250,6250,3.4800322,1.0,1.0,7.696447936038971,7.518182828903794,0.038545525091099264,0.03377505693124258,0.17557695872172596,0.154143845738722,-0.13635810415253857,-0.10352396475587505,1.0,1.0,610.4997242852784,625.9646724634933,3.48,3.220558000016638e-05,0.056916397,0.040650323,1.0754566192626953,1.073987364768982,-0.9132700562477112,-0.9196459650993347,0.6789183616638184,0.6144524812698364,-0.14155179262161255,-0.1428845226764679,0.9268220663070679,0.9479098916053772,-1.035874366760254,-1.0097848176956177
Fluid,6250,6250,3.5200331,1.0,1.0,7.822678983345925,7.638642826927304,0.038284218182963084,0.03345158112290781,0.17415751573265065,0.15309555017186852,-0.1354829223361041,-0.10257098405362525,1.0,1.0,606.363927759018,622.017813111,3.52,3.3121109999978415e-05,0.05591465,0.0400249,1.0765072107315063,1.0736445188522339,-0.913601279258728,-0.9200004935264587,0.674963653087616,0.6108368039131165,-0.14123597741127014,-0.14278802275657654,0.9273542165756226,0.9487398862838745,-1.035158395767212,-1.0088101625442505
Fluid,6250,6250,3.560034,1.0,1.0,7.949588066690862,7.759607619168162,0.03802417095551966,0.03312993926084368,0.17280014857965986,0.15207194032957574,-0.13460139913992025,-0.1016224003236476,1.0,1.0,602.2484415515137,618.0872876679612,3.56,3.403663999979045e-05,0.054364786,0.03946334,1.0768324136734009,1.0733041763305664,-0.9139253497123718,-0.9203420877456665,0.6710574626922607,0.6072555780410767,-0.14097855985164642,-0.14268936216831207,0.927879273891449,0.949569582939148,-1.0344065427780151,-1.0078366994857788
Fluid,6250,6250,3.600035,1.0,1.0,8.077012667448223,7.881143599834442,0.0377617959586269,0.032810233572162686,0.17145416482550033,0.15107169594819658,-0.13372646497166948,-0.10067911789222359,1.0,1.0,598.1535255957795,614.1725936194993,3.6,3.495216000004575e-05,0.05543348,0.038878858,1.0767031908035278,1.0729707479476929,-0.9142374992370605,-0.9207541942596436,0.6671648025512695,0.6037079691886902,-0.14076288044452667,-0.14257529377937317,0.9283919930458069,0.9503974318504333,-1.0336438417434692,-1.0070596933364868
Fluid,6250,6250,3.6400359,1.0,1.0,8.204932525070607,8.003156396393775,0.037499917741801184,0.03249330556516128,0.17011939029649017,0.15009293867439685,-0.1328540047669469,-0.0997426267959876,1.0,1.0,594.0791463964844,610.2752915763283,3.64,3.586768999985779e-05,0.054130204,0.03830756,1.0765645503997803,1.0726454257965088,-0.9145392775535583,-0.9213085770606995,0.6632997393608093,0.6001911163330078,-0.1404222995042801,-0.14245234429836273,0.9288959503173828,0.9512214660644531,-1.032843828201294,-1.0066165924072266
Fluid,6250,6250,3.6800368,1.0,1.0,8.333391615459323,8.125589996513128,0.03723085522888461,0.03217946274169775,0.16883963305804298,0.14913444506787812,-0.13197435668774882,-0.09881190797996474,1.0,1.0,590.0273462377929,606.3946343308448,3.68,3.6783219999669825e-05,0.053084858,0.037775397,1.0764093399047852,1.0723234415054321,-0.9148429036140442,-0.9218512177467346,0.6594928503036499,0.596703827381134,-0.14043141901493073,-0.14231155812740326,0.929395318031311,0.9520423412322998,-1.0320215225219727,-1.0061802864074707
Fluid,6250,6250,3.7200377,1.0,1.0,8.462300793341399,8.248398787243962,0.03696061739940255,0.031868609630581926,0.16757648364175576,0.14819546193367686,-0.1310885831276863,-0.09788590883091906,1.0,1.0,585.9991635329819,602.5289296098899,3.72,3.769874999992595e-05,0.052542157,0.037276562,1.0762444734573364,1.0720092058181763,-0.915142834186554,-0.9223858118057251,0.6557177305221558,0.5932456254959106,-0.1406491994857788,-0.14216572046279907,0.9298974275588989,0.9528608918190002,-1.0311795473098755,-1.0057487487792969
Fluid,6250,6250,3.7600386,1.0,1.0,8.591808826129437,8.371637980686426,0.03668951702944294,0.03156053441542201,0.16632317502237506,0.14727610398456337,-0.13019947093564668,-0.09696478617199464,1.0,1.0,581.9908950274659,598.677440411663,3.76,3.861427000018125e-05,0.05244771,0.036738493,1.0760761499404907,1.0717055797576904,-0.9154326319694519,-0.9229124188423157,0.6519372463226318,0.5898162126541138,-0.14079885184764862,-0.14202150702476501,0.930392861366272,0.9536767601966858,-1.030334711074829,-1.005330204963684
Fluid,6250,6250,3.8000395,1.0,1.0,8.721869641950727,8.495185960351229,0.03642464144612313,0.031255464406393,0.1651013936952711,0.14637654284424467,-0.12930917728338623,-0.09605055340114282,1.0,1.0,578.0030632230378,594.84260985075,3.8,3.952979999999329e-05,0.051787023,0.036197335,1.075900912284851,1.0714061260223389,-0.9157172441482544,-0.9234317541122437,0.6482088565826416,0.5864163637161255,-0.14091849327087402,-0.14187316596508026,0.9308844208717346,0.954487681388855,-1.0294743776321411,-1.004915714263916
Fluid,6250,6250,3.8400404,1.0,1.0,8.852265503881574,8.619109939867258,0.03615717889541411,0.03095382510956697,0.1639042213980027,0.14549685500933499,-0.12840684359479287,-0.09514316497181688,1.0,1.0,574.0382012591172,591.0211567712784,3.84,4.044533000024941e-05,0.051241934,0.035652753,1.0757111310958862,1.0711101293563843,-0.9159959554672241,-0.9239432215690613,0.644503653049469,0.5830450057983398,-0.14103657007217407,-0.1417190134525299,0.9313830733299255,0.9552933573722839,-1.0285999774932861,-1.0044975280761719
Fluid,6250,6250,3.8800414,1.0,1.0,8.983075436691642,8.743441924175023,0.03589353743209387,0.03065518411434372,0.16273116774535504,0.14463617450831204,-0.12750345035895588,-0.09424168438741937,1.0,1.0,570.0959052326965,587.2171281654548,3.88,4.136086000006145e-05,0.050705224,0.035174083,1.0755219459533691,1.0708154439926147,-0.9162664413452148,-0.9244474768638611,0.6408306360244751,0.5797015428543091,-0.1411127895116806,-0.1415739804506302,0.9318788647651672,0.9560945630073547,-1.0277204513549805,-1.0040816068649292
Fluid,6250,6250,3.9200423,1.0,1.0,9.114442529479861,8.86820511047721,0.03563264973961981,0.0303600743194409,0.16157773496408015,0.14379377203249838,-0.12660530539748724,-0.093346558315875,1.0,1.0,566.1749326453019,583.4308776918411,3.92,4.227637999987266e-05,0.05055562,0.034701772,1.0753272771835327,1.0705205202102661,-0.9165310263633728,-0.9249441027641296,0.6371936798095703,0.5763848423957825,-0.14121975004673004,-0.14142455160617828,0.9326136112213135,0.9568917751312256,-1.0268491506576538,-1.003671646118164
Fluid,6250,6250,3.9600432,1.0,1.0,9.246518874266147,8.993288302493095,0.035368489402961424,0.030068934417587588,0.1604547784534446,0.14296931258390308,-0.1257214718604018,-0.09245642817048123,1.0,1.0,562.2739659056091,579.6640197551155,3.96,4.3191910000128786e-05,0.049454726,0.034290977,1.0751291513442993,1.070225477218628,-0.9167953729629517,-0.9254327416419983,0.6336087584495544,0.5730937123298645,-0.1413431614637375,-0.14126957952976227,0.9333856105804443,0.9576876163482666,-1.0259931087493896,-1.003258228302002
Fluid,6250,6250,4.0000439,1.0,1.0,9.379217714428902,9.118635493081808,0.035105742750160276,0.029781585261555155,0.15935197118943498,0.14216290988347435,-0.12484822181731346,-0.09157023938207043,1.0,1.0,558.3929162968445,575.916690411377,4.0,4.386901999975379e-05,0.048575196,0.033849318,1.0749350786209106,1.0699303150177002,-0.9170543551445007,-0.9259134531021118,0.6300469636917114,0.5698288679122925,-0.14143683016300201,-0.1411118507385254,0.93414705991745,0.958482027053833,-1.0251498222351074,-1.00283944606781
Fluid,6250,6250,4.0400448,1.0,1.0,9.512621001027822,9.244312308194637,0.03484368385131936,0.029498557465553604,0.15827425680203364,0.14137399810131324,-0.12396977278752602,-0.09068850823104964,1.0,1.0,554.5303668358994,572.1874545195103,4.04,4.4784550000009915e-05,0.048476085,0.03342194,1.0747385025024414,1.0696319341659546,-0.9173091650009155,-0.9263855814933777,0.6265333294868469,0.5665903091430664,-0.1414841115474701,-0.14094598591327667,0.9349173307418823,0.959273636341095,-1.0242847204208374,-1.002415418624878
Fluid,6250,6250,4.0800457,1.0,1.0,9.646602225999832,9.370542698345185,0.03457855621653202,0.029219518132498488,0.15721502707674545,0.14060269395471958,-0.12309297517422238,-0.08981051045706728,1.0,1.0,550.6885660511017,568.473249316616,4.08,4.5700070000265214e-05,0.048081625,0.03298887,1.074536919593811,1.0693297386169434,-0.917561948299408,-0.9268499612808228,0.623016357421875,0.563378095626831,-0.14148400723934174,-0.14077751338481903,0.9356897473335266,0.9600633978843689,-1.0234266519546509,-1.0019878149032593
Fluid,6250,6250,4.1200466,1.0,1.0,9.78122227887988,9.497141888648272,0.0343127862613913,0.028944496728709492,0.15617993542475508,0.13984863171048462,-0.12221827640937176,-0.08893760061189242,1.0,1.0,546.864000008583,564.7776863336944,4.12,4.661559999963316e-05,0.047695555,0.032535616,1.0743356943130493,1.069023847579956,-0.9178115129470825,-0.9273070693016052,0.6195514798164368,0.5601929426193237,-0.1415742039680481,-0.14074018597602844,0.9364562630653381,0.9608496427536011,-1.0225685834884644,-1.0015571117401123
Fluid,6250,6250,4.1600475,1.0,1.0,9.916481422370673,9.624154667690993,0.03404960597688856,0.028673242533300072,0.1551675088297692,0.13911179028106127,-0.12134498211420142,-0.08807086897007656,1.0,1.0,543.0572193801307,561.1016078628159,4.16,4.753112999988929e-05,0.04681647,0.032048702,1.0741404294967651,1.0687148571014404,-0.9180519580841064,-0.9277573227882385,0.6161156892776489,0.5570346713066101,-0.1415310800075531,-0.1409480720758438,0.9372227191925049,0.961631178855896,-1.0217210054397583,-1.0011235475540161
Fluid,6250,6250,4.2000484,1.0,1.0,10.05216816492796,9.751577075258494,0.03378789929331397,0.028405856414930312,0.1541763448488782,0.13839198539429634,-0.12047116052444559,-0.0872107713920297,1.0,1.0,539.2694290868187,557.4448330666065,4.2,4.8446660000145414e-05,0.04668449,0.031611353,1.0739482641220093,1.0684043169021606,-0.9183662533760071,-0.9282001852989197,0.612709641456604,0.5539016127586365,-0.1416122317314148,-0.1411462128162384,0.9379914999008179,0.9624073505401611,-1.0208699703216553,-1.0006874799728394
Fluid,6250,6250,4.2400494,1.0,1.0,10.188126612694264,9.879460264581441,0.033529667439754704,0.028141804279093192,0.1532120920517511,0.1376891208639648,-0.11960087009184994,-0.0863567182410704,1.0,1.0,535.5021185717774,553.8051803920841,4.24,4.9362179999512534e-05,0.045985058,0.031146338,1.0737578868865967,1.0680930614471436,-0.9188087582588196,-0.9286363124847412,0.6093530058860779,0.5507928133010864,-0.14161868393421173,-0.14132125675678253,0.9387617111206055,0.9631780982017517,-1.0200353860855103,-1.0002479553222656
Fluid,6250,6250,4.2800503,1.0,1.0,10.324440205436945,10.007677844952346,0.03326767680597928,0.027881450193685015,0.15226340669149738,0.1370022120367142,-0.11873764302296215,-0.08551084942360437,1.0,1.0,531.7555524585151,550.1829888408947,4.28,5.027770999976866e-05,0.045342255,0.03067252,1.0735706090927124,1.067785620689392,-0.9192500710487366,-0.9290647506713867,0.6060128808021545,0.5477087497711182,-0.14154945313930511,-0.1414840966463089,0.9395200610160828,0.9639410972595215,-1.019212245941162,-0.9998064637184143
Fluid,6250,6250,4.3200512,1.0,1.0,10.461315445541143,10.136317830116749,0.03301170359447162,0.027624216946897796,0.15134113207705785,0.13633013555321696,-0.11787970590773154,-0.08467275156788877,1.0,1.0,528.0266467467118,546.577398140049,4.32,5.119324000002479e-05,0.04462418,0.030260816,1.073388695716858,1.0674717426300049,-0.919677734375,-0.9294854402542114,0.6027055382728577,0.5446470975875854,-0.14151470363140106,-0.14163123071193695,0.9402779340744019,0.9646968245506287,-1.018415093421936,-0.9993627667427063
Fluid,6250,6250,4.3600521,1.0,1.0,10.59876518381834,10.265448230683804,0.03275497760935221,0.027369863235186784,0.15043674044465413,0.13567235367588742,-0.11702181932861917,-0.08384071850020439,1.0,1.0,524.3148783077812,542.9834857894992,4.36,5.210875999939191e-05,0.044566944,0.029861143,1.0732017755508423,1.0671557188034058,-0.9201017618179321,-0.9298984408378601,0.5994320511817932,0.5416074395179749,-0.14145581424236298,-0.1417633593082428,0.9410366415977478,0.965446949005127,-1.017632246017456,-0.9989156723022461
Fluid,6250,6250,4.400053,1.0,1.0,10.736611266965866,10.394923402147294,0.0324945772414672,0.02711820367758628,0.14955203498180258,0.13502956867796326,-0.11615712658316363,-0.08301595593675505,1.0,1.0,520.621453281765,539.4063845443153,4.4,5.302428999964803e-05,0.044188134,0.02943703,1.0730098485946655,1.0668376684188843,-0.9205248355865479,-0.9303039312362671,0.5961772203445435,0.5385904908180237,-0.14138658344745636,-0.14188134670257568,0.941794753074646,0.9661902189254761,-1.016859531402588,-0.998466968536377
Fluid,6250,6250,4.4400539,1.0,1.0,10.874685200440883,10.524633775687217,0.032232275140045674,0.02686890664139588,0.14868026259941952,0.13440090112207456,-0.1152861387638282,-0.08219742366355146,1.0,1.0,516.9472205263042,535.8470160252905,4.44,5.393981999990416e-05,0.04302661,0.029058652,1.0728237628936768,1.0665185451507568,-0.9213108420372009,-0.9307026267051697,0.5928854942321777,0.5355957746505737,-0.14131779968738556,-0.1419900357723236,0.9425500631332397,0.9669283628463745,-1.016096830368042,-0.998013973236084
Fluid,6250,6250,4.4800549,1.0,1.0,11.013187356545926,10.654598588967323,0.031969040744758676,0.026622259522937237,0.14779765298966668,0.1337862983633578,-0.1144202742950688,-0.08138496736566653,1.0,1.0,513.2897989735603,532.3043312187815,4.48,5.485534999927211e-05,0.04308947,0.028673565,1.0726277828216553,1.0661996603012085,-0.922084629535675,-0.9310949444770813,0.58963543176651,0.5326225757598877,-0.14131860435009003,-0.14208859205245972,0.943310558795929,0.9676617980003357,-1.015376091003418,-0.9975568056106567
Fluid,6250,6250,4.5200558,1.0,1.0,11.152266348166465,10.784876153275967,0.03171500147142564,0.026378808817748213,0.14694397159384098,0.13318481839490123,-0.11355911508675665,-0.080579476192508,1.0,1.0,509.64931775091173,528.7781624874306,4.52,5.5770870000415584e-05,0.04259589,0.028281316,1.0724382400512695,1.0658828020095825,-0.9228367805480957,-0.9314801692962646,0.5864185690879822,0.5296699404716492,-0.14133980870246887,-0.14217881858348846,0.9440639615058899,0.9683893918991089,-1.0149283409118652,-0.9970986843109131
Fluid,6250,6250,4.5600567,1.0,1.0,11.291728687810897,10.915558532757759,0.03145925045004813,0.02613893563666614,0.14612540851462283,0.13259717723477968,-0.11269862099774415,-0.07978119863743487,1.0,1.0,506.0275582066441,525.2681215381527,4.56,5.668640000067171e-05,0.04158072,0.027887497,1.0722354650497437,1.065569519996643,-0.9235907196998596,-0.9318578243255615,0.5832236409187317,0.5267380475997925,-0.14114710688591003,-0.14225806295871735,0.9448152184486389,0.9691110849380493,-1.0145001411437988,-0.9966402649879456
Fluid,6250,6250,4.6000576,1.0,1.0,11.431671074028015,11.046747326731682,0.031204476335244254,0.02590245920701418,0.14529897043214646,0.13202255792469136,-0.11184640769071412,-0.07899046577611181,1.0,1.0,502.4246525347233,521.7728314866447,4.6,5.760193000003966e-05,0.041603427,0.027505396,1.0720269680023193,1.0652610063552856,-0.9243389368057251,-0.9322280287742615,0.5800501108169556,0.5238253474235535,-0.1409936398267746,-0.1423255205154419,0.9455659985542297,0.9698267579078674,-1.014070987701416,-0.9961845278739929
Fluid,6250,6250,4.6400585,1.0,1.0,11.571949828007222,11.178331325716972,0.030951914895260706,0.025668684232949743,0.14449979296115226,0.13146019114022608,-0.11100000824000454,-0.07820719911245862,1.0,1.0,498.8416833972168,518.293153999772,4.64,5.8517460000295785e-05,0.0410829,0.027129605,1.0718024969100952,1.065062403678894,-0.925077497959137,-0.9325916171073914,0.5769191980361938,0.5209301710128784,-0.14095157384872437,-0.14238040149211884,0.9463101029396057,0.9705355763435364,-1.0136451721191406,-0.9957300424575806
Fluid,6250,6250,4.6800594,1.0,1.0,11.712599121029378,11.310228934593201,0.030696469237711282,0.025437930402399507,0.14373396010987285,0.13090966281762348,-0.11015641723923501,-0.07743098060763791,1.0,1.0,495.2792774032402,514.8290641373062,4.68,5.943298000055108e-05,0.0399464,0.02678359,1.0715751647949219,1.0649136304855347,-0.9258423447608948,-0.9329483509063721,0.5738022923469543,0.5180525183677673,-0.14081192016601562,-0.14242999255657196,0.9470518827438354,0.9712381958961487,-1.0132126808166504,-0.9952771067619324
Fluid,6250,6250,4.7200603,1.0,1.0,11.853642147710323,11.442348155152798,0.03044216919262195,0.02520978164552653,0.1429586912801233,0.130371196860411,-0.109325025409034,-0.0766614486602298,1.0,1.0,491.7352353968811,511.38033956995486,4.72,6.034850999991903e-05,0.04033072,0.026437871,1.0713355541229248,1.064767599105835,-0.926567792892456,-0.9332987666130066,0.5707162022590637,0.5151921510696411,-0.14081938564777374,-0.14247334003448486,0.9477894306182861,0.9719346761703491,-1.0127838850021362,-0.9948254227638245
Fluid,6250,6250,4.7600613,1.0,1.0,11.995019091174603,11.574874543926716,0.030184745277274633,0.024983303897164296,0.14221037015089533,0.12984421773701296,-0.10849697594135534,-0.07589819281078874,1.0,1.0,488.21306992520334,507.9451910916948,4.76,6.126404000017516e-05,0.03975422,0.026108788,1.0710781812667847,1.0646237134933472,-0.9272885322570801,-0.9336441159248352,0.5676628947257996,0.5123484134674072,-0.14082542061805725,-0.14252039790153503,0.9485207200050354,0.9726250171661377,-1.0123428106307983,-0.9943751096725464
Fluid,6250,6250,4.8000622,1.0,1.0,12.136757488410472,11.70770090671301,0.029931220643944108,0.024758417911802097,0.14149131737273885,0.12932875783341763,-0.1076710373872472,-0.07514133540495997,1.0,1.0,484.71165351123335,504.5246820002151,4.8,6.217957000043128e-05,0.038776193,0.02577123,1.0708156824111938,1.0644822120666504,-0.9280163049697876,-0.9339846968650818,0.5646279454231262,0.5095211267471313,-0.14077171683311462,-0.14255960285663605,0.9492501020431519,0.9733087420463562,-1.011927604675293,-0.9939244985580444
Fluid,6250,6250,4.8400631,1.0,1.0,12.278690245392323,11.840985704424382,0.029682799516195665,0.024534745538872665,0.14076483035834972,0.1288249495663718,-0.10684936085684923,-0.0743911036248831,1.0,1.0,481.23178239748955,501.1180683772588,4.84,6.30950899997984e-05,0.038881857,0.025434757,1.0705435276031494,1.0643428564071655,-0.9287227392196655,-0.9343211650848389,0.5616230964660645,0.5067102313041687,-0.140834242105484,-0.14259295165538788,0.9499827027320862,0.9739854335784912,-1.0114973783493042,-0.9934741258621216
Fluid,6250,6250,4.880064,1.0,1.0,12.420978041844368,11.974624929413796,0.02943722575491629,0.02431171045161318,0.14006408681838098,0.12833191082399106,-0.10602994374751114,-0.07364763320715276,1.0,1.0,477.77173479111195,497.7243692795682,4.88,6.401062000005453e-05,0.0385692,0.02511022,1.070261836051941,1.0642037391662598,-0.9294223189353943,-0.934654712677002,0.558658242225647,0.5039147734642029,-0.14089027047157288,-0.1426212191581726,0.950706958770752,0.9746545553207397,-1.0110665559768677,-0.9930238723754883
Fluid,6250,6250,4.9200649,1.0,1.0,12.56364682622671,12.108644110951424,0.02919298421512591,0.02408925852442393,0.13939228478741933,0.12784883365462038,-0.1052086784854997,-0.07291053438219242,1.0,1.0,474.3317007951784,494.3426306908226,4.92,6.492615000031066e-05,0.037370265,0.024807148,1.0699756145477295,1.0640647411346436,-0.9301223158836365,-0.9350929856300354,0.5556869506835938,0.5011332035064697,-0.1407732367515564,-0.1426476240158081,0.9514337778091431,0.9753161668777466,-1.0106456279754639,-0.9925734996795654
Fluid,6250,6250,4.9600658,1.0,1.0,12.70682684046507,12.243043310511112,0.028955912376523483,0.02386766449019313,0.13871095517732376,0.12737584402738955,-0.10439152006721299,-0.07217867312139599,1.0,1.0,470.9094703691864,490.97229540556907,4.96,6.584166999967778e-05,0.0374329,0.02455044,1.069681167602539,1.0639269351959229,-0.9308014512062073,-0.9357206225395203,0.5527741312980652,0.4983651638031006,-0.1408153474330902,-0.14267215132713318,0.952158510684967,0.9759712219238281,-1.01021146774292,-0.9921218752861023
Fluid,6250,6250,5.0000668,1.0,1.0,12.850423192381859,12.377696109437942,0.028726637712896335,0.02364685400088085,0.13805577283223508,0.12691314139526338,-0.10357815810295287,-0.07145115684781991,1.0,1.0,467.5069650653362,487.6156248725057,5.0,6.67571999999339e-05,0.037463073,0.024280835,1.0693912506103516,1.0637892484664917,-0.9314534664154053,-0.9363204836845398,0.5498906970024109,0.49561041593551636,-0.1407793164253235,-0.14268875122070312,0.9528773427009583,0.9766203165054321,-1.0097699165344238,-0.9916691780090332
Fluid,6250,6250,5.0400677,1.0,1.0,12.994356825184822,12.512749713244439,0.028501745405560358,0.023426620564166514,0.1374183673211513,0.12646088543852646,-0.10277091978987679,-0.07072836067303724,1.0,1.0,464.12388099960805,484.2708866735458,5.04,6.767273000019003e-05,0.037113428,0.02402678,1.069092869758606,1.0636504888534546,-0.9320979118347168,-0.9368956685066223,0.5470118522644043,0.49286964535713196,-0.14070191979408264,-0.1426892876625061,0.9535933136940002,0.9772627353668213,-1.0093506574630737,-0.9912160038948059
Fluid,6250,6250,5.0800686,1.0,1.0,13.138631787681579,12.648277716369629,0.028275701657552273,0.023207251808722504,0.13678823084177508,0.12601940659648506,-0.10196951249785488,-0.0700102027684552,1.0,1.0,460.75965263875963,480.9368437646484,5.08,6.858825999955798e-05,0.036582526,0.023760132,1.0687795877456665,1.0635119676589966,-0.9327353835105896,-0.9374538660049438,0.5441609025001526,0.49014243483543396,-0.14052757620811462,-0.14267230033874512,0.9542955756187439,0.9778978824615479,-1.0089001655578613,-0.9907615780830383
Fluid,6250,6250,5.1200695,1.0,1.0,13.283311166872979,12.784376867427826,0.028054105999037855,0.022988574013503967,0.1361725238919491,0.12558784366081235,-0.10117864281382645,-0.06929638755203109,1.0,1.0,457.41319867684604,477.61267191082834,5.12,6.950377999981328e-05,0.036121078,0.023515143,1.0684583187103271,1.0633729696273804,-0.9333547353744507,-0.9379925727844238,0.541330873966217,0.4874277710914612,-0.14044289290905,-0.1426498293876648,0.9549909830093384,0.9785252809524536,-1.0084660053253174,-0.9903062582015991
Fluid,6250,6250,5.1600704,1.0,1.0,13.428371613154411,12.920890460586548,0.02783601980809588,0.02277028437617817,0.13556853201427146,0.12516581631521373,-0.10038610906602699,-0.06858723901322461,1.0,1.0,454.08467110569717,474.29824856401444,5.16,7.04193100000694e-05,0.035999004,0.023259131,1.06813645362854,1.0632331371307373,-0.9339652061462402,-0.9385132789611816,0.5384997129440308,0.48472508788108826,-0.1403483897447586,-0.14262476563453674,0.9556877613067627,0.9791441559791565,-1.008028268814087,-0.9898524880409241
Fluid,6250,6250,5.2000713,1.0,1.0,13.573756946897507,13.057826459169387,0.02762244738443289,0.022552359288738225,0.13497724082950038,0.12475380890941772,-0.09960157018051832,-0.06788346340389456,1.0,1.0,450.77364745836496,470.99311056411744,5.2,7.133483999943735e-05,0.03545472,0.022998458,1.0678097009658813,1.0630931854248047,-0.9345530867576599,-0.9390175342559814,0.5356976389884949,0.48203423619270325,-0.14021725952625275,-0.1425940841436386,0.9563778638839722,0.9797536134719849,-1.007594347000122,-0.9893999695777893
Fluid,6250,6250,5.2400723,1.0,1.0,13.719547375497818,13.195300841884613,0.027407549801515416,0.022334820345366605,0.1344078208053601,0.12435096332751389,-0.09882163586128503,-0.0671849858465651,1.0,1.0,447.4799253294277,467.6958611147809,5.24,7.225036999969348e-05,0.03523504,0.022738118,1.0674775838851929,1.0629534721374512,-0.9351270198822021,-0.9395074844360352,0.5329281687736511,0.4793544411659241,-0.14017294347286224,-0.142563596367836,0.9570674896240234,0.9803531169891357,-1.0071537494659424,-0.9889494776725769
Fluid,6250,6250,5.2800732,1.0,1.0,13.86568742693901,13.33315364832878,0.027189165130573092,0.0221178471252718,0.13385474408913403,0.12395754613030964,-0.09804602426884347,-0.0664920189614204,1.0,1.0,444.20425969409945,464.40824427531123,5.28,7.316588999994877e-05,0.035869103,0.022473507,1.067138910293579,1.062813639640808,-0.9357064366340637,-0.9399839639663696,0.5301437377929688,0.4766862094402313,-0.1399705559015274,-0.14252959191799164,0.9577491879463196,0.9809420108795166,-1.0067349672317505,-0.9885000586509705
Fluid,6250,6250,5.3200741,1.0,1.0,14.012129814929962,13.471545665364266,0.02696459853257169,0.02190189802451023,0.13330412700419197,0.12357266975828533,-0.09728334618511959,-0.06580485017921016,1.0,1.0,440.94554793173074,461.1287574737775,5.32,7.408141999931672e-05,0.033475854,0.022200448,1.0667915344238281,1.0626733303070068,-0.9362889528274536,-0.9404476881027222,0.5274009704589844,0.47402891516685486,-0.13985200226306915,-0.14248515665531158,0.9584230184555054,0.9815196394920349,-1.0063183307647705,-0.9880464673042297
Fluid,6250,6250,5.360075,1.0,1.0,14.158885306272508,13.610378437194825,0.02673955398957245,0.021686460696069408,0.13275229519249174,0.12319657446101162,-0.09652244050330133,-0.06512351606725715,1.0,1.0,437.7032509565425,457.85779132861256,5.36,7.499694999957285e-05,0.03328118,0.021956114,1.0664395093917847,1.062532663345337,-0.936867356300354,-0.9409011602401733,0.5246149897575378,0.47138285636901855,-0.13968396186828613,-0.14243315160274506,0.9590833783149719,0.9820858836174011,-1.005903959274292,-0.9875969290733337
Fluid,6250,6250,5.4000759,1.0,1.0,14.305957983312608,13.74953040148735,0.026519494599088794,0.021470834639217937,0.13221372908538206,0.12282939768854353,-0.09575600752909959,-0.06444683676664091,1.0,1.0,434.47722873223546,454.596124399727,5.4,7.591247999982897e-05,0.033029955,0.021723296,1.0660908222198486,1.062402367591858,-0.9374350905418396,-0.9413464069366455,0.5218490958213806,0.46874749660491943,-0.13965080678462982,-0.14237524569034576,0.9597533941268921,0.9826418161392212,-1.0054856538772583,-0.9871531128883362
Fluid,6250,6250,5.4400768,1.0,1.0,14.453347457532884,13.889119220228196,0.026303172054493333,0.02125569899499067,0.13168546458359284,0.12247084299091338,-0.09498838936914457,-0.06377571953245206,1.0,1.0,431.2679917233062,451.3434699541074,5.44,7.68279999991961e-05,0.03266317,0.021472441,1.0657516717910767,1.062273383140564,-0.9379746913909912,-0.9417845606803894,0.5191010236740112,0.4661222994327545,-0.13956448435783386,-0.14231252670288086,0.9604246616363525,0.9831866025924683,-1.005064606666565,-0.9867152571678162
Fluid,6250,6250,5.4800777,1.0,1.0,14.601072318086624,14.029213561339379,0.026089574386170135,0.021041769077646315,0.13116767810505117,0.12212012680281012,-0.09422465395489592,-0.06310980150556192,1.0,1.0,428.07478585597636,448.0988009005922,5.48,7.774352999945222e-05,0.032436747,0.021246087,1.0654094219207764,1.062143325805664,-0.9385184049606323,-0.9423106908798218,0.5163787007331848,0.46350690722465515,-0.13957123458385468,-0.1422407478094101,0.9610925912857056,0.9837204217910767,-1.0046466588974,-0.9862833023071289
Fluid,6250,6250,5.5200787,1.0,1.0,14.749202848262787,14.169724738321305,0.025884700430452358,0.020828298196573742,0.13066361149454314,0.1217778625922394,-0.09347090796573786,-0.06244843684569991,1.0,1.0,424.8974028567016,444.86263957918527,5.52,7.865906000059653e-05,0.031674888,0.021041406,1.0650770664215088,1.06201171875,-0.9390542507171631,-0.9429050087928772,0.5136845707893372,0.4609016478061676,-0.13956478238105774,-0.14216063916683197,0.9617499709129333,0.9842440485954285,-1.004228949546814,-0.9858556985855103
Fluid,6250,6250,5.5600796,1.0,1.0,14.897638920283317,14.310753536419869,0.025682314660244156,0.02061513982450124,0.1301673779788264,0.12144302386218624,-0.0927268543570931,-0.0617913027026807,1.0,1.0,421.7358702752912,441.6341474929965,5.56,7.957457999996365e-05,0.031456694,0.020835428,1.0647436380386353,1.0618782043457031,-0.9395803809165955,-0.9434932470321655,0.5110054612159729,0.4583052098751068,-0.13950826227664948,-0.14207518100738525,0.9623975157737732,0.9847576022148132,-1.0038172006607056,-0.9854315519332886
Fluid,6250,6250,5.6000805,1.0,1.0,15.04636364900589,14.452379882087708,0.025483847809191794,0.02040228501014877,0.12968837502937822,0.12111600028664368,-0.09199531237619231,-0.06113854694050969,1.0,1.0,418.5899855308819,438.41257823588194,5.6,8.049011000021977e-05,0.030850591,0.020605039,1.0644128322601318,1.0617427825927734,-0.9401037693023682,-0.9440759420394897,0.5083627700805664,0.45571786165237427,-0.13947847485542297,-0.1419835090637207,0.9630323052406311,0.9852609634399414,-1.0034126043319702,-0.9850110411643982
Fluid,6250,6250,5.6400814,1.0,1.0,15.19551939338684,14.594581489362717,0.025280089160241187,0.020190114444680513,0.12921343998753057,0.12079695224016454,-0.09127276599320583,-0.06049155426563695,1.0,1.0,415.45936389247896,435.19765497698126,5.64,8.14056400004759e-05,0.030667128,0.020372398,1.0640809535980225,1.0616059303283691,-0.9406270980834961,-0.9446532130241394,0.5057173371315002,0.45314058661460876,-0.1394738405942917,-0.14188829064369202,0.963658332824707,0.9857527613639832,-1.0030163526535034,-0.984595775604248
Fluid,6250,6250,5.6800823,1.0,1.0,15.34514248295784,14.737135873851775,0.025082147205847432,0.019978204814577474,0.12874890643821796,0.12048543730525503,-0.09055324520664755,-0.05984992203719914,1.0,1.0,412.3428956348133,431.99086863998446,5.68,8.232116999984385e-05,0.03037794,0.020158399,1.0637563467025757,1.0614681243896484,-0.941137433052063,-0.945226788520813,0.5030829310417175,0.45057252049446106,-0.13954034447669983,-0.14179129898548126,0.9642780423164368,0.9862337112426758,-1.0026183128356934,-0.9841846823692322
Fluid,6250,6250,5.7200832,1.0,1.0,15.495291237921714,14.880042265729903,0.024890421459781938,0.019766820590822028,0.1282967608487513,0.12018146758676754,-0.08984205398560619,-0.059213843352065594,1.0,1.0,409.2403572581077,428.79213842758594,5.72,8.323669000009914e-05,0.029808028,0.019929148,1.0634392499923706,1.0613298416137695,-0.9416382312774658,-0.9457970261573792,0.5004755258560181,0.4480140805244446,-0.13961906731128693,-0.14168885350227356,0.964888334274292,0.9867041707038879,-1.0022294521331787,-0.9837780594825745
Fluid,6250,6250,5.7600842,1.0,1.0,15.64580409646988,15.023329472351074,0.024704193628150968,0.01955663028135896,0.12785028518058417,0.11988425269862259,-0.08913252647796878,-0.058583394902693105,1.0,1.0,406.1512460900623,425.6001790948328,5.76,8.415222000035527e-05,0.029558383,0.019709358,1.0631288290023804,1.0611920356750488,-0.9421331286430359,-0.9463618397712708,0.4978824257850647,0.4454650282859802,-0.1397002786397934,-0.14158007502555847,0.9654970169067383,0.9871640801429749,-1.0018439292907715,-0.983376145362854
Fluid,6250,6250,5.8000851,1.0,1.0,15.796709990205764,15.166920672426224,0.024510443330464187,0.019347335728313774,0.1274167914875038,0.11959404312555212,-0.08842411748603103,-0.057958092997609637,1.0,1.0,403.0755328240317,422.41675804608644,5.8,8.50677500006114e-05,0.0295454,0.019496787,1.062809705734253,1.061057448387146,-0.9426251649856567,-0.9469208121299744,0.49529793858528137,0.4429251551628113,-0.13972875475883484,-0.14146701991558075,0.9661026000976562,0.9876141548156738,-1.0014582872390747,-0.982978105545044
Fluid,6250,6250,5.840086,1.0,1.0,15.947968910231591,15.310943889012337,0.024314268535490773,0.019138502665469424,0.1269908412558073,0.11931056674488151,-0.0877135273293173,-0.057337351049910064,1.0,1.0,400.0125817194134,419.2412706969586,5.84,8.598327999997935e-05,0.029205948,0.019321376,1.062495470046997,1.0609235763549805,-0.9431202411651611,-0.9474738836288452,0.4927249550819397,0.44039425253868103,-0.13977184891700745,-0.14135034382343292,0.9667096734046936,0.9880552291870117,-1.0010806322097778,-0.9825834035873413
Fluid,6250,6250,5.8800869,1.0,1.0,16.099427270169258,15.455365464968681,0.024127919972750243,0.0189296247567283,0.12657628480344663,0.11903356665752013,-0.0870124897860398,-0.05671903554746415,1.0,1.0,396.96275904211103,416.0738822416356,5.88,8.689880000023464e-05,0.02896408,0.01918648,1.062182903289795,1.0607894659042358,-0.9436107277870178,-0.9480215907096863,0.49015894532203674,0.43787118792533875,-0.13983045518398285,-0.1412304788827896,0.9673063158988953,0.9884901642799377,-1.0007013082504272,-0.9821898937225342
Fluid,6250,6250,5.9200878,1.0,1.0,16.251204858751297,15.600211068844795,0.023936808697649976,0.01872100512566976,0.1261712079161266,0.11876324024881876,-0.08631141592902132,-0.05610334281541553,1.0,1.0,393.92471065879704,412.9152022289023,5.92,8.781433000049077e-05,0.028797155,0.019013586,1.0618700981140137,1.0606563091278076,-0.944087028503418,-0.9485633969306946,0.4876031279563904,0.4353558123111725,-0.13983041048049927,-0.14110691845417023,0.967901885509491,0.988918662071228,-1.00032639503479,-0.9817976355552673
Fluid,6250,6250,5.9600887,1.0,1.0,16.403292197165488,15.745446284489631,0.023742850114588508,0.018513005178874227,0.12576882667629863,0.11849927684244321,-0.08561658486216911,-0.05549161951363727,1.0,1.0,390.8984927425343,409.76534439625385,5.96,8.872985999985872e-05,0.028404376,0.018844789,1.0615499019622803,1.0605242252349854,-0.9445765018463135,-0.9490993022918701,0.48506811261177063,0.43284809589385986,-0.1398836076259613,-0.14098119735717773,0.968490719795227,0.9893397092819214,-0.9999487996101379,-0.9814075231552124
Fluid,6250,6250,6.0000896,1.0,1.0,16.555808423886297,15.891041462330818,0.023548113197102212,0.018305348412456516,0.12537961045730683,0.11824155710015039,-0.08492535163582186,-0.05488346860946447,1.0,1.0,387.8839318724841,406.6248950694573,6.0,8.964539000011484e-05,0.02835816,0.018673321,1.0612295866012573,1.06039297580719,-0.945058286190033,-0.9496298432350159,0.4825407564640045,0.4303478002548218,-0.1399485021829605,-0.140853151679039,0.9690775275230408,0.9897540211677551,-0.999578058719635,-0.9810190796852112
Fluid,6250,6250,6.0400906,1.0,1.0,16.708724651055338,16.037083838181495,0.023353901435849256,0.01809840081146278,0.12499602075378469,0.11798976900718117,-0.08424109645838616,-0.05427963805084117,1.0,1.0,384.880183797285,403.49373970987676,6.04,9.056091000037014e-05,0.028059095,0.018497191,1.0609115362167358,1.0602630376815796,-0.9455437064170837,-0.9501550197601318,0.4800105690956116,0.42785462737083435,-0.13996456563472748,-0.14071998000144958,0.9696568250656128,0.9901614189147949,-0.9992159605026245,-0.9806327223777771
Fluid,6250,6250,6.0800915,1.0,1.0,16.862135775632858,16.18359663664818,0.02316399951687461,0.017892362780282275,0.12462265454217908,0.11774406756506883,-0.08356362202169607,-0.05368039412428625,1.0,1.0,381.8870425632933,400.3713660631655,6.08,9.147643999973809e-05,0.027543314,0.018317487,1.0605928897857666,1.0601341724395752,-0.9460228681564331,-0.9506746530532837,0.47751379013061523,0.4253684878349304,-0.14001034200191498,-0.14058499038219452,0.9702293276786804,0.9905622005462646,-0.9988553524017334,-0.9802485704421997
Fluid,6250,6250,6.1200924,1.0,1.0,17.015987129421234,16.33056700814247,0.022975523467069724,0.01768720793730812,0.12426001676193817,0.11750416000730009,-0.08289447777678724,-0.05308569063844625,1.0,1.0,378.9046566567588,397.2579554688683,6.12,9.239196999999422e-05,0.027362691,0.018135691,1.0602803230285645,1.0600063800811768,-0.9464927911758423,-0.9511894583702087,0.47503289580345154,0.4228895306587219,-0.1400076299905777,-0.14045046269893646,0.9707963466644287,0.9909564852714539,-0.9984974265098572,-0.9798673987388611
Fluid,6250,6250,6.1600933,1.0,1.0,17.17019309698105,16.478041409606934,0.022787769227295647,0.01748291029163782,0.12390114837343073,0.11727011536301958,-0.08222620142213767,-0.05249552532609407,1.0,1.0,375.9337104792085,394.1539526543415,6.16,9.330750000025034e-05,0.026964936,0.017976739,1.0600703954696655,1.0598796606063843,-0.94695645570755,-0.9516993761062622,0.47257328033447266,0.42041751742362976,-0.13998597860336304,-0.14031533896923065,0.9713606834411621,0.991344690322876,-0.9981446862220764,-0.9794871211051941
Fluid,6250,6250,6.2000942,1.0,1.0,17.32482014330864,16.625937389240264,0.022598475779315924,0.017278845532606356,0.12355153363396414,0.11704150800939359,-0.08156112131276168,-0.0519090520255384,1.0,1.0,372.9743048388493,391.05948503256155,6.2,9.422301999961746e-05,0.0270303,0.01781987,1.060097336769104,1.059754729270935,-0.9474227428436279,-0.9522064328193665,0.4701085388660431,0.41795146465301514,-0.1400640904903412,-0.1401798576116562,0.9719247817993164,0.991727888584137,-0.9977902173995972,-0.979106605052948
Fluid,6250,6250,6.2400951,1.0,1.0,17.4799124232769,16.774366966981887,0.022407798498250486,0.017075347585737474,0.12320960389791755,0.11681864789749961,-0.08090167369960807,-0.05132642284109024,1.0,1.0,370.0253812906456,387.97355842381046,6.24,9.513854999987359e-05,0.026843905,0.017655965,1.0601147413253784,1.0596307516098022,-0.9478861093521118,-0.9527097940444946,0.4676496982574463,0.4154919385910034,-0.14007093012332916,-0.14004302024841309,0.9724839329719543,0.9921062588691711,-0.9974387288093567,-0.9787259697914124
Fluid,6250,6250,6.2800961,1.0,1.0,17.635567051143646,16.923210169181825,0.02221511386250233,0.016872639418042963,0.12287485758854368,0.11660154896140622,-0.08024977689405147,-0.050748371473541484,1.0,1.0,367.086615353663,384.8980383905649,6.28,9.605408000012972e-05,0.02647778,0.017483821,1.0601212978363037,1.059506893157959,-0.9483521580696106,-0.9532092213630676,0.46521568298339844,0.413038969039917,-0.14004215598106384,-0.13990949094295502,0.9730425477027893,0.9924793243408203,-0.9970967769622803,-0.9783452153205872
Fluid,6250,6250,6.320097,1.0,1.0,17.791640559692382,17.07255978902817,0.022026111709065155,0.01667041058081435,0.12254838057255722,0.11638997367248288,-0.07960368694855133,-0.050175092545702356,1.0,1.0,364.1582698329547,381.8320905847144,6.32,9.696959999949684e-05,0.026110364,0.017322408,1.0601205825805664,1.0593838691711426,-0.9488118886947632,-0.9537050724029541,0.4628008306026459,0.41059204936027527,-0.14007580280303955,-0.13977758586406708,0.9735915660858154,0.9928471446037292,-0.9967532753944397,-0.977964460849762
Fluid,6250,6250,6.3600979,1.0,1.0,17.948176854982375,17.22232855916977,0.021846430644613574,0.016468886012609582,0.12223098271402763,0.11618345629204749,-0.07896388669964566,-0.04960595558807836,1.0,1.0,361.2396734280327,378.7759531593762,6.36,9.788512999975296e-05,0.025787398,0.017148783,1.060113549232483,1.0592617988586426,-0.9492672681808472,-0.9541969895362854,0.46038901805877686,0.40815064311027527,-0.14008265733718872,-0.13964565098285675,0.974134624004364,0.9932104349136353,-0.996410608291626,-0.9777376651763916
Fluid,6250,6250,6.4000988,1.0,1.0,18.10521354458809,17.372601364507677,0.021664932537321,0.016268302643415517,0.12191501681054069,0.1159823380768593,-0.0783201815803576,-0.04904156984470261,1.0,1.0,358.330979637997,375.7293903794326,6.4,9.880066000000909e-05,0.025705606,0.016990265,1.0601240396499634,1.0591399669647217,-0.9497067928314209,-0.9546846151351929,0.45795488357543945,0.4057154059410095,-0.1401200294494629,-0.1395135372877121,0.9746794700622559,0.9935687780380249,-0.9960671067237854,-0.9775407314300537
Fluid,6250,6250,6.4400997,1.0,1.0,18.262678341007234,17.523346196460725,0.02148324620730942,0.01606824337602462,0.12160660643806914,0.1157863051017544,-0.07767900050065481,-0.048481360212017315,1.0,1.0,355.43189485251173,372.6926039354485,6.44,9.971618999937704e-05,0.025653617,0.01682535,1.0601167678833008,1.0590169429779053,-0.9501559138298035,-0.9551686644554138,0.45553526282310486,0.4032857418060303,-0.14008276164531708,-0.13938316702842712,0.9752227663993835,0.9939255714416504,-0.9957143664360046,-0.9773391485214233
Fluid,6250,6250,6.4801006,1.0,1.0,18.420589269227982,17.674482199640273,0.021300956708775486,0.015868811369095348,0.12130200748937786,0.1155953699703372,-0.0770375826016115,-0.047925967018056834,1.0,1.0,352.54273457448676,369.6659569812095,6.48,0.00010063170999963233,0.025817344,0.01666577,1.0601001977920532,1.0588918924331665,-0.9505980610847473,-0.95564866065979,0.45312273502349854,0.4008617103099823,-0.14006125926971436,-0.13925465941429138,0.97576504945755,0.9942782521247864,-0.9953731298446655,-0.9771338105201721
Fluid,6250,6250,6.5201015,1.0,1.0,18.579019776506424,17.82606139431,0.021117034854740487,0.01566996576496982,0.12101045191608485,0.11540894995105948,-0.07639640258010942,-0.04737484218710917,1.0,1.0,349.6634782165362,366.64907399095534,6.52,0.00010154724000077664,0.025333794,0.0165144,1.0600793361663818,1.0587635040283203,-0.9510517120361328,-0.95612633228302,0.4507288932800293,0.39844274520874023,-0.1400640904903412,-0.13912734389305115,0.9763045310974121,0.9946265816688538,-0.9950410723686218,-0.9769130349159241
Fluid,6250,6250,6.5601025,1.0,1.0,18.737952443990707,17.978085370445253,0.02093082186316955,0.015471329931605141,0.12072259194679019,0.11522747982190457,-0.07576634984891396,-0.046827290516516656,1.0,1.0,346.7940542145726,363.6418486855254,6.56,0.00010246277000014459,0.025070416,0.016377762,1.0600517988204956,1.058631181716919,-0.9515069127082825,-0.9566007852554321,0.4483366906642914,0.3960292339324951,-0.1401069015264511,-0.13900364935398102,0.9768365621566772,0.9949716329574585,-0.9947150349617004,-0.9766907095909119
Fluid,6250,6250,6.6001034,1.0,1.0,18.89726321889877,18.130574180135728,0.020749278608749155,0.015273176020936516,0.12043967104389332,0.1150508484825294,-0.07514382684832206,-0.04628419027012074,1.0,1.0,343.93488596099496,360.6443341518321,6.6,0.00010337830000040071,0.024817374,0.01621911,1.0600261688232422,1.058494210243225,-0.9519585371017456,-0.9570720195770264,0.44596487283706665,0.393621027469635,-0.14009173214435577,-0.13888311386108398,0.9773603081703186,0.9953129291534424,-0.9943994879722595,-0.9764702320098877
Fluid,6250,6250,6.6401043,1.0,1.0,19.056901456413268,18.283546196479797,0.020562744356122566,0.015075690092273289,0.12016852649677952,0.11487887144740293,-0.07452551900084015,-0.04574490535139048,1.0,1.0,341.08611970267384,357.65619621664484,6.64,0.00010429382000065601,0.024707165,0.016090922,1.0599826574325562,1.0583524703979492,-0.9524208903312683,-0.9575399160385132,0.44360700249671936,0.3912179172039032,-0.14006642997264862,-0.13876643776893616,0.9778844118118286,0.995651125907898,-0.9940822124481201,-0.9762517213821411
Fluid,6250,6250,6.6801052,1.0,1.0,19.216982574033736,18.43691894449234,0.020370430445220553,0.014879328302689537,0.11990030169826,0.11471140434554312,-0.0739147808316385,-0.04520926104329701,1.0,1.0,338.2471317565846,354.67781086018374,6.68,0.00010520935000002396,0.024232285,0.015935352,1.0599247217178345,1.0582059621810913,-0.9528859853744507,-0.9580059051513672,0.4412514567375183,0.38881996273994446,-0.14005649089813232,-0.13884009420871735,0.9783985614776611,0.9959864616394043,-0.9937677383422852,-0.9760377407073975
Fluid,6250,6250,6.7201061,1.0,1.0,19.377457128915786,18.590774945344926,0.020178147375741973,0.014684205846379045,0.11963411137647112,0.1145480772047583,-0.07330821176946338,-0.04467820667202526,1.0,1.0,335.41934341876726,351.70828448652594,6.72,0.00010612488000028009,0.0240882,0.015777905,1.0598809719085693,1.0580552816390991,-0.9533599615097046,-0.9584684371948242,0.4388769865036011,0.3864268958568573,-0.140083909034729,-0.13891325891017914,0.9789036512374878,0.9963181614875793,-0.9934654235839844,-0.9758280515670776
Fluid,6250,6250,6.760107,1.0,1.0,19.538305753860474,18.74505170820236,0.01999172155881068,0.0144904123855941,0.11937848004771047,0.11438892000113847,-0.07271341649305497,-0.04415177120007109,1.0,1.0,332.60330432064853,348.74876969778165,6.76,0.00010704041000053621,0.023949023,0.0156197,1.059813380241394,1.0579007863998413,-0.953828752040863,-0.9589272141456604,0.4365510642528534,0.3840387463569641,-0.14003676176071167,-0.138981431722641,0.9793998003005981,0.9966462850570679,-0.993170440196991,-0.9756222367286682
Fluid,6250,6250,6.800108,1.0,1.0,19.69947837532997,18.899781323328018,0.019814227013574492,0.014298257372660154,0.11912664729677025,0.11423414736452746,-0.07211590733460617,-0.0436303680382148,1.0,1.0,329.79878849279305,345.79892475760215,6.8,0.00010795592999990333,0.023669766,0.015457048,1.0597646236419678,1.0577449798583984,-0.9542858600616455,-0.9593820571899414,0.434232622385025,0.38165584206581116,-0.14004571735858917,-0.13904529809951782,0.9798935651779175,0.9969705939292908,-0.9928776621818542,-0.9754201769828796
Fluid,6250,6250,6.8401089,1.0,1.0,19.86110424146652,19.055006131677626,0.01963865471231591,0.014107354255602259,0.11887601675594808,0.11408374599499278,-0.07152819191732561,-0.0431135545688076,1.0,1.0,327.0050311229435,342.8581616875044,6.84,0.00010887146000015946,0.023480095,0.0152955325,1.0597026348114014,1.0575881004333496,-0.9547388553619385,-0.9598331451416016,0.4319193363189697,0.3792785108089447,-0.14003752171993256,-0.13910484313964844,0.980380117893219,0.9972914457321167,-0.9925879836082458,-0.9752210378646851
Fluid,6250,6250,6.8801098,1.0,1.0,20.02319954922676,19.210704519929887,0.019468892759521843,0.013918183558712771,0.11863915502858494,0.11393734416817664,-0.07094175242095486,-0.0426014329576341,1.0,1.0,324.2218361224982,339.9260622938008,6.88,0.00010978699000041559,0.0231337,0.015135815,1.0596495866775513,1.0574326515197754,-0.9551878571510315,-0.9602799415588379,0.42961350083351135,0.3769064247608185,-0.1399468183517456,-0.13915778696537018,0.9808648228645325,0.9976087808609009,-0.9922997951507568,-0.9750251770019531
Fluid,6250,6250,6.9201107,1.0,1.0,20.185727851924895,19.366810110616683,0.01930057905130554,0.013730787589535175,0.11840243024796772,0.11379506572677404,-0.07035186902949238,-0.04209391081708367,1.0,1.0,321.45022385963557,337.0037478365739,6.92,0.0001107025099997827,0.023490133,0.01496806,1.0595927238464355,1.057278037071228,-0.9556375741958618,-0.9607225060462952,0.42731234431266785,0.3745398223400116,-0.13997463881969452,-0.13920560479164124,0.98134845495224,0.9979228377342224,-0.9920139908790588,-0.9748319983482361
Fluid,6250,6250,6.9601116,1.0,1.0,20.348713336315154,19.523409291849138,0.01913188727730012,0.013545603194750146,0.1181728138321609,0.11365693670569307,-0.06976647982549679,-0.04159134868596273,1.0,1.0,318.6901079543468,334.09031285928836,6.96,0.00011161804000003883,0.023020878,0.014793755,1.0595314502716064,1.0571249723434448,-0.9560827612876892,-0.9611607789993286,0.42501625418663025,0.37217891216278076,-0.14002077281475067,-0.13925044238567352,0.9818273186683655,0.9982331991195679,-0.9917274713516235,-0.9746423959732056
Fluid,6250,6250,7.0001125,1.0,1.0,20.512145262355805,19.68046126616478,0.018962467404183697,0.013362832360049943,0.1179801972224447,0.11352249233040668,-0.06917543152505881,-0.04109369642632461,1.0,1.0,315.94061948447325,331.18589971089125,7.0,0.00011253357000029496,0.022801092,0.014631582,1.0594736337661743,1.0569740533828735,-0.9565367102622986,-0.9615948796272278,0.42274266481399536,0.3698233366012573,-0.13993938267230988,-0.1392914354801178,0.9823174476623535,0.998539924621582,-0.9914419054985046,-0.9744564294815063
Fluid,6250,6250,7.0401134,1.0,1.0,20.67597650363922,19.83804605641365,0.018792664865972475,0.013182288584532798,0.1177583911921247,0.11339163454057125,-0.06859483848400413,-0.04060089807253418,1.0,1.0,313.20311305105554,328.2902610042353,7.04,0.0001134490999996629,0.022607837,0.014461033,1.059403896331787,1.056826114654541,-0.9569809436798096,-0.9620251655578613,0.4204373359680176,0.3674732446670532,-0.1398765742778778,-0.13932868838310242,0.9827798008918762,0.9988431334495544,-0.9911525249481201,-0.9742742776870728
Fluid,6250,6250,7.0801144,1.0,1.0,20.84034066493988,19.996210041131974,0.018620618405330462,0.013004001968314988,0.11754337817999069,0.11326433224386769,-0.06802432479730633,-0.04011320293344921,1.0,1.0,310.4767626526865,325.4036583730137,7.08,0.0001143646199999182,0.022565126,0.014301037,1.0593382120132446,1.0566810369491577,-0.9574326276779175,-0.962452232837677,0.4181504249572754,0.36512869596481323,-0.13990335166454315,-0.13936351239681244,0.9832453727722168,0.9991427063941956,-0.9910410642623901,-0.9740958213806152
Fluid,6250,6250,7.1201153,1.0,1.0,21.005148295402527,20.154880411338805,0.018441631498180795,0.01282772475530801,0.1173304790790769,0.11314064083278004,-0.06744866148090106,-0.03962954253938457,1.0,1.0,307.7613007271488,322.5255440732467,7.12,0.00011528015000017433,0.02215859,0.014173691,1.0592691898345947,1.056540608406067,-0.9578925371170044,-0.962876558303833,0.4158666729927063,0.3627893626689911,-0.13983672857284546,-0.13939540088176727,0.9837127923965454,0.9994395971298218,-0.9909793734550476,-0.9739203453063965
Fluid,6250,6250,7.1601162,1.0,1.0,21.17042684188843,20.313973207235335,0.018266974659810076,0.012653799956048751,0.1171254031483602,0.1130202395755262,-0.0668781300934637,-0.039149804372860815,1.0,1.0,305.0571233731012,319.6566570283108,7.16,0.00011619567999954228,0.0223114,0.01401786,1.059178113937378,1.056403636932373,-0.9583576321601868,-0.9632975459098816,0.41360482573509216,0.36045515537261963,-0.1398417204618454,-0.13942252099514008,0.9841745495796204,0.9997338056564331,-0.9909061789512634,-0.9737482070922852
Fluid,6250,6250,7.2001171,1.0,1.0,21.335994793653487,20.473445208997727,0.01809253127912758,0.012482511666659266,0.11692836507380591,0.11290331741011353,-0.06631747149698902,-0.03867462374721537,1.0,1.0,302.3650046993252,316.7981718104602,7.2,0.0001171112099997984,0.022110937,0.013860356,1.0590914487838745,1.0562704801559448,-0.958818793296814,-0.9637173414230347,0.41134634613990784,0.35812628269195557,-0.13977833092212677,-0.13944517076015472,0.98462975025177,1.0000249147415161,-0.990839421749115,-0.973580002784729
Fluid,6250,6250,7.240118,1.0,1.0,21.501901722593306,20.633449165964127,0.017918774403221906,0.012313813486387952,0.11673270990310994,0.1127898255317402,-0.06576039989889133,-0.03820366083711706,1.0,1.0,299.68512162999747,313.9499241805566,7.24,0.0001180267300000537,0.022077883,0.013736333,1.0589945316314697,1.0561416149139404,-0.9592836499214172,-0.9641352295875549,0.4091010093688965,0.35580265522003174,-0.13980668783187866,-0.13946351408958435,0.9850788116455078,1.00031316280365,-0.9907541871070862,-0.9734145998954773
Fluid,6250,6250,7.2801189,1.0,1.0,21.668177883348466,20.793874810066225,0.017735194523604586,0.012147234075185843,0.11654175112932426,0.11267967263455386,-0.06520299978584052,-0.037735207866295244,1.0,1.0,297.01727429187054,311.1119086991959,7.28,0.00011894225999942165,0.021648662,0.01362468,1.0589001178741455,1.056016445159912,-0.9597598910331726,-0.9645509719848633,0.40683916211128235,0.35348421335220337,-0.13973507285118103,-0.13947747647762299,0.985528290271759,1.0006003379821777,-0.9906657934188843,-0.9732506275177002
Fluid,6250,6250,7.3201199,1.0,1.0,21.834844663743972,20.954833165483475,0.01755088222431019,0.011983113913284615,0.11635624627762824,0.11257285743678454,-0.06465779304368188,-0.03727029997928854,1.0,1.0,294.3614150050035,308.2835821957443,7.32,0.00011985778999967778,0.021416293,0.013490617,1.058794379234314,1.0558949708938599,-0.9602386355400085,-0.9649642705917358,0.4045966565608978,0.3511715233325958,-0.13966120779514313,-0.1394892781972885,0.9859634041786194,1.0008853673934937,-0.990574836730957,-0.9730892777442932
Fluid,6250,6250,7.3601208,1.0,1.0,22.001833243780137,21.116192353811265,0.017369265782944857,0.011821493317510466,0.11617468973723764,0.11246918371276814,-0.06411121364277089,-0.03680920070973923,1.0,1.0,291.7176742778927,305.4659127494155,7.36,0.0001207733199999339,0.021357471,0.013350017,1.0586881637573242,1.0557767152786255,-0.9607226848602295,-0.9653751850128174,0.40236055850982666,0.34886446595191956,-0.13968977332115173,-0.13950113952159882,0.9864009022712708,1.0011680126190186,-0.9904760122299194,-0.9729610681533813
Fluid,6250,6250,7.4001217,1.0,1.0,22.169242957696916,21.2780499417305,0.01719199688664521,0.011662694769696027,0.1159962152382778,0.11236839333578887,-0.06356565623977047,-0.03635220380408107,1.0,1.0,289.08555231726376,302.6589637966893,7.4,0.00012168883999930102,0.021306382,0.013203766,1.0585811138153076,1.0556620359420776,-0.9612037539482117,-0.9657830595970154,0.40013760328292847,0.34656262397766113,-0.13953368365764618,-0.1395132839679718,0.9868415594100952,1.0014479160308838,-0.9903723001480103,-0.9728554487228394
Fluid,6250,6250,7.4401226,1.0,1.0,22.337080959596634,21.440459547109604,0.01701439453676867,0.011506450617108494,0.11582026418951093,0.11227053199423213,-0.06302236084104283,-0.035899445589547975,1.0,1.0,286.46468701430945,299.86276785418664,7.44,0.00012260436999955715,0.021221338,0.013070022,1.0584862232208252,1.055550456047058,-0.9616864919662476,-0.9661881327629089,0.3978903889656067,0.34426575899124146,-0.13951939344406128,-0.13952389359474182,0.9872741103172302,1.0017249584197998,-0.9902626872062683,-0.9727523326873779
Fluid,6250,6250,7.4801235,1.0,1.0,22.50532139456749,21.603263554506302,0.016839508249499195,0.011352671774064656,0.11565485858200235,0.11217577034476985,-0.06248547939471435,-0.035450677125043586,1.0,1.0,283.85568956192856,297.07825094893747,7.48,0.00012351989999981328,0.021213915,0.012926037,1.0583844184875488,1.0554426908493042,-0.9621641039848328,-0.9665902256965637,0.3956606686115265,0.34197428822517395,-0.13962623476982117,-0.13953319191932678,0.9876960515975952,1.0019994974136353,-0.990147590637207,-0.9726512432098389
Fluid,6250,6250,7.5201244,1.0,1.0,22.673855711460114,21.7665483415699,0.01666765137050301,0.011201876103842514,0.11548867961393669,0.11208379240741895,-0.06195475649140426,-0.035006559747797435,1.0,1.0,281.25873115780075,294.30528172096376,7.52,0.00012443542000006858,0.020836644,0.01277666,1.0582914352416992,1.055338740348816,-0.962638258934021,-0.9669886827468872,0.39343541860580444,0.3396883010864258,-0.13971075415611267,-0.1395409107208252,0.9881178736686707,1.0022709369659424,-0.9900327324867249,-0.9725519418716431
Fluid,6250,6250,7.5601254,1.0,1.0,22.842804755630493,21.93042989616394,0.016494674538763066,0.01105375483125681,0.1153252275686129,0.11199454745044582,-0.06141934642232139,-0.03456680537630804,1.0,1.0,278.67308979761407,291.54351928177283,7.56,0.0001253509500003247,0.021050405,0.012635031,1.0582005977630615,1.055238127708435,-0.9631139039993286,-0.9673838019371033,0.39119163155555725,0.3374071717262268,-0.13983309268951416,-0.1395464390516281,0.9885410070419312,1.0025393962860107,-0.9899068474769592,-0.9724541306495667
Fluid,6250,6250,7.6001263,1.0,1.0,23.012323313846586,22.094928255958557,0.016327109808172098,0.010908178251759673,0.1151672090618423,0.11190805604902213,-0.06088186910689343,-0.03413146765303827,1.0,1.0,276.0980343223438,288.7928449591385,7.6,0.00012626648000058083,0.020764863,0.012493288,1.05810546875,1.0551400184631348,-0.9635838866233826,-0.9677754044532776,0.3889843225479126,0.33513143658638,-0.13981692492961884,-0.1395498812198639,0.9889651536941528,1.0028046369552612,-0.9897688031196594,-0.9723578095436096
Fluid,6250,6250,7.6401272,1.0,1.0,23.182285896720884,22.259841844825743,0.016154829863824417,0.01076526476769359,0.11501326323267771,0.11182400383317029,-0.060346179277760675,-0.033699595442407006,1.0,1.0,273.5342914985465,286.0550365649491,7.64,0.00012718200999994878,0.020716203,0.012387052,1.0580121278762817,1.0550442934036255,-0.9640449285507202,-0.9681631326675415,0.3867705762386322,0.33286169171333313,-0.1399432122707367,-0.13955099880695343,0.9893902540206909,1.0030677318572998,-0.9896368980407715,-0.9722623229026794
Fluid,6250,6250,7.6801281,1.0,1.0,23.35264345184326,22.4252442376709,0.015983345416635274,0.010625069151140051,0.11486659982513286,0.11174247686401736,-0.05982129919358063,-0.033270985754784634,1.0,1.0,270.9816446297734,283.3303019775312,7.68,0.00012809753000020407,0.020434972,0.012261906,1.0579118728637695,1.0549505949020386,-0.9645180106163025,-0.9685465097427368,0.38457512855529785,0.33059972524642944,-0.13996990025043488,-0.13955006003379822,0.9898099899291992,1.003328800201416,-0.9895029067993164,-0.9721670746803284
Fluid,6250,6250,7.720129,1.0,1.0,23.52343874397278,22.591060244026185,0.01581555489230319,0.010487872583732823,0.11471465754618053,0.11166347794067057,-0.05930079690492712,-0.032846401711264774,1.0,1.0,268.4401109109354,280.6190498164586,7.72,0.0001290130600004602,0.020129684,0.012127134,1.0578020811080933,1.054858684539795,-0.9649823307991028,-0.9689251780509949,0.382384330034256,0.3283482491970062,-0.1400817185640335,-0.13954704999923706,0.9902175664901733,1.003587007522583,-0.9893635511398315,-0.9720726013183594
Fluid,6250,6250,7.7601299,1.0,1.0,23.694575187740327,22.75717860107422,0.01564630092249252,0.010353738511282717,0.11457332793055218,0.11158702586129017,-0.05878903635063441,-0.03242617083577381,1.0,1.0,265.9100017485986,277.9218981135164,7.76,0.00012992858999982815,0.02047603,0.011990493,1.0576952695846558,1.0547683238983154,-0.9654485583305359,-0.9692989587783813,0.38017648458480835,0.3261106014251709,-0.1401577591896057,-0.139541894197464,0.990615725517273,1.0038422346115112,-0.9892255663871765,-0.9719786643981934
Fluid,6250,6250,7.8001308,1.0,1.0,23.866149067554474,22.923719421234132,0.015485711242635734,0.010222645541609964,0.11443400332195103,0.11151285881931719,-0.058285910773577636,-0.032010398715690246,1.0,1.0,263.3913577640647,275.2391191432181,7.8,0.00013084412000008427,0.019631593,0.011860137,1.0575878620147705,1.0546801090240479,-0.9658999443054199,-0.9696679711341858,0.37799838185310364,0.32389235496520996,-0.14012973010540009,-0.1395350992679596,0.9910053610801697,1.0040942430496216,-0.9890871644020081,-0.9718852043151855
Fluid,6250,6250,7.8401318,1.0,1.0,24.03804780641556,23.090647385025026,0.015320541808164561,0.010094383004236878,0.11429540333396639,0.1114409836984532,-0.05779456370003754,-0.03159861463695299,1.0,1.0,260.8840583037989,272.5711613017635,7.84,0.00013175964000033957,0.019485263,0.011741036,1.0574727058410645,1.0545943975448608,-0.9663537740707397,-0.9700325727462769,0.3758118450641632,0.32169845700263977,-0.1402149349451065,-0.1395258903503418,0.991380512714386,1.0043435096740723,-0.9889531135559082,-0.9717915058135986
Fluid,6250,6250,7.8801327,1.0,1.0,24.21036228366852,23.257933773117067,0.015153132080039941,0.009969168502143584,0.11416565547078848,0.11137119546681468,-0.05730900319846114,-0.031190835525847505,1.0,1.0,258.3879998939118,269.918599201679,7.88,0.00013267516999970752,0.019705795,0.011609389,1.0573502779006958,1.054510235786438,-0.9668081402778625,-0.9703925251960754,0.37364640831947327,0.31953299045562744,-0.14017130434513092,-0.13951437175273895,0.991757333278656,1.0045901536941528,-0.9888003468513489,-0.9716971516609192
Fluid,6250,6250,7.9201336,1.0,1.0,24.38307496564865,23.425596913089752,0.01498434101680643,0.00984709703336528,0.11403474308804376,0.11130352481676324,-0.05681671590262326,-0.030787632375550458,1.0,1.0,255.9033321096788,267.2816972895125,7.92,0.00013359069999996365,0.019594194,0.011473103,1.0572328567504883,1.0544270277023315,-0.9672622680664062,-0.9707478284835815,0.3714706599712372,0.31740114092826843,-0.14028027653694153,-0.139499694108963,0.9921438694000244,1.0048333406448364,-0.9886454939842224,-0.971602201461792
Fluid,6250,6250,7.9601345,1.0,1.0,24.55626370792389,23.593671337299348,0.014811796867430676,0.009727875862638466,0.11390816922825528,0.11123793890577974,-0.05631558995314292,-0.03038825091255596,1.0,1.0,253.4302462149594,264.66069477751944,7.96,0.00013450623000021977,0.020254325,0.01136734,1.0571115016937256,1.0543442964553833,-0.9677190780639648,-0.9710990786552429,0.36927810311317444,0.3153078556060791,-0.14026710391044617,-0.13948312401771545,0.9925285577774048,1.00507390499115,-0.9884892106056213,-0.9715062379837036
Fluid,6250,6250,8.0001354,1.0,1.0,24.729916155509947,23.762019347324372,0.01463366060985485,0.009611541873366951,0.11378455868399717,0.11117426285129157,-0.055820767555194904,-0.02999257505565882,1.0,1.0,250.96844698297423,262.056061737952,8.0,0.00013542175000047507,0.01982651,0.011241434,1.0569846630096436,1.0542625188827515,-0.9681779146194458,-0.9714462161064148,0.36710643768310547,0.31325504183769226,-0.14029429852962494,-0.13946428894996643,0.992910623550415,1.0053118467330933,-0.9883284568786621,-0.9714089035987854
Fluid,6250,6250,8.0401363,1.0,1.0,24.903966827106476,23.9307761687088,0.014465444506903005,0.009498273493103334,0.11366636153571948,0.11111237251308746,-0.055323648769176795,-0.02960117583694402,1.0,1.0,248.51830312703694,259.46809095355206,8.04,0.0001363372800007312,0.019249199,0.011123366,1.056854009628296,1.054181694984436,-0.9686225056648254,-0.9717893600463867,0.3649430274963379,0.3112441301345825,-0.14028678834438324,-0.1394428312778473,0.9932891130447388,1.0055465698242188,-0.988167405128479,-0.9713104367256165
Fluid,6250,6250,8.0801373,1.0,1.0,25.078427151203154,24.100017773017882,0.014298447488126111,0.009388073375477689,0.11354466675450298,0.11105231942309125,-0.054833374304723695,-0.029213146683815576,1.0,1.0,246.07947060046837,256.89692733506354,8.08,0.00013725280999921097,0.019968152,0.011014823,1.0567234754562378,1.0541014671325684,-0.9690632224082947,-0.9721286296844482,0.3627619743347168,0.30927592515945435,-0.14036959409713745,-0.13941913843154907,0.9936612844467163,1.0057790279388428,-0.9879939556121826,-0.9712096452713013
Fluid,6250,6250,8.1201382,1.0,1.0,25.253345497894287,24.269708957042695,0.014131798002435535,0.009281185613647103,0.11342689846538823,0.11099407822214286,-0.054355645670478694,-0.028829056568836095,1.0,1.0,243.6521840305185,254.34285974226572,8.12,0.00013816833000035444,0.019061679,0.010899577,1.0565916299819946,1.054021954536438,-0.96949303150177,-0.9724639654159546,0.3606065809726715,0.307354211807251,-0.14027342200279236,-0.13939325511455536,0.9940232038497925,1.0060086250305176,-0.9878196716308594,-0.9711072444915771
Fluid,6250,6250,8.1601391,1.0,1.0,25.428914511184693,24.439712963562013,0.013969056514572585,0.009177113603573452,0.11332335600960941,0.1109374821226648,-0.053877988711011134,-0.02844834352682403,1.0,1.0,241.2361647781194,251.8068170243047,8.16,0.00013908386000061057,0.018407492,0.010794197,1.056458592414856,1.053942322731018,-0.9699174165725708,-0.9727957248687744,0.3584693670272827,0.30548009276390076,-0.14033780992031097,-0.13936467468738556,0.9943792223930359,1.0062358379364014,-0.9876413345336914,-0.9710023999214172
Fluid,6250,6250,8.20014,1.0,1.0,25.60502924829483,24.610012182769776,0.013813322130653541,0.009075798077807994,0.11321047293832467,0.11088256303391536,-0.053398825066839344,-0.028071313708176605,1.0,1.0,238.83184574474177,249.28901793836013,8.2,0.0001399993900008667,0.019523125,0.0106860865,1.056333303451538,1.0538628101348877,-0.9703266620635986,-0.9731239080429077,0.35630616545677185,0.30365481972694397,-0.14032405614852905,-0.13933402299880981,0.9947324991226196,1.006460428237915,-0.9874768257141113,-0.9708952307701111
Fluid,6250,6250,8.2401409,1.0,1.0,25.78181335395813,24.7805505279541,0.013648619433635613,0.008977464055232703,0.11309987030338817,0.11082921518790768,-0.05292418677895039,-0.027698158175368442,1.0,1.0,236.43826860816813,246.78961928235256,8.24,0.00014091491999934647,0.019056404,0.010580819,1.0562000274658203,1.0537832975387573,-0.9707327485084534,-0.9734480381011963,0.3541543781757355,0.3018774688243866,-0.1402754932641983,-0.13930140435695648,0.9950927495956421,1.006682276725769,-0.9873025417327881,-0.9707854986190796
Fluid,6250,6250,8.2801418,1.0,1.0,25.959041250133513,24.951343280696868,0.013472981384150335,0.008881886025260901,0.1130061873725889,0.11077740590973845,-0.052441752677810725,-0.02732872382888454,1.0,1.0,234.05643658537724,244.30909022362815,8.28,0.00014183044000048994,0.018833835,0.010477708,1.056066632270813,1.053703784942627,-0.9711534380912781,-0.9737684726715088,0.35197848081588745,0.3001474142074585,-0.14031751453876495,-0.13926708698272705,0.9954478144645691,1.006901502609253,-0.9871116280555725,-0.9706723690032959
Fluid,6250,6250,8.3201427,1.0,1.0,26.136644612960815,25.12234728919983,0.01329770373129344,0.008788810182018205,0.1129023563894548,0.1107269862247957,-0.0519671666801034,-0.026963202015273274,1.0,1.0,231.68654567350026,241.84763278302628,8.32,0.0001427459699989697,0.018989448,0.010376951,1.0559206008911133,1.0536235570907593,-0.9715617299079895,-0.9740856885910034,0.3498154580593109,0.2984634339809418,-0.1402714103460312,-0.1392309069633484,0.9957963824272156,1.0071178674697876,-0.9869282245635986,-0.9705559611320496
Fluid,6250,6250,8.3601437,1.0,1.0,26.31466540477753,25.2936008694458,0.013129772446048446,0.00869792299961904,0.1128022547998192,0.11067784872047079,-0.051500577485685935,-0.026600910854636457,1.0,1.0,229.32904502757236,239.40527185242814,8.36,0.0001436615000010022,0.018770967,0.010295842,1.0557807683944702,1.053541660308838,-0.9719581007957458,-0.9743999242782593,0.3476701080799103,0.29682573676109314,-0.14026132225990295,-0.13919247686862946,0.9961400032043457,1.0073320865631104,-0.9867433905601501,-0.9704350829124451
Fluid,6250,6250,8.4001446,1.0,1.0,26.493104391708375,25.465075239887238,0.012966232130752178,0.008609334756295611,0.11270943121316843,0.11062989234875364,-0.051044681084546024,-0.026241980188713643,1.0,1.0,226.98397833389706,236.98261797201874,8.4,0.00014457702999948197,0.01813492,0.0101950215,1.0556355714797974,1.0534595251083374,-0.9723401069641113,-0.9747108817100525,0.34552332758903503,0.2952331602573395,-0.14029516279697418,-0.1391517072916031,0.9964727759361267,1.0075440406799316,-0.9865527749061584,-0.9703090190887451
Fluid,6250,6250,8.4401455,1.0,1.0,26.671939915199278,25.63673199359894,0.012794534813918871,0.008523115183492773,0.11261244353966206,0.11058315585528326,-0.05058226408396149,-0.02588699809473008,1.0,1.0,224.65181576332367,234.5793130248864,8.44,0.00014549255000062544,0.019080926,0.010094534,1.0554933547973633,1.0533767938613892,-0.9727224707603455,-0.9750184416770935,0.34336942434310913,0.2936851680278778,-0.14023256301879883,-0.13910870254039764,0.9968051314353943,1.0077531337738037,-0.9863615036010742,-0.9701776504516602
Fluid,6250,6250,8.4801464,1.0,1.0,26.851260365524293,25.808600732269287,0.012628783603814081,0.008439323578424519,0.11251767568213167,0.11053749337225163,-0.05012373603661777,-0.025535841107628077,1.0,1.0,222.3324391739568,232.19563789579163,8.48,0.0001464080799991052,0.018471131,0.0099908365,1.0553429126739502,1.0532934665679932,-0.9730935096740723,-0.9753227233886719,0.3412511646747589,0.2921812832355499,-0.14025181531906128,-0.13906329870224,0.9971448183059692,1.0079593658447266,-0.9861538410186768,-0.9700412154197693
Fluid,6250,6250,8.5201473,1.0,1.0,27.031032522583008,25.980660745754243,0.012464451573174155,0.008357887666371534,0.11244134466957999,0.11049294647406321,-0.049669728316098914,-0.02518910499198828,1.0,1.0,220.0260414260407,229.8315454511385,8.52,0.0001473236100011377,0.017830629,0.009875609,1.0552107095718384,1.0532641410827637,-0.973458468914032,-0.975623607635498,0.3391098082065582,0.2907213866710663,-0.14022280275821686,-0.13901570439338684,0.9974750280380249,1.008162260055542,-0.9859446883201599,-0.9700229167938232
Fluid,6250,6250,8.5601482,1.0,1.0,27.211281630249022,26.15289434371948,0.01231178128275089,0.008278645717891631,0.11235419648919837,0.11044951722808298,-0.049217902402203764,-0.024846790122084784,1.0,1.0,217.73231954297796,227.48745911468208,8.56,0.00014823913999961746,0.018297883,0.009768629,1.0550726652145386,1.053275227546692,-0.973798930644989,-0.975921094417572,0.33698853850364685,0.2893069386482239,-0.14015546441078186,-0.138965904712677,0.9977890849113464,1.00836181640625,-0.9857463240623474,-0.970015287399292
Fluid,6250,6250,8.6001492,1.0,1.0,27.391981946544647,26.32530077337265,0.012152687632649614,0.008201513748327562,0.11226402937371982,0.11040705259420923,-0.04875960891254363,-0.024508586437950144,1.0,1.0,215.45162637486973,225.16325179924382,8.6,0.00014915466000076094,0.01807917,0.009669516,1.054929494857788,1.0532869100570679,-0.9741436839103699,-0.9762154221534729,0.3348652720451355,0.287936270236969,-0.1401914358139038,-0.13891348242759705,0.99811851978302,1.0085581541061401,-0.985540509223938,-0.9700207114219666
Fluid,6250,6250,8.6401501,1.0,1.0,27.573141215114592,26.497999178066255,0.01199235157895484,0.008126436763449455,0.11218938537951093,0.11036546233395347,-0.04830231248242315,-0.024174398809072444,1.0,1.0,213.1843195758643,222.85878269121983,8.64,0.0001500701899992407,0.017896252,0.009573007,1.054782509803772,1.053299069404602,-0.9744777679443359,-0.9765064716339111,0.33274173736572266,0.28660836815834045,-0.14012031257152557,-0.1388593465089798,0.998439610004425,1.008751392364502,-0.9853408932685852,-0.9700398445129395
Fluid,6250,6250,8.680151,1.0,1.0,27.754689157886506,26.670876770133972,0.01183223168891971,0.008053373292266042,0.11210727999501163,0.11032470136339326,-0.0478504494845448,-0.023844182940749453,1.0,1.0,210.9308355635231,220.57397724786722,8.68,0.00015098571999949684,0.018340878,0.009469975,1.0546481609344482,1.0533114671707153,-0.9748116731643677,-0.976794421672821,0.33060041069984436,0.285320520401001,-0.14010293781757355,-0.13880367577075958,0.9987579584121704,1.0089415311813354,-0.9851340055465698,-0.9700732827186584
Fluid,6250,6250,8.7201519,1.0,1.0,27.936685539340974,26.843838349018096,0.011678901751751547,0.007982273169149411,0.11202085001345957,0.11028473337731987,-0.04741478903387877,-0.023517777401379135,1.0,1.0,208.69111954278551,218.30895039735668,8.72,0.00015190124999975296,0.017956767,0.009381822,1.0545040369033813,1.0533242225646973,-0.9751198291778564,-0.9770792722702026,0.3285152316093445,0.28407272696495056,-0.14009255170822144,-0.1387462466955185,0.9990532398223877,1.0091288089752197,-0.9849361181259155,-0.970121443271637
Fluid,6250,6250,8.7601528,1.0,1.0,28.119060028877257,27.016854256839753,0.011525399866974912,0.007913128575515002,0.11196041241616636,0.1102454879516318,-0.046984760846298886,-0.02319462825460592,1.0,1.0,206.46558810378582,216.06356316318713,8.76,0.00015281677000089644,0.017523054,0.009304327,1.054365873336792,1.0533372163772583,-0.9754218459129333,-0.9773610234260559,0.32642075419425964,0.2828594744205475,-0.14009441435337067,-0.13868732750415802,0.999352753162384,1.0093861818313599,-0.9847290515899658,-0.9701833128929138
Fluid,6250,6250,8.8001537,1.0,1.0,28.3018757579422,27.18999827852249,0.011365636720163748,0.007845754980370403,0.11188480736169965,0.11020694151896081,-0.046554909027414396,-0.02287473512654542,1.0,1.0,204.25439658576363,213.83776149420893,8.8,0.0001537322999993762,0.017942071,0.009216644,1.0542395114898682,1.0533504486083984,-0.9757232069969177,-0.9776397943496704,0.3243309557437897,0.28167831897735596,-0.13997577130794525,-0.13862687349319458,0.9996483325958252,1.0096501111984253,-0.9845228791236877,-0.970258355140686
Fluid,6250,6250,8.8401546,1.0,1.0,28.48520218477249,27.36332144262314,0.011209255176538717,0.007780273883217014,0.11180505077160284,0.11016914823263374,-0.046117681236367204,-0.022558677478998434,1.0,1.0,202.05756382112,211.63145486642784,8.84,0.00015464782999963234,0.017658396,0.009119795,1.0540997982025146,1.0533653497695923,-0.976018488407135,-0.9779154658317566,0.3222704827785492,0.28052911162376404,-0.13999029994010925,-0.1385650932788849,0.9999446272850037,1.0099091529846191,-0.984303891658783,-0.970346987247467
Fluid,6250,6250,8.8801556,1.0,1.0,28.668926751441955,27.53685664587021,0.011062190260439237,0.007716790930468124,0.11174424840607913,0.1101320507946791,-0.04569622054437117,-0.022246772560599492,1.0,1.0,199.87574656809102,209.44441443447857,8.88,0.00015556334999899946,0.017041031,0.009022297,1.053978681564331,1.0533806085586548,-0.9762915372848511,-0.9781878590583801,0.3202311396598816,0.27941128611564636,-0.13993459939956665,-0.13850216567516327,1.0002305507659912,1.0101631879806519,-0.9840931296348572,-0.9704500436782837
Fluid,6250,6250,8.9201565,1.0,1.0,28.85297056722641,27.710544609661103,0.010908601545157144,0.007655179866724648,0.11167341007145005,0.11009559496386617,-0.04527630134500447,-0.021939079747867653,1.0,1.0,197.70958770425685,207.27658389973956,8.92,0.00015647887999925558,0.017512664,0.008925706,1.0538499355316162,1.0533959865570068,-0.9765645861625671,-0.9784570336341858,0.3182198107242584,0.2783219814300537,-0.1399175077676773,-0.13843859732151031,1.0005096197128296,1.0104119777679443,-0.9838765263557434,-0.9705675840377808
Fluid,6250,6250,8.9601574,1.0,1.0,29.037325088825227,27.884407850837707,0.010759733032260556,0.00759544628680218,0.11160391571854357,0.11005982183147221,-0.04486665875988547,-0.021635596528496243,1.0,1.0,195.55948767199214,205.1279999228572,8.96,0.0001573944099995117,0.0170426,0.008830136,1.053728461265564,1.0534117221832275,-0.9768286943435669,-0.9787227511405945,0.3162780702114105,0.27725929021835327,-0.13983754813671112,-0.13837403059005737,1.0007778406143188,1.0106555223464966,-0.9836686253547668,-0.970699667930603
Fluid,6250,6250,9.0001583,1.0,1.0,29.222088210392,28.058371077022553,0.010608109848174499,0.007537637756957847,0.11154786615070479,0.11002476371943253,-0.04445967045239988,-0.021336248800812172,1.0,1.0,193.4253207223115,202.9985232652457,9.0,0.00015830993999976783,0.01639573,0.008737058,1.0536046028137207,1.0534279346466064,-0.9770873188972473,-0.9789848923683167,0.31435802578926086,0.2762274742126465,-0.13982398808002472,-0.1384507119655609,1.0010429620742798,1.0108939409255981,-0.9834486842155457,-0.9708465337753296
Fluid,6250,6250,9.0401592,1.0,1.0,29.40726673069,28.23242386367798,0.010462533843008569,0.007481817740505794,0.11149215825386578,0.10999032668748056,-0.04405479475464439,-0.02104135098042316,1.0,1.0,191.30755588522084,200.88812004129738,9.04,0.0001592254600009113,0.016167535,0.008633226,1.0534683465957642,1.0534452199935913,-0.977333128452301,-0.9792432188987732,0.3124982416629791,0.27522754669189453,-0.13977061212062836,-0.13855530321598053,1.001312494277954,1.01112699508667,-0.9832351207733154,-0.9710073471069336
Fluid,6250,6250,9.0801601,1.0,1.0,29.59276320585251,28.4066182768631,0.010322443534393096,0.007427818544035545,0.11142324580841464,0.10995649369745457,-0.04364734064714401,-0.02075096975193126,1.0,1.0,189.20661487941922,198.7968027309601,9.08,0.00016014098999939108,0.017235499,0.008537887,1.0533456802368164,1.0534629821777344,-0.9775699377059937,-0.9794979095458984,0.3106633722782135,0.27425292134284973,-0.13974493741989136,-0.1386580616235733,1.0015708208084106,1.0113544464111328,-0.9830099940299988,-0.9711797833442688
Fluid,6250,6250,9.1201611,1.0,1.0,29.77855895547867,28.580960638313293,0.010184121008282237,0.007375430389358371,0.11135990387774714,0.10992315883438394,-0.04325412750854972,-0.02046424709184561,1.0,1.0,187.1228736768283,196.72423780808515,9.12,0.00016105652000142356,0.016790355,0.00847536,1.0532416105270386,1.0534807443618774,-0.9777994155883789,-0.9797490835189819,0.3088887631893158,0.2733039855957031,-0.13968387246131897,-0.1387598216533661,1.0018230676651,1.0115770101547241,-0.9827910661697388,-0.9713596701622009
Fluid,6250,6250,9.160162,1.0,1.0,29.96458817768097,28.75547589521408,0.010037965145388152,0.007324748795133419,0.11130930641263229,0.10989030991303443,-0.042857860089899044,-0.020180227382031735,1.0,1.0,185.05669315629237,194.67021783411502,9.16,0.00016197204999990333,0.016331397,0.008407944,1.0531278848648071,1.05349862575531,-0.9780224561691284,-0.979996383190155,0.30716773867607117,0.2723800837993622,-0.13965289294719696,-0.13886070251464844,1.0020674467086792,1.0117958784103394,-0.9825671315193176,-0.971542477607727
Fluid,6250,6250,9.2001629,1.0,1.0,30.150883175544738,28.93011029460907,0.009895874968618155,0.007275730855395669,0.1112503900656727,0.10985795591270406,-0.042452834449246295,-0.01989950014130445,1.0,1.0,183.00806444269278,192.63488442922377,9.2,0.0001628875700010468,0.016952105,0.00833179,1.05302095413208,1.0535162687301636,-0.9782460927963257,-0.980239748954773,0.3054743707180023,0.2714766263961792,-0.13959161937236786,-0.1389605849981308,1.0023212432861328,1.0120102167129517,-0.9823295474052429,-0.9717240333557129
Fluid,6250,6250,9.2401638,1.0,1.0,30.337459555397032,29.104904728317262,0.009744621140188538,0.00722834678262705,0.11118981833310157,0.10982607953563157,-0.04205768570376444,-0.019622501072606536,1.0,1.0,180.97722614308083,190.61794652001828,9.24,0.00016380309999952658,0.016786426,0.0082465615,1.0528959035873413,1.0535335540771484,-0.9784723520278931,-0.9804791808128357,0.3038315176963806,0.27059271931648254,-0.13954110443592072,-0.13905899226665497,1.0025681257247925,1.0122195482254028,-0.9821012616157532,-0.9718987345695496
Fluid,6250,6250,9.2801647,1.0,1.0,30.524336542549133,29.279910323905945,0.009603568275014403,0.007182347907547374,0.11114741857583402,0.10979470238852373,-0.041669664388438686,-0.019349572610782927,1.0,1.0,178.9642145375975,188.61908785487316,9.28,0.0001647186299997827,0.016134294,0.008160669,1.052772879600525,1.053549885749817,-0.9786766767501831,-0.9807149171829224,0.30226925015449524,0.26972874999046326,-0.13948160409927368,-0.13915547728538513,1.002811312675476,1.0124237537384033,-0.9818741083145142,-0.9720602631568909
Fluid,6250,6250,9.3201656,1.0,1.0,30.711492755775453,29.455049500541687,0.00947272902338067,0.0071374498579348435,0.11109265464022755,0.10976379192183959,-0.04127516252259142,-0.01908065603746334,1.0,1.0,176.96904093953674,186.63835016527295,9.32,0.00016563416000003883,0.01671547,0.008083495,1.052657961845398,1.0535653829574585,-0.9788740277290344,-0.9809473752975464,0.30073755979537964,0.2688920795917511,-0.13941419124603271,-0.13925062119960785,1.0030536651611328,1.0126229524612427,-0.981641948223114,-0.9722027778625488
Fluid,6250,6250,9.3601665,1.0,1.0,30.89886342000961,29.630335112743378,0.009344928087917505,0.007093582267635502,0.11103827229290153,0.10973327088986523,-0.04089022167776013,-0.018815036064253655,1.0,1.0,174.9917613588567,184.6757259563007,9.36,0.0001665496800011823,0.016091978,0.0080221975,1.0525472164154053,1.0535789728164673,-0.9790592193603516,-0.9811766743659973,0.2992611527442932,0.26807039976119995,-0.13941970467567444,-0.13934457302093506,1.003288745880127,1.0128177404403687,-0.9814065098762512,-0.972318172454834
Fluid,6250,6250,9.4001675,1.0,1.0,31.086489014320374,29.80568469034195,0.009217917674225754,0.007050652695100289,0.11099263019769685,0.1097030984770754,-0.04050675194190349,-0.01855221209216048,1.0,1.0,173.0327075818639,182.73130298690705,9.4,0.00016746520999966208,0.015711643,0.007957325,1.0524213314056396,1.0535904169082642,-0.9793167114257812,-0.9814029335975647,0.29781484603881836,0.26726606488227844,-0.13931670784950256,-0.13943718373775482,1.0035172700881958,1.01300847530365,-0.9811792969703674,-0.9723992347717285
Fluid,6250,6250,9.4401684,1.0,1.0,31.274327130470276,29.98114941856384,0.00909631496795686,0.00700871316739358,0.11094031199309218,0.10967330797656745,-0.04012670645760605,-0.018292563455768976,1.0,1.0,171.0919450580291,180.80493289480322,9.44,0.0001683807399999182,0.016569998,0.007894818,1.0523169040679932,1.0535993576049805,-0.979787290096283,-0.9816262125968933,0.29639169573783875,0.2664848268032074,-0.13931891322135925,-0.1395283192396164,1.0037482976913452,1.0131949186325073,-0.9809551239013672,-0.9724426865577698
Fluid,6250,6250,9.4801693,1.0,1.0,31.462335189971924,30.156741406707763,0.008978269287927542,0.006967769384838757,0.11089026322432226,0.10964391447448113,-0.03974751098273337,-0.01803568613394658,1.0,1.0,169.16957409245572,178.89624759490877,9.48,0.00016929625999928533,0.016406044,0.007828564,1.05220627784729,1.0536057949066162,-0.9802433252334595,-0.9818463921546936,0.2950335741043091,0.26571759581565857,-0.13922962546348572,-0.13961803913116455,1.0039658546447754,1.0133792161941528,-0.9807249903678894,-0.9724494814872742
Fluid,6250,6250,9.5201702,1.0,1.0,31.650637891197203,30.33243824230194,0.008874084520833566,0.00692768669304467,0.1108388698187322,0.10961489368794602,-0.039386332297914196,-0.017782004558239424,1.0,1.0,167.2653635269498,177.00507792784893,9.52,0.00017021178999954145,0.015771441,0.0077609727,1.0520943403244019,1.053609013557434,-0.9806797504425049,-0.9820637106895447,0.29372820258140564,0.26496443152427673,-0.1391642838716507,-0.13970649242401123,1.0041797161102295,1.0135588645935059,-0.980500340461731,-0.9724235534667969
Fluid,6250,6250,9.5601711,1.0,1.0,31.839242743797303,30.50828061569214,0.008774597862046212,0.006888245659950516,0.11080476046366647,0.10958621666552033,-0.039023718120509296,-0.01753143946753058,1.0,1.0,165.37924788972072,175.1312996163135,9.56,0.00017112731999979758,0.015233881,0.0076922937,1.051985740661621,1.0536081790924072,-0.9810925722122192,-0.98227858543396,0.29245176911354065,0.2642253637313843,-0.1390804648399353,-0.13979333639144897,1.0043816566467285,1.013733983039856,-0.980267345905304,-0.9723702669143677
Fluid,6250,6250,9.600172,1.0,1.0,32.02802971069336,30.684181442108155,0.008664851093934849,0.006849345557252527,0.11075802615530876,0.1095578934340045,-0.03867153928989777,-0.01728415962695959,1.0,1.0,163.51134405271094,173.2748952306125,9.6,0.0001720428500000537,0.016167222,0.007620354,1.0518720149993896,1.0536025762557983,-0.9815152287483215,-0.9824913740158081,0.2911972999572754,0.2634997069835663,-0.13911019265651703,-0.13987845182418823,1.0045833587646484,1.013904333114624,-0.9800398349761963,-0.9722965955734253
Fluid,6250,6250,9.640173,1.0,1.0,32.216956391792294,30.86023899456024,0.008547782025211491,0.0068110945125389845,0.11070826015880564,0.10952993683820823,-0.03831212798161665,-0.017040172819928267,1.0,1.0,161.66141355288005,171.4355696379257,9.64,0.00017295836999942082,0.015842613,0.007554866,1.0517406463623047,1.0535913705825806,-0.9819299578666687,-0.9827019572257996,0.2899869978427887,0.2627875506877899,-0.13894832134246826,-0.13996179401874542,1.0047975778579712,1.0140700340270996,-0.9798158407211304,-0.9722081422805786
Fluid,6250,6250,9.6801739,1.0,1.0,32.40601685894013,31.036439746322632,0.008433083486279939,0.006773615612769499,0.11068196991727804,0.10950244641792277,-0.03794859908156097,-0.0167989127186907,1.0,1.0,159.82967390669185,169.61326224549464,9.68,0.00017387389999967695,0.01581851,0.0074877716,1.051614761352539,1.0537159442901611,-0.9823304414749146,-0.9829102158546448,0.28882837295532227,0.26208847761154175,-0.13894373178482056,-0.14004327356815338,1.0050073862075806,1.0142316818237305,-0.9795794486999512,-0.972109854221344
Fluid,6250,6250,9.7201748,1.0,1.0,32.59523120441437,31.212803738098145,0.008325235963107552,0.0067368825288722295,0.11062557316593186,0.10947543108638551,-0.03759634004623978,-0.016560670666038058,1.0,1.0,158.01580412735612,167.80774889123208,9.72,0.00017478942999993308,0.015507943,0.007416049,1.051496982574463,1.0539302825927734,-0.9827125072479248,-0.9831162691116333,0.28766363859176636,0.2614019513130188,-0.13882245123386383,-0.14012309908866882,1.005205512046814,1.0143890380859375,-0.9793520569801331,-0.9720068573951721
Fluid,6250,6250,9.7601757,1.0,1.0,32.78455874202728,31.38931736392975,0.008227716289423407,0.006700754265541327,0.11061661685053754,0.10944880870400243,-0.03724547411679174,-0.01632557752431836,1.0,1.0,156.21997764228612,166.0189142181776,9.76,0.0001757049600001892,0.014796928,0.007343367,1.0513873100280762,1.054136872291565,-0.9830731153488159,-0.9833205938339233,0.2865794897079468,0.2607276141643524,-0.13876961171627045,-0.14020118117332458,1.0053932666778564,1.0145421028137207,-0.9791284203529358,-0.9719058275222778
Fluid,6250,6250,9.8001766,1.0,1.0,32.97401547870636,31.56590934436798,0.008129153196993285,0.00666507184707094,0.11055578148884466,0.10942252527077755,-0.03690110621538479,-0.01609366055628954,1.0,1.0,154.44199356799749,164.24677234994408,9.8,0.00017662047999955632,0.01583844,0.0072690337,1.0512768030166626,1.0543344020843506,-0.983424186706543,-0.983523428440094,0.28545767068862915,0.2600662410259247,-0.13876236975193024,-0.14027759432792664,1.0055783987045288,1.0146907567977905,-0.9789106845855713,-0.9718108177185059
Fluid,6250,6250,9.8401775,1.0,1.0,33.163678237228396,31.742567756652832,0.008034406847250647,0.006629797154602129,0.11050318943942664,0.10939660173499724,-0.03656116992251482,-0.015864975755747874,1.0,1.0,152.68178984100797,162.49117907692008,9.84,0.00017753600999981245,0.014955864,0.0072000343,1.0511822700500488,1.054524302482605,-0.9837601184844971,-0.9837250113487244,0.2843732535839081,0.2594207227230072,-0.138719841837883,-0.14035242795944214,1.0057597160339355,1.0148351192474365,-0.9786961674690247,-0.9717226028442383
Fluid,6250,6250,9.8801785,1.0,1.0,33.35355766513825,31.919343737640382,0.007940365085641388,0.006594881618771469,0.11046671564940712,0.10937103869974264,-0.036228929773659914,-0.015639043438755326,1.0,1.0,150.93900261599896,160.75203343936633,9.88,0.00017845154000006858,0.015003042,0.0071332557,1.0510715246200562,1.054706335067749,-0.9840856790542603,-0.9839254021644592,0.28335800766944885,0.25878652930259705,-0.13862448930740356,-0.14042562246322632,1.0059361457824707,1.0149755477905273,-0.9784788489341736,-0.9716398119926453
Fluid,6250,6250,9.9201794,1.0,1.0,33.54364714122772,32.096230863304136,0.007846869268124574,0.0065604987370228626,0.110439308365779,0.10934584357629588,-0.03590714043989545,-0.015416123981266282,1.0,1.0,149.21363261842816,159.02927462733027,9.92,0.0001793670700003247,0.015396856,0.0070681665,1.0509672164916992,1.0548804998397827,-0.9844018220901489,-0.9841246008872986,0.2823815941810608,0.2581629753112793,-0.1385262906551361,-0.14049723744392395,1.0061014890670776,1.0151119232177734,-0.9782688617706299,-0.9715604782104492
Fluid,6250,6250,9.9601803,1.0,1.0,33.733909713020324,32.273154802894595,0.007753397696220782,0.0065265561045482175,0.11038923624189455,0.10932100859864614,-0.0355815022909001,-0.015195821192539297,1.0,1.0,147.5055036679876,157.3228451658677,9.96,0.00018028258999969182,0.015276472,0.007010047,1.0508729219436646,1.0550463199615479,-0.9847135543823242,-0.9843229651451111,0.2813602387905121,0.25754958391189575,-0.1384696513414383,-0.14056721329689026,1.0062708854675293,1.0152448415756226,-0.9780575633049011,-0.9714823365211487
Fluid,6250,6250,10.0001812,1.0,1.0,33.924284620437625,32.45010274833679,0.007657053842918831,0.006493114979029051,0.1103642442765471,0.1092964994129006,-0.03525593896864273,-0.014978183734173653,1.0,1.0,145.81458961129303,155.63262668802184,10.0,0.0001811980999999463,0.014898672,0.0069552925,1.0507757663726807,1.0552035570144653,-0.9850155711174011,-0.9845203757286072,0.28041142225265503,0.25694677233695984,-0.1384255439043045,-0.1406361162662506,1.0064269304275513,1.0153743028640747,-0.9778456687927246,-0.9714024066925049
