body,n_cpp,n_taichi,t,com_x_cpp,com_x_taichi,com_y_cpp,com_y_taichi,com_z_cpp,com_z_taichi,nu_finite_fraction_cpp,nu_finite_fraction_taichi,nu_mean_cpp,nu_mean_taichi,strainRateNorm_finite_fraction_cpp,strainRateNorm_finite_fraction_taichi,strainRateNorm_mean_cpp,strainRateNorm_mean_taichi,t_taichi,time_error,v_mean_cpp,v_mean_taichi,x_max_cpp,x_max_taichi,x_min_cpp,x_min_taichi,y_max_cpp,y_max_taichi,y_min_cpp,y_min_taichi,z_max_cpp,z_max_taichi,z_min_cpp,z_min_taichi
Newtonain,51564,51564,0.0,0.939982368089906,0.939982368089906,5.447934698905025,5.447934698905025,-0.18233457792713023,-0.18233457792713023,1.0,1.0,0.0,10.0,1.0,1.0,0.0,0.0,0.0,0.0,0.0,0.0,2.9000000953674316,2.9000000953674316,-0.9000000357627869,-0.9000000357627869,6.849999904632568,6.849999904632568,3.200000047683716,3.200000047683716,2.25,2.25,-2.25,-2.25
PowerLaw1,51564,51564,0.0,-4.060017628144852,-4.060017628144852,5.447934698905025,5.447934698905025,-0.18233457792713023,-0.18233457792713023,1.0,1.0,0.0,447.93255615234375,1.0,1.0,0.0,0.0,0.0,0.0,0.0,0.0,-2.0999999046325684,-2.0999999046325684,-5.900000095367432,-5.900000095367432,6.849999904632568,6.849999904632568,3.200000047683716,3.200000047683716,2.25,2.25,-2.25,-2.25
PowerLaw2,51564,51564,0.0,-9.060017643828582,-9.060017643828582,5.447934698905025,5.447934698905025,-0.18233457792713023,-0.18233457792713023,1.0,1.0,0.0,0.0010000000474974513,1.0,1.0,0.0,0.0,0.0,0.0,0.0,0.0,-7.099999904632568,-7.099999904632568,-10.899999618530273,-10.899999618530273,6.849999904632568,6.849999904632568,3.200000047683716,3.200000047683716,2.25,2.25,-2.25,-2.25
Newtonain,51564,51564,0.041,0.939982368089906,0.939982368089906,5.43870360835937,5.439694466384478,-0.18233457792713023,-0.18233457792713023,1.0,1.0,10.0,10.0,1.0,1.0,0.0,0.0,0.04,0.0009999936818999994,0.40221003,0.3924,2.9000000953674316,2.9000000953674316,-0.9000000357627869,-0.9000000357627869,6.840768814086914,6.84175968170166,3.1907689571380615,3.1917595863342285,2.25,2.25,-2.25,-2.25
PowerLaw1,51564,51564,0.041,-4.060017628144852,-4.060017628144852,5.43870360835937,5.439694466384478,-0.18233457792713023,-0.18233457792713023,0.0,1.0,inf,447.93255615234375,1.0,1.0,0.0,0.0,0.04,0.0009999936818999994,0.40221003,0.3924,-2.0999999046325684,-2.0999999046325684,-5.900000095367432,-5.900000095367432,6.840768814086914,6.84175968170166,3.1907689571380615,3.1917595863342285,2.25,2.25,-2.25,-2.25
PowerLaw2,51564,51564,0.041,-9.060017643828582,-9.060017643828582,5.43870360835937,5.439694466384478,-0.18233457792713023,-0.18233457792713023,1.0,1.0,0.0,0.0010000000474974513,1.0,1.0,0.0,0.0,0.04,0.0009999936818999994,0.40221003,0.3924,-7.099999904632568,-7.099999904632568,-10.899999618530273,-10.899999618530273,6.840768814086914,6.84175968170166,3.1907689571380615,3.1917595863342285,2.25,2.25,-2.25,-2.25
Newtonain,51564,51564,0.081,0.939982368089906,0.939982368089906,5.413786463478188,5.415757737059116,-0.18233457792713023,-0.18233457792713023,1.0,1.0,10.0,10.0,1.0,1.0,0.0,0.0,0.08,0.001000000238399995,0.7946099,0.7848,2.9000000953674316,2.9000000953674316,-0.9000000357627869,-0.9000000357627869,6.81585168838501,6.8178229331970215,3.165851354598999,3.167823314666748,2.25,2.25,-2.25,-2.25
PowerLaw1,51564,51564,0.081,-4.060017628144852,-4.060017628144852,5.413786463478188,5.415757737059116,-0.18233457792713023,-0.18233457792713023,0.0,1.0,inf,447.93255615234375,1.0,1.0,0.0,0.0,0.08,0.001000000238399995,0.7946099,0.7848,-2.0999999046325684,-2.0999999046325684,-5.900000095367432,-5.900000095367432,6.81585168838501,6.8178229331970215,3.165851354598999,3.167823314666748,2.25,2.25,-2.25,-2.25
PowerLaw2,51564,51564,0.081,-9.060017643828582,-9.060017643828582,5.413786463478188,5.415757737059116,-0.18233457792713023,-0.18233457792713023,1.0,1.0,0.0,0.0010000000474974513,1.0,1.0,0.0,0.0,0.08,0.001000000238399995,0.7946099,0.7848,-7.099999904632568,-7.099999904632568,-10.899999618530273,-10.899999618530273,6.81585168838501,6.8178229331970215,3.165851354598999,3.167823314666748,2.25,2.25,-2.25,-2.25
Newtonain,51564,51564,0.121,0.939982368089906,0.939982368089906,5.373173289039712,5.376125407065425,-0.18233457792713023,-0.18233457792713023,1.0,1.0,10.0,10.0,1.0,1.0,0.0,0.0,0.12,0.0010000216960000113,1.1870097,1.1771995,2.9000000953674316,2.9000000953674316,-0.9000000357627869,-0.9000000357627869,6.775238513946533,6.778190612792969,3.1252381801605225,3.128190755844116,2.25,2.25,-2.25,-2.25
PowerLaw1,51564,51564,0.121,-4.060017628144852,-4.060017628144852,5.373173289039712,5.376125407065425,-0.18233457792713023,-0.18233457792713023,0.0,1.0,inf,447.93255615234375,1.0,1.0,0.0,0.0,0.12,0.0010000216960000113,1.1870097,1.1771995,-2.0999999046325684,-2.0999999046325684,-5.900000095367432,-5.900000095367432,6.775238513946533,6.778190612792969,3.1252381801605225,3.128190755844116,2.25,2.25,-2.25,-2.25
PowerLaw2,51564,51564,0.121,-9.060017643828582,-9.060017643828582,5.373173289039712,5.376125407065425,-0.18233457792713023,-0.18233457792713023,1.0,1.0,0.0,0.0010000000474974513,1.0,1.0,0.0,0.0,0.12,0.0010000216960000113,1.1870097,1.1771995,-7.099999904632568,-7.099999904632568,-10.899999618530273,-10.899999618530273,6.775238513946533,6.778190612792969,3.1252381801605225,3.128190755844116,2.25,2.25,-2.25,-2.25
Newtonain,51564,51564,0.161,0.939982368089906,0.939982368089906,5.316864052844209,5.3207970379248,-0.18233457792713023,-0.18233457792713023,1.0,1.0,10.0,10.0,1.0,1.0,0.0,0.0,0.16,0.0009999835489999942,1.5794094,1.5695986,2.9000000953674316,2.9000000953674316,-0.9000000357627869,-0.9000000357627869,6.718929290771484,6.722862243652344,3.0689287185668945,3.072862386703491,2.25,2.25,-2.25,-2.25
PowerLaw1,51564,51564,0.161,-4.060017628144852,-4.060017628144852,5.316864052844209,5.3207970379248,-0.18233457792713023,-0.18233457792713023,0.0,1.0,inf,447.93255615234375,1.0,1.0,0.0,0.0,0.16,0.0009999835489999942,1.5794094,1.5695986,-2.0999999046325684,-2.0999999046325684,-5.900000095367432,-5.900000095367432,6.718929290771484,6.722862243652344,3.0689287185668945,3.072862386703491,2.25,2.25,-2.25,-2.25
PowerLaw2,51564,51564,0.161,-9.060017643828582,-9.060017643828582,5.316864052844209,5.3207970379248,-0.18233457792713023,-0.18233457792713023,1.0,1.0,0.0,0.0010000000474974513,1.0,1.0,0.0,0.0,0.16,0.0009999835489999942,1.5794094,1.5695986,-7.099999904632568,-7.099999904632568,-10.899999618530273,-10.899999618530273,6.718929290771484,6.722862243652344,3.0689287185668945,3.072862386703491,2.25,2.25,-2.25,-2.25
Newtonain,51564,51564,0.2009999,0.939982368089906,0.939982368089906,5.244858317115884,5.2497726350192755,-0.18233457792713023,-0.18233457792713023,1.0,1.0,10.0,10.0,1.0,1.0,0.0,0.0,0.2,0.000999945401999991,1.9718091,1.9619976,2.9000000953674316,2.9000000953674316,-0.9000000357627869,-0.9000000357627869,6.646923542022705,6.6518378257751465,2.9969232082366943,3.001838207244873,2.25,2.25,-2.25,-2.25
PowerLaw1,51564,51564,0.2009999,-4.060017628144852,-4.060017628144852,5.244858317115884,5.2497726350192755,-0.18233457792713023,-0.18233457792713023,0.0,1.0,inf,447.93255615234375,1.0,1.0,0.0,0.0,0.2,0.000999945401999991,1.9718091,1.9619976,-2.0999999046325684,-2.0999999046325684,-5.900000095367432,-5.900000095367432,6.646923542022705,6.6518378257751465,2.9969232082366943,3.001838207244873,2.25,2.25,-2.25,-2.25
PowerLaw2,51564,51564,0.2009999,-9.060017643828582,-9.060017643828582,5.244858317115884,5.2497726350192755,-0.18233457792713023,-0.18233457792713023,1.0,1.0,0.0,0.0010000000474974513,1.0,1.0,0.0,0.0,0.2,0.000999945401999991,1.9718091,1.9619976,-7.099999904632568,-7.099999904632568,-10.899999618530273,-10.899999618530273,6.646923542022705,6.6518378257751465,2.9969232082366943,3.001838207244873,2.25,2.25,-2.25,-2.25
Newtonain,51564,51564,0.2409999,0.939982368089906,0.939982368089906,5.157156575041444,5.163052630270991,-0.18233457792713023,-0.18233457792713023,1.0,1.0,10.0,10.0,1.0,1.0,0.0,0.0,0.24,0.0009999072550000154,2.36421,2.3543966,2.9000000953674316,2.9000000953674316,-0.9000000357627869,-0.9000000357627869,6.5592217445373535,6.565117835998535,2.90922212600708,2.9151179790496826,2.25,2.25,-2.25,-2.25
PowerLaw1,51564,51564,0.2409999,-4.060017628144852,-4.060017628144852,5.157156575041444,5.163052630270991,-0.18233457792713023,-0.18233457792713023,0.0,1.0,inf,447.93255615234375,1.0,1.0,0.0,0.0,0.24,0.0009999072550000154,2.36421,2.3543966,-2.0999999046325684,-2.0999999046325684,-5.900000095367432,-5.900000095367432,6.5592217445373535,6.565117835998535,2.90922212600708,2.9151179790496826,2.25,2.25,-2.25,-2.25
PowerLaw2,51564,51564,0.2409999,-9.060017643828582,-9.060017643828582,5.157156575041444,5.163052630270991,-0.18233457792713023,-0.18233457792713023,1.0,1.0,0.0,0.0010000000474974513,1.0,1.0,0.0,0.0,0.24,0.0009999072550000154,2.36421,2.3543966,-7.099999904632568,-7.099999904632568,-10.899999618530273,-10.899999618530273,6.5592217445373535,6.565117835998535,2.90922212600708,2.9151179790496826,2.25,2.25,-2.25,-2.25
Newtonain,51564,51564,0.2809999,0.939982368089906,0.939982368089906,5.053758773799272,5.060636138520223,-0.18233457792713023,-0.18233457792713023,1.0,1.0,10.0,10.0,1.0,1.0,0.0,0.0,0.28,0.0009998691079999844,2.7566106,2.7467957,2.9000000953674316,2.9000000953674316,-0.9000000357627869,-0.9000000357627869,6.45582389831543,6.462701320648193,2.8058247566223145,2.81270170211792,2.25,2.25,-2.25,-2.25
PowerLaw1,51564,51564,0.2809999,-4.060017628144852,-4.060017628144852,5.080589399817898,5.060636138520223,-0.18233457792713023,-0.18233457792713023,0.0,1.0,inf,447.93255615234375,1.0,1.0,0.0,0.0,0.28,0.0009998691079999844,0.04905,2.7467957,-2.0999999046325684,-2.0999999046325684,-5.900000095367432,-5.900000095367432,6.482654571533203,6.462701320648193,2.8326549530029297,2.81270170211792,2.25,2.25,-2.25,-2.25
PowerLaw2,51564,51564,0.2809999,-9.060017643828582,-9.060017643828582,5.053758773799272,5.060636138520223,-0.18233457792713023,-0.18233457792713023,1.0,1.0,0.0,0.0010000000474974513,1.0,1.0,0.0,0.0,0.28,0.0009998691079999844,2.7566106,2.7467957,-7.099999904632568,-7.099999904632568,-10.899999618530273,-10.899999618530273,6.45582389831543,6.462701320648193,2.8058247566223145,2.81270170211792,2.25,2.25,-2.25,-2.25
Newtonain,51564,51564,0.3209534,0.9399750661343651,0.9399813262927685,4.9350369550353035,4.942540163398667,-0.1822779565607713,-0.18232901399870108,1.0,1.0,10.0,10.0,1.0,1.0,0.0012190407026282579,0.0008864154723132253,0.32,0.0009533989430000056,3.139869,3.1380107,2.9000000953674316,2.9000000953674316,-0.899895191192627,-0.9000038504600525,6.336942672729492,6.3445892333984375,2.6869394779205322,2.694589376449585,2.25,2.25,-2.2468225955963135,-2.2500038146972656
PowerLaw1,51564,51564,0.3209534,-4.060017628144852,-4.060017930199978,5.078751981050324,4.9425366423690615,-0.18233457792713023,-0.18232920676721343,0.0,1.0,inf,177.66293347005782,1.0,1.0,0.0,0.001455947117122455,0.32,0.0009533989430000056,0.04905,3.1381745,-2.0999999046325684,-2.0999996662139893,-5.900000095367432,-5.899998188018799,6.4808173179626465,6.344615459442139,2.8308160305023193,2.694589138031006,2.25,2.250002384185791,-2.25,-2.2499847412109375
PowerLaw2,51564,51564,0.3209534,-9.060017140710078,-9.060017837637307,4.934885101491842,4.942533068203425,-0.18233120200669906,-0.1823304301933623,1.0,1.0,0.0009713863266881466,0.0018893459917046454,1.0,1.0,0.0009436122118332273,0.0006803376188138331,0.32,0.0009533989430000056,3.1479084,3.1387014,-7.099999904632568,-7.099999904632568,-10.899999618530273,-10.899999618530273,6.336938858032227,6.3445892333984375,2.6869394779205322,2.694589376449585,2.25,2.25,-2.25,-2.2500007152557373
Newtonain,51564,51564,0.3609534,0.9399228914191459,0.9399624663775655,4.801124582181714,4.808891433166224,-0.18198926963977174,-0.18228194986960422,1.0,1.0,10.0,10.0,1.0,1.0,0.00367717319264025,0.0016596238266103304,0.36,0.0009533607960000023,3.5074425,3.5232131,2.900001049041748,2.9000000953674316,-0.9000541567802429,-0.9000139236450195,6.2022175788879395,6.210781097412109,2.552168130874634,2.560781240463257,2.2500011920928955,2.25,-2.2497189044952393,-2.246389865875244
PowerLaw1,51564,51564,0.3609534,-4.060017628144852,-4.060034079466065,5.076791037859202,4.808891131134216,-0.18233457792713023,-0.18227740699874953,0.0,1.0,inf,156.6742535356859,1.0,1.0,0.0,0.0020218812905620914,0.36,0.0009533607960000023,0.04905,3.5225303,-2.0999999046325684,-2.0999886989593506,-5.900000095367432,-5.899809837341309,6.478856563568115,6.2109270095825195,2.8288533687591553,2.5607755184173584,2.25,2.2500429153442383,-2.25,-2.25235915184021
PowerLaw2,51564,51564,0.3609534,-9.060016798645723,-9.060020286916124,4.80019981649717,4.808783680036434,-0.18229946283852308,-0.18230571284743696,1.0,1.0,0.00302743303404398,0.0035545764436962692,1.0,1.0,0.002379575421983664,0.001951421500716123,0.36,0.0009533607960000023,3.5374868,3.5293982,-7.099999904632568,-7.099999904632568,-10.899999618530273,-10.90000057220459,6.202167510986328,6.210781097412109,2.552168130874634,2.560781240463257,2.25,2.25,-2.2451672554016113,-2.255997896194458
Newtonain,51564,51564,0.4009533,0.9399526838980452,0.9399301573908222,4.653072873136365,4.660200619270337,-0.1810282181378628,-0.18200806469901964,1.0,1.0,10.0,10.0,1.0,1.0,0.007399570299877325,0.00421378102007737,0.4,0.0009533226489999991,3.8509696,3.892043,2.9000093936920166,2.9000000953674316,-0.9115641117095947,-0.8998395204544067,6.052307605743408,6.061280250549316,2.4016995429992676,2.4112770557403564,2.2500150203704834,2.25,-2.2482073307037354,-2.2440643310546875
PowerLaw1,51564,51564,0.4009533,-4.060017628144852,-4.0600457897466296,5.074830094668079,4.66031941676027,-0.18233457792713023,-0.18195402499358584,0.0,1.0,inf,140.68093843007327,1.0,1.0,0.0,0.005598202820122364,0.4,0.0009533226489999991,0.04905,3.8868415,-2.0999999046325684,-2.099963665008545,-5.900000095367432,-5.898651599884033,6.476895809173584,6.06162691116333,2.826890707015991,2.411264657974243,2.25,2.250133752822876,-2.25,-2.244994640350342
PowerLaw2,51564,51564,0.4009533,-9.060005209756854,-9.060025733072646,4.6501375702278045,4.659559621113468,-0.1821389797425903,-0.18219354775103716,1.0,1.0,0.008171395954630723,0.008450401559754277,1.0,1.0,0.00495349205540273,0.004473589219359616,0.4,0.0009533226489999991,3.9190695,3.9146147,-7.099999904632568,-7.099999904632568,-10.94054126739502,-10.953377723693848,6.051700115203857,6.061276912689209,2.401700735092163,2.4112770557403564,2.25,2.25,-2.2432188987731934,-2.2644197940826416
Newtonain,51564,51564,0.4428298,0.9402011794419289,0.9400240029945441,4.485043586248312,4.49736381994264,-0.17832932875834506,-0.1810742683883844,1.0,1.0,10.0,10.0,1.0,1.0,0.013778016079977124,0.008037715469699258,0.44,0.0028298175329999897,4.1453753,4.235462,2.9000329971313477,2.9000000953674316,-0.9409700632095337,-0.9506726861000061,5.882528305053711,5.896170616149902,2.241718292236328,2.245558023452759,2.2500922679901123,2.25,-2.2452731132507324,-2.241502046585083
PowerLaw1,51564,51564,0.4428298,-4.060017628144852,-4.0598835850527655,5.0729161175141995,4.49791778744853,-0.18233457792713023,-0.18077621405227573,0.0,1.0,inf,128.91323622175503,1.0,1.0,0.0,0.011681467331850093,0.44,0.0028298175329999897,0.044161133,4.2201805,-2.0999999046325684,-2.099921226501465,-5.900000095367432,-5.956585884094238,6.474981784820557,5.896907329559326,2.824977159500122,2.245671272277832,2.25,2.250267505645752,-2.25,-2.243489980697632
PowerLaw2,51564,51564,0.4428298,-9.059973982674926,-9.060031305854938,4.4772111732154665,4.4952733068190245,-0.18158766869199203,-0.18184009742964463,1.0,1.0,0.016902989236580734,0.017124931961403737,1.0,1.0,0.009530689915314352,0.01115629967718832,0.44,0.0028298175329999897,4.3059287,4.2892275,-7.099999904632568,-7.099999904632568,-10.991250991821289,-11.035870552062988,5.8774261474609375,5.8960771560668945,2.2347049713134766,2.245802164077759,2.25,2.25,-2.2430031299591064,-2.2641451358795166
Newtonain,51564,51564,0.4802512,0.9406171022582763,0.9403431698337161,4.326088565475641,4.321532866599885,-0.17352044717209159,-0.1790097763225012,1.0,1.0,10.0,10.0,1.0,1.0,0.027191432297686093,0.017873005187461672,0.48,0.00025122284900003233,4.3342457,4.545164,2.9058172702789307,2.9004015922546387,-0.9634931087493896,-0.9880149364471436,5.72435188293457,5.716273307800293,2.2014718055725098,2.171621561050415,2.2508416175842285,2.250000476837158,-2.2421679496765137,-2.2306113243103027
PowerLaw1,51564,51564,0.4802512,-4.060017628144852,-4.059467435488828,5.071388260460595,4.323000888307159,-0.18233457792713023,-0.17811259641229493,0.0,1.0,inf,122.22325531782667,1.0,1.0,0.0,0.021645918887721022,0.48,0.00025122284900003233,0.040015843,4.515281,-2.0999999046325684,-2.0997540950775146,-5.900000095367432,-5.9858622550964355,6.473453998565674,5.7186598777771,2.823448657989502,2.1624701023101807,2.25,2.2504453659057617,-2.25,-2.2432661056518555
PowerLaw2,51564,51564,0.4802512,-9.05995287489978,-9.060048718151355,4.309587742713413,4.316564148275618,-0.18056504365454076,-0.18105178721343762,1.0,1.0,0.03312428439959499,0.031137924410621715,1.0,1.0,0.019343348728802348,0.019617407195051517,0.48,0.00025122284900003233,4.634617,4.6469965,-7.098845958709717,-7.098971366882324,-11.029245376586914,-11.108105659484863,5.707228660583496,5.715181827545166,2.169421672821045,2.1521286964416504,2.25,2.25,-2.239081621170044,-2.2862114906311035
Newtonain,51564,51564,0.521136,0.9410663481947881,0.9407945831966736,4.146986117425674,4.135480888870465,-0.16414975221715866,-0.17485941716932907,1.0,1.0,10.0,10.0,1.0,1.0,0.04742465967476406,0.03193755285560677,0.52,0.00113604545599999,4.444825,4.7522025,2.914905071258545,2.917834758758545,-0.9822396039962769,-1.0044909715652466,5.549371719360352,5.524118900299072,2.1311919689178467,2.082690715789795,2.261096477508545,2.250589609146118,-2.2369208335876465,-2.222209930419922
PowerLaw1,51564,51564,0.521136,-4.060017628144852,-4.058914918385746,5.069895165320392,4.138678401609193,-0.18233457792713023,-0.17283456491852683,0.0,1.0,inf,101.76969146327406,1.0,1.0,0.0,0.04179253974267512,0.52,0.00113604545599999,0.035034455,4.700506,-2.0999999046325684,-2.072580337524414,-5.900000095367432,-6.0034966468811035,6.47196102142334,5.530168056488037,2.8219544887542725,2.0619823932647705,2.25,2.2513315677642822,-2.25,-2.2396249771118164
PowerLaw2,51564,51564,0.521136,-9.059961202423711,-9.060070609854039,4.1141691405966805,4.124882667496154,-0.17809295338573003,-0.17928489122135852,1.0,1.0,0.06548626080090796,0.059566574669885755,1.0,1.0,0.03760950699922577,0.04106435937028087,0.52,0.00113604545599999,4.938403,4.964398,-7.051000595092773,-7.022022247314453,-11.071557998657227,-11.173008918762207,5.505664348602295,5.518598556518555,2.0898523330688477,2.0454859733581543,2.25,2.250000238418579,-2.2301955223083496,-2.3040096759796143
Newtonain,51564,51564,0.5614032,0.9413367056994674,0.9411883182371164,3.9711007001595857,3.9452737898371995,-0.14922445052058295,-0.166684398215855,1.0,1.0,10.0,10.0,1.0,1.0,0.07255923147965676,0.05625742237393698,0.56,0.0014032149309999298,4.369761,4.790825,2.916078567504883,2.9384307861328125,-0.986829400062561,-1.0073041915893555,5.3797454833984375,5.3247599601745605,2.0661957263946533,1.9904311895370483,2.2902724742889404,2.2612533569335938,-2.228153944015503,-2.2183659076690674
PowerLaw1,51564,51564,0.5614032,-4.060017628144852,-4.058354702596751,5.068567697871102,3.9512078784733893,-0.18233457792713023,-0.16271806179870507,0.0,1.0,inf,78.93956415105409,1.0,1.0,0.0,0.07273316340663653,0.56,0.0014032149309999298,0.03224373,4.719796,-2.0999999046325684,-2.037217855453491,-5.900000095367432,-6.014091968536377,6.470633506774902,5.336766719818115,2.820627450942993,1.987353801727295,2.25,2.2647593021392822,-2.25,-2.2364342212677
PowerLaw2,51564,51564,0.5614032,-9.06010310631007,-9.060104697108148,3.913246588059739,3.923474590880628,-0.17260350448951503,-0.17527919012210608,1.0,1.0,0.12245732495047448,0.11157666949512508,1.0,1.0,0.07424157405864143,0.07582396908934805,0.56,0.0014032149309999298,5.1340737,5.1998644,-7.007702350616455,-6.944135665893555,-11.122803688049316,-11.217802047729492,5.2912116050720215,5.306385517120361,1.990723967552185,1.939016342163086,2.2501285076141357,2.250027656555176,-2.2235803604125977,-2.3108932971954346
Newtonain,51564,51564,0.601238,0.9418386889758393,0.9417153311766149,3.8199004802967598,3.7651447621681684,-0.12522777127175425,-0.15046844972145174,1.0,1.0,10.0,10.0,1.0,1.0,0.11952313660715443,0.12298963412490158,0.6,0.0012379527090000675,3.359472,4.2291236,2.9097225666046143,2.940573215484619,-0.9791053533554077,-1.0091453790664673,5.215831756591797,5.126741886138916,2.0196304321289062,1.9157218933105469,2.3312325477600098,2.3084845542907715,-2.2266697883605957,-2.217034101486206
PowerLaw1,51564,51564,0.601238,-4.060017628144852,-4.057520194666203,5.0675772598943665,3.7744257283649083,-0.18233457792713023,-0.14392592761938683,0.0,1.0,inf,49.4738395820392,1.0,1.0,0.0,0.1433947787401358,0.6,0.0012379527090000675,0.021652805,4.1666813,-2.0999999046325684,-2.0336315631866455,-5.900000095367432,-6.015648365020752,6.4696431159973145,5.146332740783691,2.819636583328247,1.9043325185775757,2.25,2.317039728164673,-2.25,-2.2334978580474854
PowerLaw2,51564,51564,0.601238,-9.06025987148248,-9.060173847937767,3.7220830101661138,3.7226555301575117,-0.15709033566790884,-0.16467370398576134,1.0,1.0,0.3163012239279057,0.26919095151380296,1.0,1.0,0.2106267453989855,0.19584291527256772,0.6,0.0012379527090000675,4.755484,5.051717,-6.95293664932251,-6.884262561798096,-11.161417961120605,-11.253725051879883,5.0647125244140625,5.0789337158203125,1.906713604927063,1.8193098306655884,2.259010076522827,2.251378059387207,-2.2186081409454346,-2.3105013370513916
Newtonain,51564,51564,0.640702,0.9421444182771951,0.9422513834726844,3.7298990042416214,3.6297665666561962,-0.0880628902894973,-0.11822278892839211,1.0,1.0,10.0,10.0,1.0,1.0,0.0828235896306301,0.13705511772002044,0.64,0.0007020092009999424,1.976387,3.0190394,2.9011917114257812,2.9414291381835938,-0.9677730798721313,-1.0103927850723267,5.085771083831787,4.940291404724121,1.9743530750274658,1.8719466924667358,2.366457223892212,2.38663911819458,-2.2249083518981934,-2.2160840034484863
PowerLaw1,51564,51564,0.640702,-4.060017628144852,-4.0564834226528825,5.066809599268807,3.642747911181815,-0.18233457792713023,-0.10923796859653061,0.0,1.0,inf,27.637183066044553,1.0,1.0,0.0,0.16494821576418423,0.64,0.0007020092009999424,0.01980202,2.9492698,-2.0999999046325684,-2.0334110260009766,-5.900000095367432,-6.01583194732666,6.468875408172607,4.9689483642578125,2.8188693523406982,1.8578159809112549,2.25,2.3973984718322754,-2.25,-2.2305519580841064
PowerLaw2,51564,51564,0.640702,-9.060904636550251,-9.06022834289565,3.571288109604784,3.550544738418127,-0.11706526532108098,-0.13517208701761785,1.0,1.0,0.36597447663551175,0.37439154323016327,1.0,1.0,0.2274844441998932,0.27155121979317787,0.64,0.0007020092009999424,4.1396627,4.4546328,-6.904917240142822,-6.8491315841674805,-11.195394515991211,-11.283819198608398,4.836505889892578,4.83912992477417,1.8300206661224365,1.6931095123291016,2.3246939182281494,2.281346082687378,-2.2148940563201904,-2.3036680221557617
Newtonain,51564,51564,0.6810138,0.9422724274166355,0.9428199562533071,3.6821169073254705,3.5460875203676787,-0.048195509209450885,-0.07301854708808725,1.0,1.0,10.0,10.0,1.0,1.0,0.0517264746506317,0.11309856508200698,0.68,0.0010137629509999746,1.326159,2.1320934,2.8923823833465576,2.9416191577911377,-0.9570090174674988,-1.0112189054489136,5.005884170532227,4.78338098526001,1.9361625909805298,1.7883446216583252,2.384749174118042,2.4720475673675537,-2.223435878753662,-2.214942693710327
PowerLaw1,51564,51564,0.6810138,-4.060017628144852,-4.055389074859955,5.065969459395201,3.5627558339826724,-0.18233457792713023,-0.06339456366468323,0.0,1.0,inf,25.054445966300264,1.0,1.0,0.0,0.13694960626588273,0.68,0.0010137629509999746,0.02234498,2.0453238,-2.0999999046325684,-2.0333902835845947,-5.900000095367432,-6.0160369873046875,6.4680352210998535,4.824390888214111,2.8180296421051025,1.7853370904922485,2.25,2.48447585105896,-2.25,-2.228029251098633
PowerLaw2,51564,51564,0.6810138,-9.061915684491685,-9.060354369586086,3.449339733562295,3.418685933067434,-0.05627216458233995,-0.08273437727895931,1.0,1.0,0.35463550036579605,0.39488285417511315,1.0,1.0,0.20439092920430296,0.2774874588052917,0.68,0.0010137629509999746,3.8815107,4.0368977,-6.868093490600586,-6.774585723876953,-11.231048583984375,-11.344615936279297,4.614686012268066,4.596277236938477,1.741666555404663,1.5747005939483643,2.445208787918091,2.4513027667999268,-2.211406946182251,-2.2908077239990234
Newtonain,51564,51564,0.7207357,0.9424067835752856,0.9434525843344219,3.652695901701739,3.4934871578783424,-0.015152845010844846,-0.025961465644212,1.0,1.0,10.0,10.0,1.0,1.0,0.03764070252127056,0.09687403248871097,0.72,0.0007357287410000302,1.0094628,1.6552607,2.885347366333008,2.941685676574707,-0.9491474628448486,-1.0118263959884644,4.956419467926025,4.670435428619385,1.9287792444229126,1.6931010484695435,2.393622636795044,2.5528008937835693,-2.220837116241455,-2.2137911319732666
PowerLaw1,51564,51564,0.7207357,-4.060017628144852,-4.054333344103061,5.065107956247771,3.5148207948840566,-0.18233457792713023,-0.01774881580689332,0.0,1.0,inf,26.949114409771322,1.0,1.0,0.0,0.1107129249449893,0.72,0.0007357287410000302,0.020823073,1.5312501,-2.0999999046325684,-2.033376455307007,-5.900000095367432,-6.016269683837891,6.4671735763549805,4.729588508605957,2.817169427871704,1.6800135374069214,2.25,2.5697805881500244,-2.25,-2.2258076667785645
PowerLaw2,51564,51564,0.7207357,-9.063069506886674,-9.060511047369792,3.3470753779326055,3.314179869172886,0.015388870074401128,-0.015145255884118143,1.0,1.0,0.34740133865199424,0.39566237617503336,1.0,1.0,0.19424021924376778,0.27528628630248636,0.72,0.0007357287410000302,3.7308123,3.8113701,-6.845578193664551,-6.679554462432861,-11.262531280517578,-11.408988952636719,4.4199090003967285,4.453725814819336,1.6711831092834473,1.452902913093567,2.5581743717193604,2.665688991546631,-2.209520101547241,-2.37092661857605
Newtonain,51564,51564,0.7610077,0.942542499161598,0.9440411267009355,3.630164095999133,3.4560949200433844,0.011932209113642718,0.01710751613963729,1.0,1.0,10.0,10.0,1.0,1.0,0.03144135571221898,0.08736376642724734,0.76,0.001007726191999958,0.8199759,1.3658773,2.8799633979797363,2.941793441772461,-0.9437976479530334,-1.0125281810760498,4.918901443481445,4.604202747344971,1.914399266242981,1.5999586582183838,2.398970365524292,2.6319870948791504,-2.2160918712615967,-2.2126927375793457
PowerLaw1,51564,51564,0.7610077,-4.060017628144852,-4.053579179645648,5.064270630197966,3.4828043381280613,-0.18233457792713023,0.02227734377568951,0.0,1.0,inf,29.0677691100294,1.0,1.0,0.0,0.09591015392993006,0.76,0.001007726191999958,0.021068502,1.2181258,-2.0999999046325684,-2.0333776473999023,-5.900000095367432,-6.016472339630127,6.466336250305176,4.684246063232422,2.8163321018218994,1.5680032968521118,2.25,2.6585772037506104,-2.25,-2.2238566875457764
PowerLaw2,51564,51564,0.7610077,-9.064221213836943,-9.060691426357208,3.2561425283284193,3.226123898946308,0.09661185992105373,0.06125892665052504,1.0,1.0,0.33428237724239607,0.39590813226298655,1.0,1.0,0.17908708452413172,0.27604742620551115,0.76,0.001007726191999958,3.6020062,3.631855,-6.813650608062744,-6.535888195037842,-11.291876792907715,-11.49427318572998,4.377965450286865,4.5065226554870605,1.5849709510803223,1.32614004611969,2.6593101024627686,2.885996103286743,-2.207836389541626,-2.4632456302642822
Newtonain,51564,51564,0.8011234,0.9426469946180774,0.9445342595226347,3.611286221455126,3.4269608222141765,0.03402853044198287,0.0553245676709023,1.0,1.0,10.0,10.0,1.0,1.0,0.027704106675483835,0.08205522148246067,0.8,0.0011233806609999286,0.69915044,1.158004,2.875885009765625,2.945286273956299,-0.9402310848236084,-1.0131497383117676,4.887385368347168,4.558541774749756,1.9015483856201172,1.533767819404602,2.4029879570007324,2.738180637359619,-2.212101697921753,-2.2116458415985107
PowerLaw1,51564,51564,0.8011234,-4.060017628144852,-4.053167697114762,5.063393679464883,3.4590018973460754,-0.18233457792713023,0.056257754670197495,0.0,1.0,inf,30.58383165548534,1.0,1.0,0.0,0.09013997796696835,0.8,0.0011233806609999286,0.02277263,0.99882096,-2.0999999046325684,-2.0333991050720215,-5.900000095367432,-6.016692638397217,6.46545934677124,4.6508612632751465,2.8154547214508057,1.482019305229187,2.25,2.7834970951080322,-2.25,-2.2219409942626953
PowerLaw2,51564,51564,0.8011234,-9.065338747984647,-9.060907695025435,3.175144557614053,3.149242681115993,0.18399242138305927,0.14336311973210006,1.0,1.0,0.3214516742656722,0.3870911932392518,1.0,1.0,0.1664550865354496,0.268494459462019,0.8,0.0011233806609999286,3.4867353,3.4671037,-6.7828497886657715,-6.392412185668945,-11.31337833404541,-11.773353576660156,4.382999420166016,4.555436611175537,1.5124768018722534,1.1971967220306396,2.745584011077881,3.1136515140533447,-2.2060539722442627,-2.548689842224121
Newtonain,51564,51564,0.8415193,0.9426856682656566,0.9448869953089505,3.5943375086083402,3.4027699043845825,0.052739493232932894,0.08911809670604842,1.0,1.0,10.0,10.0,1.0,1.0,0.024275967169143948,0.07588870804393241,0.84,0.0015192961690000395,0.60911477,1.0123609,2.8726584911346436,2.972382068634033,-0.9375489354133606,-1.0137135982513428,4.858657360076904,4.529478549957275,1.8912209272384644,1.4736714363098145,2.4064555168151855,2.8754165172576904,-2.2087936401367188,-2.2106409072875977
PowerLaw1,51564,51564,0.8415193,-4.060017628144852,-4.053053165784162,5.062242594564981,3.439881251860919,-0.18233457792713023,0.08492738863873685,0.0,1.0,inf,32.796606752923516,1.0,1.0,0.0,0.07996398198409108,0.84,0.0015192961690000395,0.030463692,0.8350898,-2.0999999046325684,-2.001413345336914,-5.900000095367432,-6.016920566558838,6.464308261871338,4.623597621917725,2.8143036365509033,1.4519497156143188,2.25,2.8967010974884033,-2.25,-2.219930410385132
PowerLaw2,51564,51564,0.8415193,-9.06641288026884,-9.061152390767527,3.0999036130700044,3.0800789268052324,0.2764073429860683,0.2289133017663605,1.0,1.0,0.30822686950544725,0.38539695509693084,1.0,1.0,0.15493718573838422,0.2664294348955384,0.84,0.0015192961690000395,3.3979318,3.3130925,-6.76442813873291,-6.200069427490234,-11.329880714416504,-12.052433013916016,4.382969379425049,4.687931060791016,1.4672472476959229,1.063793420791626,2.8236210346221924,3.3473565578460693,-2.2040860652923584,-2.6270811557769775
Newtonain,51564,51564,0.880596,0.9426631554024231,0.9450840860795405,3.5794188022340725,3.3812308497937877,0.06855258382701224,0.11910719223336644,1.0,1.0,10.0,10.0,1.0,1.0,0.021393759483609855,0.07359356043640052,0.88,0.000596041678999959,0.5392408,0.90817547,2.870063304901123,3.003873109817505,-0.9354772567749023,-1.0142756700515747,4.832651615142822,4.511122703552246,1.8851162195205688,1.4192959070205688,2.4095335006713867,3.011695146560669,-2.206052303314209,-2.2096776962280273
PowerLaw1,51564,51564,0.880596,-4.060017628144852,-4.0531889677681185,5.060993805246794,3.4233868104854275,-0.18233457792713023,0.1090387579133961,0.0,1.0,inf,33.52206512292688,1.0,1.0,0.0,0.0731766021162652,0.88,0.000596041678999959,0.032824695,0.7183181,-2.0999999046325684,-1.964422583580017,-5.900000095367432,-6.017155647277832,6.463059425354004,4.598899841308594,2.8130552768707275,1.3859131336212158,2.25,3.068544626235962,-2.25,-2.2180962562561035
PowerLaw2,51564,51564,0.880596,-9.067411697740358,-9.061408361113568,3.0312021475338176,3.0162836377783546,0.36875391012576314,0.3162230112667851,1.0,1.0,0.30099043083070537,0.3733703682764978,1.0,1.0,0.1480405889761145,0.2526096027154944,0.88,0.000596041678999959,3.3314807,3.1770904,-6.740720272064209,-5.900757312774658,-11.350855827331543,-12.331512451171875,4.379087448120117,4.828104496002197,1.4327499866485596,0.9269149899482727,2.8994767665863037,3.5876166820526123,-2.2019119262695312,-2.6987338066101074
Newtonain,51564,51564,0.9210069,0.9426011748197606,0.9451576489124973,3.5651571289099047,3.3614391159899397,0.08305509256936372,0.14593240661638807,1.0,1.0,10.0,10.0,1.0,1.0,0.020016685493909395,0.06715503565006098,0.92,0.0010068583489999394,0.48968408,0.82316756,2.867705821990967,3.036921977996826,-0.9337239265441895,-1.0148497819900513,4.80784797668457,4.491888046264648,1.8743401765823364,1.3068629503250122,2.412620782852173,3.1479713916778564,-2.2035071849823,-2.208757162094116
PowerLaw1,51564,51564,0.9210069,-4.060017628144852,-4.053482055805087,5.059658637604252,3.4084578793137266,-0.18233457792713023,0.129553566845937,0.0,1.0,inf,34.82119775050532,1.0,1.0,0.0,0.06481121657071663,0.92,0.0010068583489999394,0.03307372,0.6306576,-2.0999999046325684,-1.9281020164489746,-5.900000095367432,-6.034753799438477,6.461724281311035,4.574987411499023,2.8117198944091797,1.2906851768493652,2.25,3.2403883934020996,-2.25,-2.2164344787597656
PowerLaw2,51564,51564,0.9210069,-9.068446263359975,-9.061692410153087,2.9630651269560317,2.955992557596785,0.46633083760481464,0.40409123247817996,1.0,1.0,0.2958923062797575,0.3732097479981419,1.0,1.0,0.14354739482804124,0.251553669848016,0.92,0.0010068583489999394,3.272666,3.0634592,-6.711180210113525,-5.60144567489624,-11.383709907531738,-12.610591888427734,4.3724284172058105,4.952581882476807,1.390966773033142,0.7870755195617676,2.9785401821136475,3.8346424102783203,-2.199017286300659,-2.7634806632995605
Newtonain,51564,51564,0.9614286,0.9425223952594632,0.9451332771973846,3.5518039328110946,3.3429960789871718,0.09608366458652093,0.1701050514493023,1.0,1.0,10.0,10.0,1.0,1.0,0.01870478370555483,0.06059348835328713,0.96,0.0014286422729999915,0.45228347,0.7542641,2.8657121658325195,3.0683295726776123,-0.9322612881660461,-1.0246690511703491,4.785957336425781,4.471569538116455,1.8659615516662598,1.2038896083831787,2.416118621826172,3.3086936473846436,-2.201240062713623,-2.2078776359558105
PowerLaw1,51564,51564,0.9614286,-4.060017628144852,-4.0538752803920115,5.058323040323699,3.3945728820942898,-0.18233457792713023,0.1471870789604326,0.0,1.0,inf,35.62068531936009,1.0,1.0,0.0,0.060000192185799564,0.96,0.0014286422729999915,0.033100907,0.5638414,-2.0999999046325684,-1.8940128087997437,-5.900000095367432,-6.079303741455078,6.460388660430908,4.55139684677124,2.810384511947632,1.175744891166687,2.25,3.412231922149658,-2.25,-2.2159483432769775
PowerLaw2,51564,51564,0.9614286,-9.069462490427643,-9.062008930301289,2.8969346511845777,2.897937839582462,0.5651311541306457,0.4917572939524863,1.0,1.0,0.2921011401534731,0.374858154650029,1.0,1.0,0.14034850532442852,0.25556859252561276,0.96,0.0014286422729999915,3.219041,2.9656928,-6.680241107940674,-5.500023365020752,-11.417950630187988,-12.88967227935791,4.363250255584717,5.061363220214844,1.3485870361328125,0.6425902843475342,3.050605535507202,4.087364196777344,-2.196176528930664,-2.8215880393981934
Newtonain,51564,51564,1.0020295,0.9424405018402229,0.945034179133481,3.539126468425152,3.3256497403808916,0.1080730949904201,0.1920416200979507,1.0,1.0,10.0,10.0,1.0,1.0,0.017990410650348482,0.05668504774712334,1.0,0.0020295381499999543,0.42376545,0.69609284,2.8640148639678955,3.0971622467041016,-0.9309897422790527,-1.0421502590179443,4.764862060546875,4.450331687927246,1.8585169315338135,1.1057511568069458,2.419517755508423,3.4920730590820312,-2.1991443634033203,-2.2070348262786865
PowerLaw1,51564,51564,1.0020295,-4.060017628144852,-4.054350975384474,5.056975498514617,3.3814562594175763,-0.18233457792713023,0.16256032529631192,0.0,1.0,inf,36.39813263055546,1.0,1.0,0.0,0.05648544312668367,1.0,0.0020295381499999543,0.03337702,0.51205385,-2.0999999046325684,-1.8572118282318115,-5.900000095367432,-6.121685981750488,6.459041118621826,4.52746057510376,2.80903697013855,1.045108675956726,2.25,3.584075689315796,-2.25,-2.215869188308716
PowerLaw2,51564,51564,1.0020295,-9.07044789791292,-9.062369640022759,2.8320696016194313,2.8415752068074114,0.6648452495832976,0.5786687231544283,1.0,1.0,0.28771603673758855,0.37257381578173515,1.0,1.0,0.13688768710589613,0.2539239618881879,1.0,0.0020295381499999543,3.1655886,2.8738267,-6.636673927307129,-5.423223972320557,-11.457036972045898,-13.16875171661377,4.350606918334961,5.154448986053467,1.3119386434555054,0.4949040710926056,3.1237423419952393,4.346651077270508,-2.1932592391967773,-2.8728115558624268
Newtonain,51564,51564,1.0431654,0.942360521143206,0.9448893291604181,3.526910232058249,3.3092544084190445,0.11938905312364413,0.21206327867842362,1.0,1.0,10.0,10.0,1.0,1.0,0.017697031274586633,0.05374377997871949,1.04,0.0031654453300000718,0.40095514,0.646816,2.8629660606384277,3.125948667526245,-0.9298573732376099,-1.0575040578842163,4.744234561920166,4.428431510925293,1.8534060716629028,0.9941513538360596,2.422879219055176,3.676574468612671,-2.1971945762634277,-2.206224203109741
PowerLaw1,51564,51564,1.0431654,-4.060017628144852,-4.054878185851627,5.05559262355668,3.369058254209494,-0.18233457792713023,0.17615037623495966,0.0,1.0,inf,37.42806501137851,1.0,1.0,0.0,0.053618227647275335,1.04,0.0031654453300000718,0.03390941,0.46849316,-2.0999999046325684,-1.81575608253479,-5.900000095367432,-6.162618637084961,6.457658290863037,4.514177322387695,2.8076536655426025,0.9411925673484802,2.25,3.7760794162750244,-2.25,-2.2158048152923584
PowerLaw2,51564,51564,1.0431654,-9.071371807655161,-9.062791479650178,2.7676236461644286,2.786722247413155,0.7657982404994901,0.6644365138772743,1.0,1.0,0.28261835569941324,0.37505092234462634,1.0,1.0,0.1328544115623316,0.25808731845253496,1.04,0.0031654453300000718,3.1095066,2.7877192,-6.599425315856934,-5.346426486968994,-11.515884399414062,-13.447831153869629,4.346356391906738,5.231838226318359,1.2594140768051147,0.3447338342666626,3.196000099182129,4.612640857696533,-2.1902718544006348,-2.917182445526123
Newtonain,51564,51564,1.0815289,0.9422892151469028,0.9447123655430683,3.516003325610449,3.293681645841181,0.12936339439680697,0.23045073064506666,1.0,1.0,10.0,10.0,1.0,1.0,0.01778061242570397,0.05139997712478274,1.08,0.0015289020500000028,0.38384157,0.60481495,2.863727331161499,3.150834083557129,-0.928913414478302,-1.0710996389389038,4.725569248199463,4.406262397766113,1.8469918966293335,0.8852208852767944,2.426006555557251,3.8697755336761475,-2.19551420211792,-2.205441474914551
PowerLaw1,51564,51564,1.0815289,-4.060017628144852,-4.055438467871087,5.054280367697305,3.3573660877099853,-0.18233457792713023,0.1883350728824648,0.0,1.0,inf,37.68769729753303,1.0,1.0,0.0,0.05185818927882029,1.08,0.0015289020500000028,0.03456226,0.43306336,-2.0999999046325684,-1.7763211727142334,-5.900000095367432,-6.203066825866699,6.456346035003662,4.501350402832031,2.8063414096832275,0.8238130211830139,2.25,3.969143867492676,-2.25,-2.215765953063965
PowerLaw2,51564,51564,1.0815289,-9.072175382032729,-9.063259574793815,2.7085716859778888,2.733015430961291,0.8594452849361786,0.7488586638744762,1.0,1.0,0.2805218452437545,0.37607653541615915,1.0,1.0,0.13143375775936125,0.25965516612529643,1.08,0.0015289020500000028,3.0551744,2.709213,-6.5621232986450195,-5.26962947845459,-11.60966682434082,-13.726910591125488,4.3445820808410645,5.293531894683838,1.2207216024398804,0.18889863789081573,3.265526056289673,4.883648872375488,-2.187469482421875,-2.9547278881073
Newtonain,51564,51564,1.1204678,0.9422219061757785,0.9445052333727008,3.5053381405747084,3.2788188146542434,0.139042976390129,0.2474573993968636,1.0,1.0,10.0,10.0,1.0,1.0,0.01764810196170671,0.04938774483132589,1.12,0.0004677820199998628,0.3696766,0.5692586,2.8644824028015137,3.17514705657959,-0.9280281662940979,-1.0823251008987427,4.7071027755737305,4.383852481842041,1.8400285243988037,0.7667161822319031,2.4291698932647705,4.065876483917236,-2.1939353942871094,-2.204683542251587
PowerLaw1,51564,51564,1.1204678,-4.060017628144852,-4.055998874518862,5.052927651478204,3.3463110077795886,-0.18233457792713023,0.19943863520896526,0.0,1.0,inf,39.10085809218783,1.0,1.0,0.0,0.0499359803377635,1.12,0.0004677820199998628,0.03482252,0.4024089,-2.0999999046325684,-1.7393162250518799,-5.900000095367432,-6.2432732582092285,6.45499324798584,4.488210201263428,2.8049893379211426,0.7133426666259766,2.25,4.173681259155273,-2.25,-2.2156968116760254
PowerLaw2,51564,51564,1.1204678,-9.072942828616071,-9.06380359051568,2.649593086708194,2.6803746822190204,0.9537092157854297,0.8318414934033299,1.0,1.0,0.27227135752080267,0.37360039919541654,1.0,1.0,0.12428917408064678,0.2572542598721868,1.12,0.0004677820199998628,2.9982712,2.6339931,-6.507108688354492,-5.192831993103027,-11.688765525817871,-14.005990982055664,4.342684268951416,5.339529514312744,1.1761746406555176,0.03312784805893898,3.35378360748291,5.162655830383301,-2.1845004558563232,-2.985354423522949
Newtonain,51564,51564,1.163372,0.942156788315601,0.9442651190139342,3.493997285222445,3.264610401194272,0.14930376170240897,0.26330385494639996,1.0,1.0,10.0,10.0,1.0,1.0,0.017792568526887338,0.04854492727769699,1.16,0.0033720397900001142,0.3568757,0.5387612,2.8652780055999756,3.200695753097534,-0.9271156191825867,-1.091691493988037,4.687242031097412,4.361273765563965,1.8329570293426514,0.6727938055992126,2.4326071739196777,4.277324199676514,-2.192369222640991,-2.2039477825164795
PowerLaw1,51564,51564,1.163372,-4.060017628144852,-4.056516391169747,5.051421917730469,3.3358684740726523,-0.18233457792713023,0.20961342611467015,0.0,1.0,inf,39.32128720079231,1.0,1.0,0.0,0.04475227622663303,1.16,0.0033720397900001142,0.03538979,0.37568095,-2.0999999046325684,-1.7216651439666748,-5.900000095367432,-6.282680988311768,6.453487396240234,4.47450065612793,2.8034846782684326,0.6088181138038635,2.25,4.387661933898926,-2.25,-2.2155563831329346
PowerLaw2,51564,51564,1.163372,-9.073689861762201,-9.064407194745465,2.58571172761599,2.62877051809404,1.0563764025495006,0.9132731136071328,1.0,1.0,0.27124194049490735,0.37790894077126175,1.0,1.0,0.12396823800697093,0.2651256607146999,1.16,0.0033720397900001142,2.9332602,2.5608222,-6.435628890991211,-5.116034984588623,-11.774271965026855,-14.285070419311523,4.340565204620361,5.369831562042236,1.1135258674621582,-0.13031598925590515,3.4792962074279785,5.445277214050293,-2.181187391281128,-3.0093929767608643
Newtonain,51564,51564,1.2030486,0.9421035296111785,0.9439940943213907,3.4838527813652065,3.2510088375227637,0.1584888603260647,0.2781684819525844,1.0,1.0,10.0,10.0,1.0,1.0,0.017700505128715974,0.04686035277696224,1.2,0.00304858685000009,0.34632978,0.5121439,2.865973711013794,3.2427241802215576,-0.9263476133346558,-1.0999360084533691,4.66926908493042,4.351958274841309,1.8269678354263306,0.564996063709259,2.4356985092163086,4.492608547210693,-2.190650463104248,-2.203232526779175
PowerLaw1,51564,51564,1.2030486,-4.060017628144852,-4.056991984932337,5.050018109136719,3.3259674367463745,-0.18233457792713023,0.2190127461018975,0.0,1.0,inf,39.2882073736803,1.0,1.0,0.0,0.043484477297130675,1.2,0.00304858685000009,0.03538171,0.35309398,-2.0999999046325684,-1.7004715204238892,-5.900000095367432,-6.2995476722717285,6.452083587646484,4.460250377655029,2.8020808696746826,0.488597571849823,2.25,4.60164213180542,-2.25,-2.2154242992401123
PowerLaw2,51564,51564,1.2030486,-9.074303594268827,-9.065125433082365,2.5276972762636363,2.578220830242175,1.149943861545982,0.9930482949111662,1.0,1.0,0.2651764979060711,0.37866160348802874,1.0,1.0,0.11883380010279933,0.2670863350729474,1.2,0.00304858685000009,2.8696375,2.4892201,-6.375490188598633,-5.050304412841797,-11.844788551330566,-14.564149856567383,4.338571071624756,5.384437084197998,1.0368083715438843,-0.2935422360897064,3.6003968715667725,5.735898494720459,-2.178086757659912,-3.026315450668335
Newtonain,51564,51564,1.2428732,0.942054043499008,0.9437082314243666,3.473982695986307,3.237927485236291,0.16745968588331364,0.2921849788251762,1.0,1.0,10.0,10.0,1.0,1.0,0.01780370337340295,0.04515870875579873,1.24,0.0028731918300000103,0.33692086,0.48931944,2.86663556098938,3.287428617477417,-0.92560213804245,-1.1073440313339233,4.651580810546875,4.351352214813232,1.8243606090545654,0.42743179202079773,2.4387264251708984,4.707892894744873,-2.1889350414276123,-2.2025365829467773
PowerLaw1,51564,51564,1.2428732,-4.060017628144852,-4.057435619626253,5.048603380487478,3.316559577356848,-0.18233457792713023,0.22780298494401433,0.0,1.0,inf,40.16352359953201,1.0,1.0,0.0,0.04117897703840813,1.24,0.0028731918300000103,0.03543449,0.3348254,-2.0999999046325684,-1.6896878480911255,-5.900000095367432,-6.300086498260498,6.450668811798096,4.446034908294678,2.800666570663452,0.35268110036849976,2.25,4.815622329711914,-2.25,-2.215298652648926
PowerLaw2,51564,51564,1.2428732,-9.074845124591212,-9.065951732240519,2.470517339423725,2.528677677639599,1.2422685102908546,1.071048695737449,1.0,1.0,0.26529482054054987,0.37449353304624333,1.0,1.0,0.11889458573179211,0.2614034747941059,1.24,0.0028731918300000103,2.8028252,2.4186115,-6.317054271697998,-5.055616855621338,-11.911246299743652,-14.843229293823242,4.336528778076172,5.383347034454346,0.9790154099464417,-0.46318164467811584,3.749345541000366,6.030618667602539,-2.174950122833252,-3.0368754863739014
Newtonain,51564,51564,1.2823873,0.9420082185829893,0.9434019919905093,3.464479577121978,3.2253428699637845,0.17614350469514567,0.3054653225977315,1.0,1.0,10.0,10.0,1.0,1.0,0.01766267407396173,0.04330640887978231,1.28,0.0023872566200000556,0.32832196,0.46797287,2.867281436920166,3.333470344543457,-0.9248819351196289,-1.1135571002960205,4.634359836578369,4.350752353668213,1.8216445446014404,0.3119637072086334,2.4416894912719727,4.923177719116211,-2.187285900115967,-2.2018587589263916
PowerLaw1,51564,51564,1.2823873,-4.060017628144852,-4.057850676334336,5.047211039585099,3.307542723154249,-0.18233457792713023,0.23612390189213966,0.0,1.0,inf,40.14763666638188,1.0,1.0,0.0,0.04011326071948509,1.28,0.0023872566200000556,0.03522879,0.31980827,-2.0999999046325684,-1.6632779836654663,-5.900000095367432,-6.3352556228637695,6.449276447296143,4.432375431060791,2.799274444580078,0.20607320964336395,2.25,5.032468795776367,-2.25,-2.215179204940796
PowerLaw2,51564,51564,1.2823873,-9.075307321237746,-9.066837027309457,2.414867591153021,2.4802103117104046,1.3321377634782825,1.1472174227912666,1.0,1.0,0.2627224659826396,0.3772585280147627,1.0,1.0,0.11623350866102179,0.2637170748939136,1.28,0.0023872566200000556,2.7362876,2.3497398,-6.261376857757568,-5.012790203094482,-11.96379280090332,-15.122308731079102,4.334482192993164,5.366560459136963,0.8859823346138,-0.6350681781768799,3.9105465412139893,6.331827163696289,-2.1718037128448486,-3.0406856536865234
Newtonain,51564,51564,1.3217454,0.9419645257949181,0.9430728891855201,3.455261496768487,3.213245043014502,0.18460273016688622,0.3181047402681794,1.0,1.0,10.0,10.0,1.0,1.0,0.017441327568805436,0.04188022577772131,1.32,0.001745395659999982,0.32093722,0.44890717,2.867934465408325,3.3798742294311523,-0.9241822361946106,-1.1213186979293823,4.617490291595459,4.35015869140625,1.818905234336853,0.18042293190956116,2.444592237472534,5.138462066650391,-2.1857030391693115,-2.201198101043701
PowerLaw1,51564,51564,1.3217454,-4.060017628144852,-4.058230979754606,5.045830041856746,3.2989129909073562,-0.18233457792713023,0.24402344330068526,0.0,1.0,inf,40.4089469110778,1.0,1.0,0.0,0.03841227096217403,1.32,0.001745395659999982,0.034880582,0.30565768,-2.0999999046325684,-1.6278581619262695,-5.900000095367432,-6.330434799194336,6.447895526885986,4.419144153594971,2.7978928089141846,0.08424325287342072,2.25,5.270420551300049,-2.25,-2.21506404876709
PowerLaw2,51564,51564,1.3217454,-9.075680224633404,-9.067804282588794,2.3605055520904137,2.432846749337375,1.41982266197173,1.221462587605507,1.0,1.0,0.25932812681169953,0.3749872540172364,1.0,1.0,0.11393710525293946,0.2592544278079199,1.32,0.001745395659999982,2.6692684,2.2816002,-6.212345123291016,-4.8692193031311035,-12.006782531738281,-15.401389122009277,4.332406520843506,5.334078311920166,0.7898154258728027,-0.8112271428108215,4.067234039306641,6.667476177215576,-2.1686456203460693,-3.0376856327056885
Newtonain,51564,51564,1.3609101,0.9419213265808403,0.9427270741730801,3.446306148318691,3.2016058189647185,0.19285340267296608,0.33018505127417475,1.0,1.0,10.0,10.0,1.0,1.0,0.017644306659737905,0.040865004051761376,1.36,0.000910058019999882,0.3145853,0.43162352,2.8685946464538574,3.4262781143188477,-0.9235020875930786,-1.1337246894836426,4.6009521484375,4.349571228027344,1.8162477016448975,0.021482687443494797,2.4474198818206787,5.355720043182373,-2.1842336654663086,-2.2005534172058105
PowerLaw1,51564,51564,1.3609101,-4.060017628144852,-4.058583586860152,5.044461596530899,3.2906349587859864,-0.18233457792713023,0.2515821655849197,0.0,1.0,inf,41.112762418884294,1.0,1.0,0.0,0.03612396977829801,1.36,0.000910058019999882,0.0350613,0.29339594,-2.0999999046325684,-1.5860413312911987,-5.900000095367432,-6.315237045288086,6.446527004241943,4.406303405761719,2.796525001525879,-0.05328265577554703,2.25,5.508372783660889,-2.25,-2.214956283569336
PowerLaw2,51564,51564,1.3609101,-9.075995931992676,-9.06887841761949,2.307557898811628,2.386471502580992,1.5052304025349212,1.2938283659548098,1.0,1.0,0.2542984268281989,0.37518792668485756,1.0,1.0,0.1101335578799542,0.2588234436069353,1.36,0.000910058019999882,2.6032693,2.2186859,-6.168323993682861,-4.695298671722412,-12.05611801147461,-15.680468559265137,4.330315113067627,5.285900115966797,0.7035903930664062,-0.9905615448951721,4.214964866638184,7.088287353515625,-2.165478467941284,-3.027838945388794
Newtonain,51564,51564,1.4005048,0.9418774276755598,0.9423706223299548,3.437432926228803,3.190401055406896,0.20103763130606536,0.3417730543151961,1.0,1.0,10.0,10.0,1.0,1.0,0.017823008204981877,0.03903522548533321,1.4,0.0005048275000001379,0.30879524,0.41545326,2.8692634105682373,3.467305898666382,-0.9228520393371582,-1.1394463777542114,4.584433555603027,4.348989486694336,1.8132778406143188,-0.09938867390155792,2.450202703475952,5.601463317871094,-2.1828863620758057,-2.1999244689941406
PowerLaw1,51564,51564,1.4005048,-4.060017628144852,-4.058908972786596,5.043063883729277,3.282678050796339,-0.18233457792713023,0.2588520426360393,0.0,1.0,inf,41.36976240387474,1.0,1.0,0.0,0.03528513770028946,1.4,0.0005048275000001379,0.035494454,0.28304443,-2.0999999046325684,-1.5435413122177124,-5.900000095367432,-6.300172805786133,6.44512939453125,4.393819808959961,2.795126438140869,-0.2051863670349121,2.25,5.747105598449707,-2.25,-2.214846611022949
PowerLaw2,51564,51564,1.4005048,-9.07625535188991,-9.07007145737392,2.255185620372183,2.341091984039249,1.5896911313307975,1.3642795285226426,1.0,1.0,0.25330042865935953,0.3701435769232021,1.0,1.0,0.10978622908055723,0.251605363916885,1.4,0.0005048275000001379,2.5376048,2.1564112,-6.1274590492248535,-4.521378040313721,-12.10173511505127,-15.959547996520996,4.32816219329834,5.2220258712768555,0.6079130172729492,-1.1515932083129883,4.358595371246338,7.511648654937744,-2.162252426147461,-3.011032819747925
Newtonain,51564,51564,1.4404356,0.9418319363282159,0.9420070752172989,3.428662023441387,3.179602460461083,0.20914556176110177,0.35292884035672667,1.0,1.0,10.0,10.0,1.0,1.0,0.017764556380450613,0.038685750063212496,1.44,0.0004356479600000629,0.30331215,0.40108383,2.869929790496826,3.5079517364501953,-0.9222431778907776,-1.1426305770874023,4.567971229553223,4.348412990570068,1.8071730136871338,-0.23473316431045532,2.4529669284820557,5.847771167755127,-2.1816792488098145,-2.199309825897217
PowerLaw1,51564,51564,1.4404356,-4.060017628144852,-4.059220808282981,5.041641929550783,3.274966092072836,-0.18233457792713023,0.2658682635018476,0.0,1.0,inf,42.04945260892041,1.0,1.0,0.0,0.034385736952810705,1.44,0.0004356479600000629,0.035781626,0.27537102,-2.0999999046325684,-1.5010411739349365,-5.900000095367432,-6.320223808288574,6.443707466125488,4.385774612426758,2.7937042713165283,-0.34217968583106995,2.25,6.002213001251221,-2.25,-2.214742660522461
PowerLaw2,51564,51564,1.4404356,-9.076461471206287,-9.07134730226268,2.2036330186916593,2.29665635027056,1.6729368826055906,1.4328386651947924,1.0,1.0,0.2498177118624539,0.37265581761653227,1.0,1.0,0.10671036802749419,0.2545000807215078,1.44,0.0004356479600000629,2.4708567,2.0980065,-6.088923454284668,-4.347457408905029,-12.134389877319336,-16.238628387451172,4.325963020324707,5.142455577850342,0.513455867767334,-1.3956748247146606,4.508557319641113,7.9350104331970215,-2.158970355987549,-2.987748861312866
Newtonain,51564,51564,1.4818662,0.9417832884786247,0.9416399390420986,3.41969318241378,3.1691728648906987,0.2174026843438372,0.36370914436896357,1.0,1.0,10.0,10.0,1.0,1.0,0.01812315817873242,0.037536940277873014,1.48,0.0018662405000000604,0.29889664,0.38805103,2.8706037998199463,3.547914505004883,-0.9216648936271667,-1.14564847946167,4.551034927368164,4.347841739654541,1.8008437156677246,-0.38577359914779663,2.455815076828003,6.09407901763916,-2.1805269718170166,-2.19870924949646
PowerLaw1,51564,51564,1.4818662,-4.060017628144852,-4.0595345208401845,5.040111230727487,3.2674357319979954,-0.18233457792713023,0.27271097571383,0.0,1.0,inf,42.112760472303215,1.0,1.0,0.0,0.03272477749017311,1.48,0.0018662405000000604,0.037527535,0.269151,-2.0999999046325684,-1.4574486017227173,-5.900000095367432,-6.373208999633789,6.442176818847656,4.382119655609131,2.792173147201538,-0.4938824772834778,2.25,6.2578125,-2.25,-2.2146408557891846
PowerLaw2,51564,51564,1.4818662,-9.07661104494491,-9.072710959390344,2.1515791643864337,2.253182634731612,1.7572105375927023,1.49955598580718,1.0,1.0,0.2458740038753819,0.36907372049528764,1.0,1.0,0.10306058233338321,0.2486896011282629,1.48,0.0018662405000000604,2.4014626,2.0412922,-6.054336071014404,-4.173536777496338,-12.160964965820312,-16.51770782470703,4.323638439178467,5.047189235687256,0.4240075647830963,-1.6744531393051147,4.669917583465576,8.35837173461914,-2.1555349826812744,-2.957430124282837
Newtonain,51564,51564,1.5208193,0.941736396824749,0.941275578793652,3.411381589003285,3.1590926848989813,0.22503636114445355,0.3741577319918304,1.0,1.0,10.0,10.0,1.0,1.0,0.018496837075339247,0.03646264837029802,1.52,0.0008193063699999392,0.29469693,0.37605327,2.8712308406829834,3.5874221324920654,-0.921847403049469,-1.1515780687332153,4.535237789154053,4.3472747802734375,1.7953554391860962,-0.5463224649429321,2.458487033843994,6.343101978302002,-2.1795122623443604,-2.198326826095581
PowerLaw1,51564,51564,1.5208193,-4.060017628144852,-4.059839366158044,5.038622545119577,3.260079896157761,-0.18233457792713023,0.2794125775875843,0.0,1.0,inf,42.02613290518085,1.0,1.0,0.0,0.03246559914879182,1.52,0.0008193063699999392,0.038534973,0.26350462,-2.0999999046325684,-1.4143249988555908,-5.900000095367432,-6.421880722045898,6.440688133239746,4.378581523895264,2.790684461593628,-0.633162260055542,2.25,6.525155544281006,-2.25,-2.2145400047302246
PowerLaw2,51564,51564,1.5208193,-9.076699158087628,-9.07415460606689,2.1039459228621973,2.210577751829502,1.8344845904505636,1.5644309428010796,1.0,1.0,0.24428540133958374,0.36690382161851887,1.0,1.0,0.10225826560688649,0.24381454769546532,1.52,0.0008193063699999392,2.3374457,1.9872416,-6.027212142944336,-3.9996159076690674,-12.185839653015137,-16.79678726196289,4.321413516998291,4.936227321624756,0.3440936803817749,-1.969235897064209,4.816783428192139,8.781733512878418,-2.1522767543792725,-2.9203083515167236
Newtonain,51564,51564,1.5608864,0.9416843958712087,0.9409241855125845,3.402956841050418,3.1493506255205728,0.23276000508405165,0.38430882629972063,1.0,1.0,10.0,10.0,1.0,1.0,0.018829438782338986,0.0348608603396468,1.56,0.0008863830599998845,0.29033676,0.36453906,2.871886730194092,3.6271603107452393,-0.9230332970619202,-1.1565746068954468,4.5191216468811035,4.3467116355896,1.790116310119629,-0.6698890924453735,2.4612157344818115,6.6145172119140625,-2.1785147190093994,-2.198017120361328
PowerLaw1,51564,51564,1.5608864,-4.060017628144852,-4.060149847742159,5.037048351023956,3.2529408271618743,-0.18233457792713023,0.2859643384256545,0.0,1.0,inf,41.94147850864937,1.0,1.0,0.0,0.031486815332665265,1.56,0.0008863830599998845,0.03996655,0.2556433,-2.0999999046325684,-1.3761616945266724,-5.900000095367432,-6.46795654296875,6.439114093780518,4.377490043640137,2.789108991622925,-0.7693920731544495,2.25,6.800327777862549,-2.25,-2.2144408226013184
PowerLaw2,51564,51564,1.5608864,-9.0767207439206,-9.075649758050517,2.0562743783348534,2.1688696713016102,1.912045598423018,1.6275349940306938,1.0,1.0,0.2387799620043569,0.3675547728467877,1.0,1.0,0.09709487965064681,0.24641398926835842,1.56,0.0008863830599998845,2.274221,1.9347377,-6.000992298126221,-3.825695276260376,-12.214157104492188,-17.07586669921875,4.319093704223633,4.809569358825684,0.2632180452346802,-2.279714584350586,4.962066173553467,9.205095291137695,-2.1488964557647705,-2.8765406608581543
Newtonain,51564,51564,1.6022437,0.9416266567003866,0.9405905404449793,3.3943796059420586,3.139925076619221,0.2406053790407308,0.39418057564520537,1.0,1.0,10.0,10.0,1.0,1.0,0.018860719804179738,0.03369360345637967,1.6,0.002243661879999914,0.2862351,0.35382906,2.8725779056549072,3.6634719371795654,-0.9243884086608887,-1.1610476970672607,4.50260591506958,4.346150875091553,1.7845674753189087,-0.8091516494750977,2.463996410369873,6.885932445526123,-2.1775262355804443,-2.197709083557129
PowerLaw1,51564,51564,1.6022437,-4.060017628144852,-4.060449659288017,5.035370335291507,3.2460447125007064,-0.18233457792713023,0.29234442779295056,0.0,1.0,inf,43.06660143534342,1.0,1.0,0.0,0.030333356405159516,1.6,0.002243661879999914,0.040947195,0.24834114,-2.0999999046325684,-1.337998390197754,-5.900000095367432,-6.493577003479004,6.437436103820801,4.37660551071167,2.787430763244629,-0.9213177561759949,2.25,7.075500011444092,-2.25,-2.214343786239624
PowerLaw2,51564,51564,1.6022437,-9.076682564859182,-9.077194155122559,2.0084162521302544,2.128085439360676,1.9900890314696709,1.6888575370058578,1.0,1.0,0.23803479912632486,0.3666494786334501,1.0,1.0,0.09746580541992092,0.24529139654937315,1.6,0.002243661879999914,2.2115877,1.8824445,-5.975855827331543,-3.6711838245391846,-12.237236022949219,-17.35494613647461,4.316661357879639,4.708492279052734,0.17687244713306427,-2.605889320373535,5.110743045806885,9.628457069396973,-2.1453826427459717,-2.826012134552002
Newtonain,51564,51564,1.6404455,0.9415709240504774,0.9402743343450195,3.3865619894513315,3.1307860155279292,0.2477363882605803,0.4038034767982894,1.0,1.0,10.0,10.0,1.0,1.0,0.018746863663232163,0.03256453602259404,1.64,0.0004454708100001259,0.28262955,0.34429753,2.873223066329956,3.699399709701538,-0.9257143139839172,-1.1653856039047241,4.487472057342529,4.345592498779297,1.7795199155807495,-0.9641101956367493,2.466517686843872,7.157347679138184,-2.1766419410705566,-2.1974024772644043
PowerLaw1,51564,51564,1.6404455,-4.060017628144852,-4.060731974704411,5.0337795549862765,3.2393421625520014,-0.18233457792713023,0.2985641575756807,0.0,1.0,inf,42.5746576503392,1.0,1.0,0.0,0.029639666781265315,1.64,0.0004454708100001259,0.04254463,0.24230812,-2.0999999046325684,-1.303942322731018,-5.900000095367432,-6.510209083557129,6.435845375061035,4.375735282897949,2.785839557647705,-1.0889394283294678,2.25,7.350671768188477,-2.25,-2.2142484188079834
PowerLaw2,51564,51564,1.6404455,-9.07661625276608,-9.078795497790678,1.965432538915567,2.088218172001256,2.060394113569797,1.7484218952442303,1.0,1.0,0.23548015834002614,0.36240716192284794,1.0,1.0,0.09455705389164226,0.2387710800603508,1.64,0.0004454708100001259,2.1544044,1.8351501,-5.953958034515381,-3.557647705078125,-12.260539054870605,-17.63402557373047,4.314403533935547,4.675462245941162,0.09856411814689636,-2.9477601051330566,5.238810062408447,10.05181884765625,-2.1421053409576416,-2.7685720920562744
Newtonain,51564,51564,1.6803781,0.9415117620634718,0.939976018167376,3.378477300624113,3.1219059818944963,0.2550647551763847,0.41320711536927934,1.0,1.0,10.0,10.0,1.0,1.0,0.020101453459249796,0.031408536485649216,1.68,0.0003780794100001206,0.2790707,0.33565596,2.873898506164551,3.7357444763183594,-0.9271754026412964,-1.169777512550354,4.471747398376465,4.34503698348999,1.77443528175354,-1.1347646713256836,2.469088554382324,7.428762435913086,-2.175726890563965,-2.197096586227417
PowerLaw1,51564,51564,1.6803781,-4.060017628144852,-4.0610014468040765,5.032041483544626,3.232801077307046,-0.18233457792713023,0.3046557203629325,0.0,1.0,inf,42.995845952203965,1.0,1.0,0.0,0.02870649836060012,1.68,0.0003780794100001206,0.044193666,0.23709117,-2.0999999046325684,-1.2732466459274292,-5.900000095367432,-6.526841163635254,6.434107303619385,4.374878406524658,2.7841014862060547,-1.2722570896148682,2.25,7.6258440017700195,-2.25,-2.2141542434692383
PowerLaw2,51564,51564,1.6803781,-9.0765340939845,-9.080459668942229,1.9216830867802894,2.049080510792091,2.132111813467527,1.806346599770291,1.0,1.0,0.23131338312742827,0.36026397100525104,1.0,1.0,0.09070899034814313,0.23735426376273414,1.68,0.0003780794100001206,2.0990956,1.7912492,-5.93260383605957,-3.452491044998169,-12.284733772277832,-17.913105010986328,4.312018871307373,4.638302326202393,0.007394985295832157,-3.327387571334839,5.370230674743652,10.475179672241211,-2.138648509979248,-2.704533815383911
Newtonain,51564,51564,1.7218748,0.941451382507113,0.9396931315545073,3.3701838065447682,3.113257546452227,0.26254921851498875,0.4224095916433644,1.0,1.0,10.0,10.0,1.0,1.0,0.02059763662949402,0.030715309882964507,1.72,0.0018748331100000293,0.27517527,0.32768047,2.874603271484375,3.768666982650757,-0.9287489652633667,-1.174293875694275,4.455525875091553,4.344484806060791,1.7694886922836304,-1.321115255355835,2.4716989994049072,7.7001776695251465,-2.1747896671295166,-2.196791648864746
PowerLaw1,51564,51564,1.7218748,-4.060017628144852,-4.061245090025519,5.030164600944475,3.226404827830209,-0.18233457792713023,0.31063687069837953,0.0,1.0,inf,43.29090753465153,1.0,1.0,0.0,0.02806960498086616,1.72,0.0018748331100000293,0.045693573,0.23156814,-2.0999999046325684,-1.2426854372024536,-5.900000095367432,-6.530628681182861,6.432230472564697,4.374034404754639,2.782224178314209,-1.449573040008545,2.25,7.911524772644043,-2.25,-2.214061737060547
PowerLaw2,51564,51564,1.7218748,-9.076449710166294,-9.082186301364326,1.8774352661685925,2.010661693516116,2.204829729581181,1.8626818663638878,1.0,1.0,0.22979517466756483,0.35930635656245946,1.0,1.0,0.08999791235892396,0.23570249152609865,1.72,0.0018748331100000293,2.04373,1.7498226,-5.913662910461426,-3.265125274658203,-12.308904647827148,-18.192184448242188,4.3095293045043945,4.59776496887207,-0.0665159747004509,-3.791088342666626,5.502710819244385,10.898541450500488,-2.1350181102752686,-2.633514404296875
Newtonain,51564,51564,1.7600307,0.9413976860948998,0.939427608139675,3.3626899988894854,3.104842807761007,0.26932537260155015,0.43143414081107234,1.0,1.0,10.0,10.0,1.0,1.0,0.019247658275529943,0.0303289758031516,1.76,3.074646000000847e-05,0.27113247,0.3201351,2.8752551078796387,3.8015894889831543,-0.9302296042442322,-1.188507080078125,4.440776824951172,4.343935489654541,1.7651821374893188,-1.4915252923965454,2.474045515060425,7.988067626953125,-2.173941135406494,-2.1964871883392334
PowerLaw1,51564,51564,1.7600307,-4.060017628144852,-4.0614616812320445,5.028378460167008,3.220211246195865,-0.18233456991187527,0.31648671728840244,0.0023465984019858817,1.0,inf,43.748247918123866,1.0,1.0,1.180285615963893e-06,0.026934121368533986,1.76,3.074646000000847e-05,0.048042607,0.22453317,-2.0999999046325684,-1.212197184562683,-5.900000095367432,-6.533740043640137,6.430444240570068,4.373205661773682,2.7804386615753174,-1.6103590726852417,2.25,8.212647438049316,-2.25,-2.21397066116333
PowerLaw2,51564,51564,1.7600307,-9.07636520235785,-9.08396560519173,1.8378260627317033,1.9728823974146903,2.270100832732768,1.9175176439147121,1.0,1.0,0.2271096911831288,0.3566290217165215,1.0,1.0,0.0874250417456932,0.23326036952737175,1.76,3.074646000000847e-05,1.9942241,1.7122635,-5.896215915679932,-3.0777595043182373,-12.330692291259766,-18.47126579284668,4.307219505310059,4.552392959594727,-0.13633692264556885,-4.270484924316406,5.6186909675598145,11.321903228759766,-2.1316418647766113,-2.5562868118286133
Newtonain,51564,51564,1.8046322,0.9413370620669513,0.9391803979013338,3.3540650856577208,3.09665341680057,0.27711024101077025,0.44029820048761337,1.0,1.0,10.0,10.0,1.0,1.0,0.01767372749753284,0.02962395794835909,1.8,0.00463218688999989,0.2666621,0.31302544,2.876011371612549,3.834689140319824,-0.9320133924484253,-1.2151501178741455,4.423698425292969,4.343388080596924,1.759920597076416,-1.6588770151138306,2.4767305850982666,8.285724639892578,-2.172943592071533,-2.196183204650879
PowerLaw1,51564,51564,1.8046322,-4.060017628144852,-4.061659245695952,5.0262102427507385,3.2142146978141404,-0.1823345477063593,0.32218344628631357,0.01871460709021798,1.0,inf,43.99437807142369,1.0,1.0,1.3265521703949298e-06,0.02629888851181205,1.8,0.00463218688999989,0.049049463,0.21838856,-2.0999999046325684,-1.1817089319229126,-5.900000095367432,-6.536851406097412,6.428276062011719,4.372389316558838,2.7782697677612305,-1.7868410348892212,2.25,8.513769149780273,-2.25,-2.2138803005218506
PowerLaw2,51564,51564,1.8046322,-9.076266587626693,-9.085802457685125,1.792750563091719,1.9356925736034496,2.344585659411659,1.9710094181954234,1.0,1.0,0.21708177338274867,0.35071603178886945,1.0,1.0,0.0804927817708602,0.22612922343179412,1.8,0.00463218688999989,1.9428109,1.6799335,-5.876872539520264,-2.8903937339782715,-12.35453987121582,-18.75034523010254,4.304488658905029,4.503504276275635,-0.21051955223083496,-4.765577793121338,5.754563808441162,11.745265007019043,-2.1276488304138184,-2.47210955619812
Newtonain,51564,51564,1.8446321,0.9412841564377111,0.9389540015402161,3.346441634189499,3.0886755586215116,0.2839601173479626,0.4490133804485527,1.0,1.0,10.0,10.0,1.0,1.0,0.01893859723394511,0.028342273351416574,1.84,0.004632148739999842,0.26432997,0.30627614,2.876682758331299,3.8614697456359863,-0.93362957239151,-1.241410255432129,4.408495903015137,4.342843055725098,1.7552741765975952,-1.841924786567688,2.479090929031372,8.583382606506348,-2.172067165374756,-2.1958794593811035
PowerLaw1,51564,51564,1.8446321,-4.060017628144852,-4.061847380181186,5.024249317231554,3.208387802442644,-0.1823345274104483,0.3277515087591284,0.02658831743076565,1.0,inf,44.34811443990219,1.0,1.0,1.4766768402591688e-06,0.02568711834803246,1.84,0.004632148739999842,0.04904946,0.21282995,-2.0999999046325684,-1.1496261358261108,-5.900000095367432,-6.539963245391846,6.4263153076171875,4.3716020584106445,2.7763071060180664,-1.979019045829773,2.25,8.814891815185547,-2.25,-2.2137913703918457
PowerLaw2,51564,51564,1.8446321,-9.076180909308976,-9.0876749771476,1.7532169295263351,1.8988731930102403,2.410070552924299,2.023249099018837,1.0,1.0,0.2185701411810129,0.34788597848672753,1.0,1.0,0.08141692328377668,0.2226047567670103,1.84,0.004632148739999842,1.9082763,1.651658,-5.861142635345459,-2.7030279636383057,-12.37506103515625,-19.0294246673584,4.302027702331543,4.451113700866699,-0.2723073959350586,-5.276366233825684,5.867336273193359,12.16862678527832,-2.124026298522949,-2.3810365200042725
Newtonain,51564,51564,1.8846321,0.9412331142336584,0.9387523096400581,3.3389501558986225,3.0808882072128903,0.2906936903876515,0.4575837003882362,1.0,1.0,10.0,10.0,1.0,1.0,0.01874126810974595,0.027001099977056648,1.88,0.004632110600000017,0.25773448,0.30012745,2.8773460388183594,3.8882501125335693,-0.9352703094482422,-1.2676702737808228,4.393543720245361,4.342298984527588,1.7536346912384033,-2.040668487548828,2.481414794921875,8.8810396194458,-2.171203851699829,-2.195575714111328
PowerLaw1,51564,51564,1.8846321,-4.060017628144852,-4.062020202403793,5.022288392267219,3.2027142301147786,-0.18233450678625174,0.33321698367347957,0.029264603211542936,1.0,inf,44.69216857770445,1.0,1.0,1.6252938564587781e-06,0.024915307293985448,1.88,0.004632110600000017,0.049049452,0.20844927,-2.0999999046325684,-1.1171445846557617,-5.900000095367432,-6.54266357421875,6.424354553222656,4.3708319664001465,2.7743444442749023,-2.1868929862976074,2.25,9.11601448059082,-2.25,-2.213703155517578
PowerLaw2,51564,51564,1.8846321,-9.076103358381188,-9.089591497645683,1.714415852156502,1.8623654868294857,2.4744928692692674,2.0743308829894667,1.0,1.0,0.2125668797754741,0.34187965608033016,1.0,1.0,0.07713441201940159,0.21457857485173742,1.88,0.004632110600000017,1.8757414,1.6281519,-5.847230434417725,-2.51566219329834,-12.393996238708496,-19.308504104614258,4.299559116363525,4.394520282745361,-0.351216197013855,-5.802850723266602,5.9690375328063965,12.591987609863281,-2.120370388031006,-2.283470630645752
Newtonain,51564,51564,1.9246321,0.9411850474255723,0.9385778734483401,3.331597156081149,3.0732729077973735,0.29731803931416245,0.4660195663415795,1.0,1.0,10.0,10.0,1.0,1.0,0.020192409778403624,0.026828288618536655,1.92,0.004632072449999969,0.25392878,0.29452625,2.8780033588409424,3.9150307178497314,-0.9369322061538696,-1.2962056398391724,4.378747940063477,4.341756820678711,1.7519291639328003,-2.255107879638672,2.483701467514038,9.178696632385254,-2.1704201698303223,-2.1952717304229736
PowerLaw1,51564,51564,1.9246321,-4.060017628144852,-4.062177499371146,5.02032746764504,3.1971812197763474,-0.18233448596323432,0.3385809107044899,0.0315918082383058,1.0,inf,45.043498119522994,1.0,1.0,1.8525889846494097e-06,0.02382490427811741,1.92,0.004632072449999969,0.04904945,0.20367348,-2.0999999046325684,-1.0840734243392944,-5.900000095367432,-6.541664123535156,6.422393798828125,4.37010383605957,2.7723817825317383,-2.4104628562927246,2.25,9.417136192321777,-2.25,-2.2186496257781982
PowerLaw2,51564,51564,1.9246321,-9.07602079756533,-9.091555546955016,1.676389718500184,1.8261314449689097,2.537837953227485,2.1244103735676316,1.0,1.0,0.21170272765867076,0.34099256842331754,1.0,1.0,0.07686571351063058,0.21412831045363875,1.92,0.004632072449999969,1.8404268,1.6073045,-5.836546897888184,-2.328296422958374,-12.410467147827148,-19.587583541870117,4.297080993652344,4.3774094581604,-0.39855021238327026,-6.345031261444092,6.0716233253479,13.015349388122559,-2.1166813373565674,-2.1773688793182373
Newtonain,51564,51564,1.964632,0.9411392347971943,0.9384290224646926,3.324373192063925,3.065821245407116,0.3038280746703822,0.47433329947353126,1.0,1.0,10.0,10.0,1.0,1.0,0.020198008711470355,0.02614657236898445,1.96,0.004632034300000143,0.24995212,0.28920817,2.878653049468994,3.9418110847473145,-0.9385833144187927,-1.3240563869476318,4.364163875579834,4.341215133666992,1.7502901554107666,-2.485243558883667,2.4859464168548584,9.476354598999023,-2.169644594192505,-2.19496750831604
PowerLaw1,51564,51564,1.964632,-4.060017628144852,-4.062320684006009,5.0183665635985095,3.191758347945657,-0.18233445325951447,0.34385039261661665,0.03898068419827787,1.0,inf,45.36227131866427,1.0,1.0,1.2254695442333025e-05,0.023545415186767324,1.96,0.004632034300000143,0.049048856,0.19986263,-2.0999999046325684,-1.0499073266983032,-5.900000095367432,-6.540664196014404,6.420433044433594,4.366350173950195,2.770419120788574,-2.649728536605835,2.25,9.71825885772705,-2.25,-2.2198476791381836
PowerLaw2,51564,51564,1.964632,-9.075931505165222,-9.093552399325265,1.6391129964550186,1.7900698487275581,2.60008758020962,2.173528581199332,1.0,1.0,0.21319400499555335,0.3397657980123404,1.0,1.0,0.07765302520306697,0.21156784174122836,1.96,0.004632034300000143,1.806729,1.5901514,-5.827983856201172,-2.140930652618408,-12.425302505493164,-19.866662979125977,4.294600009918213,4.432661533355713,-0.45024803280830383,-6.902907371520996,6.171719074249268,13.438711166381836,-2.112955331802368,-2.11661696434021
Newtonain,51564,51564,2.004632,0.9410945497156064,0.938304937444164,3.3173035331739134,3.0585196648169024,0.3102416994971221,0.4825292493292305,1.0,1.0,10.0,10.0,1.0,1.0,0.018897429929439453,0.025803786108807382,2.0,0.004631996150000095,0.24573053,0.28432408,2.879296064376831,3.9732489585876465,-0.9402437210083008,-1.349101185798645,4.349953651428223,4.340674877166748,1.7487095594406128,-2.7310750484466553,2.488149404525757,9.774011611938477,-2.168869972229004,-2.1946628093719482
PowerLaw1,51564,51564,2.004632,-4.060017628144852,-4.062447205993889,5.016405673090292,3.1864453480718864,-0.18233441261451952,0.34902379122528965,0.06599565588395004,1.0,inf,45.32189889142256,1.0,1.0,8.011532572205773e-06,0.02323377355745273,2.0,0.004631996150000095,0.04904881,0.19561191,-2.0999999046325684,-1.0157411098480225,-5.900000095367432,-6.5514326095581055,6.4184722900390625,4.364930629730225,2.76845645904541,-2.9046902656555176,2.25,10.019381523132324,-2.25,-2.219773292541504
PowerLaw2,51564,51564,2.004632,-9.075849122973725,-9.095582745337577,1.6025547589841493,1.754118842993986,2.661258554762045,2.22176601980133,1.0,1.0,0.21062149887296772,0.3330549438611374,1.0,1.0,0.07613484730525752,0.20440998422458503,2.0,0.004631996150000095,1.7747062,1.5749481,-5.814255237579346,-1.953565001487732,-12.438003540039062,-20.145742416381836,4.292107105255127,4.4893059730529785,-0.5057312250137329,-7.476480007171631,6.268587112426758,13.862072944641113,-2.109193801879883,-2.0727386474609375
Newtonain,51564,51564,2.0446329,0.9410493657649008,0.9382020082240177,3.3103382817625806,3.0513501169864625,0.3165321946636652,0.4906139992122401,1.0,1.0,10.0,10.0,1.0,1.0,0.01877487963155823,0.025515697319054228,2.04,0.004632911679999907,0.24096498,0.2797857,2.879943609237671,4.013336181640625,-0.9418798089027405,-1.3722753524780273,4.340241432189941,4.340134620666504,1.7459555864334106,-2.9981205463409424,2.4903225898742676,10.071669578552246,-2.1681015491485596,-2.19435715675354
PowerLaw1,51564,51564,2.0446329,-4.060017628144852,-4.06254819600898,5.014444785966652,3.1812490768622887,-0.18233436999749905,0.35409972170607273,0.16284617174773097,1.0,inf,45.57576938034186,1.0,1.0,7.922265842139892e-06,0.022679338008510096,2.04,0.004632911679999907,0.04904876,0.19166495,-2.0999999046325684,-0.9815749526023865,-5.900000095367432,-6.582760810852051,6.416511535644531,4.364141464233398,2.766493797302246,-3.1753480434417725,2.25,10.320503234863281,-2.25,-2.2197024822235107
PowerLaw2,51564,51564,2.0446329,-9.075778368732463,-9.097648354659448,1.566677656197317,1.7181430602288938,2.7213475914850416,2.2692313054751754,1.0,1.0,0.21148987234597183,0.33367756342036053,1.0,1.0,0.07660557930379408,0.20333626136941108,2.04,0.004632911679999907,1.7413093,1.563874,-5.802793979644775,-1.7634028196334839,-12.452784538269043,-20.424821853637695,4.289587497711182,4.530266761779785,-0.5658949613571167,-8.06574821472168,6.361576080322266,14.285433769226074,-2.105358123779297,-2.0288681983947754
Newtonain,51564,51564,2.0846338,0.9410018397325136,0.9381181947634188,3.3035320635610756,3.044314222001102,0.32273710528288896,0.4985944974024903,1.0,1.0,10.0,10.0,1.0,1.0,0.01915417798873463,0.024475000569978672,2.08,0.004633827209999719,0.23835057,0.27532017,2.880589008331299,4.053422927856445,-0.9435302019119263,-1.395283818244934,4.331701755523682,4.339594841003418,1.740824580192566,-3.310600996017456,2.492461681365967,10.3693265914917,-2.167336940765381,-2.1940507888793945
PowerLaw1,51564,51564,2.0846338,-4.060017628144852,-4.062625158043248,5.012483902948895,3.1761692330752993,-0.18233432500387572,0.3590877377200634,0.31141881933131643,1.0,inf,45.843050779502704,1.0,1.0,7.732911166347295e-06,0.022303755218218056,2.08,0.004633827209999719,0.049048726,0.18798019,-2.0999999046325684,-0.9492117762565613,-5.900000095367432,-6.601388454437256,6.41455078125,4.36336088180542,2.764531135559082,-3.4617016315460205,2.25,10.621625900268555,-2.25,-2.219633102416992
PowerLaw2,51564,51564,2.0846338,-9.075706782911388,-9.099747283729107,1.5315516626411914,1.6821079263281964,2.780317013553654,2.31597178522137,1.0,1.0,0.209409607890928,0.3306341015279654,1.0,1.0,0.07522736688952672,0.2009413481048622,2.08,0.004633827209999719,1.7066818,1.5558171,-5.7940354347229,-1.5720421075820923,-12.466731071472168,-20.703903198242188,4.287047863006592,4.5555315017700195,-0.6280617713928223,-8.6707124710083,6.450463771820068,14.708795547485352,-2.1014459133148193,-1.9849977493286133
Newtonain,51564,51564,2.1246347,0.9409504558678734,0.9380527616717528,3.2968332788131574,3.0374032867744467,0.32882430764522824,0.506473108749779,1.0,1.0,10.0,10.0,1.0,1.0,0.01897678803342041,0.02378071300048572,2.12,0.004634742739999975,0.23361482,0.271162,2.8812296390533447,4.093510150909424,-0.9452024698257446,-1.4151438474655151,4.331191062927246,4.339055061340332,1.7358213663101196,-3.638777494430542,2.494563341140747,10.666983604431152,-2.1665756702423096,-2.1937434673309326
PowerLaw1,51564,51564,2.1246347,-4.060017628144852,-4.062683002977752,5.010523025017252,3.1711598629369675,-0.18233427706955316,0.3640022865024817,0.363179737801567,1.0,inf,46.130544203527684,1.0,1.0,1.3261366535777276e-05,0.02160679384200777,2.12,0.004634742739999975,0.049048778,0.18539305,-2.0999999046325684,-0.9195529818534851,-5.900000095367432,-6.575665473937988,6.412590026855469,4.362570285797119,2.762568473815918,-3.763751268386841,2.25,10.922748565673828,-2.25,-2.2195637226104736
PowerLaw2,51564,51564,2.1246347,-9.07562683574834,-9.101869018786115,1.497155395085277,1.6459677945599875,2.838156964232152,2.362100684623376,1.0,1.0,0.20802222014506003,0.3241667752346481,1.0,1.0,0.07412001795345576,0.19305785092025465,2.12,0.004634742739999975,1.6730437,1.5502164,-5.786616325378418,-1.3812721967697144,-12.477007865905762,-20.982982635498047,4.284524917602539,4.56510066986084,-0.666563868522644,-9.291372299194336,6.540343284606934,15.132157325744629,-2.0975308418273926,-1.976761817932129
Newtonain,51564,51564,2.1646357,0.9408949310503177,0.9380011016069962,3.2902490561760827,3.0306049770335663,0.33480245223045724,0.5142591839490349,1.0,1.0,10.0,10.0,1.0,1.0,0.01974116674254158,0.02380373276157792,2.16,0.004635658259999786,0.22931656,0.2674119,2.8818812370300293,4.133596897125244,-0.9468593597412109,-1.4350039958953857,4.330684661865234,4.338514804840088,1.730960726737976,-3.982649803161621,2.496642589569092,10.964641571044922,-2.165815591812134,-2.193434476852417
PowerLaw1,51564,51564,2.1646357,-4.060017628144852,-4.062733776900334,5.008562151385689,3.1662247497253175,-0.18233422665228166,0.368851040378485,0.39517880691955626,1.0,inf,46.19091121254895,1.0,1.0,1.3312664577360866e-05,0.020700046223004077,2.16,0.004635658259999786,0.04904898,0.18278842,-2.0999999046325684,-0.8904109001159668,-5.900000095367432,-6.566442012786865,6.4106292724609375,4.36177921295166,2.760605812072754,-4.081496715545654,2.25,11.223870277404785,-2.25,-2.219494342803955
PowerLaw2,51564,51564,2.1646357,-9.075540125050988,-9.104004566897045,1.4634161400383312,1.6095372899596636,2.8948932067472937,2.4076659500429267,1.0,1.0,0.2080854344325712,0.32542936247701676,1.0,1.0,0.073839133745835,0.19214436753959424,2.16,0.004635658259999786,1.6410353,1.5481656,-5.780506134033203,-1.1901452541351318,-12.492009162902832,-21.262062072753906,4.282045364379883,4.55897331237793,-0.7206869125366211,-9.927728652954102,6.6227707862854,15.555519104003906,-2.0936529636383057,-1.969847321510315
Newtonain,51564,51564,2.2046366,0.9408355461116586,0.9379644735503884,3.2838112034852043,3.023906890176466,0.3406947874846056,0.5219584199664425,1.0,1.0,10.0,10.0,1.0,1.0,0.019478710657777582,0.02314464107871373,2.2,0.0046365737900000425,0.22681008,0.26385468,2.8825297355651855,4.173684120178223,-0.9485127329826355,-1.4548640251159668,4.3301777839660645,4.337975025177002,1.7262108325958252,-4.342217922210693,2.498687744140625,11.262298583984375,-2.1650590896606445,-2.193124294281006
PowerLaw1,51564,51564,2.2046366,-4.060017628144852,-4.062779654458092,5.006601281175694,3.1613702613800077,-0.18233417422599474,0.37364021225756733,0.4143588550151268,1.0,inf,46.390544196829914,1.0,1.0,1.366955772307423e-05,0.020426254777837546,2.2,0.0046365737900000425,0.049049355,0.17978376,-2.0999999046325684,-0.8619247674942017,-5.900000095367432,-6.595022201538086,6.408668518066406,4.360990524291992,2.75864315032959,-4.414938449859619,2.25,11.524992942810059,-2.25,-2.2194254398345947
PowerLaw2,51564,51564,2.2046366,-9.075461468577487,-9.106158380660867,1.43035465681603,1.57289146786975,2.95057547135686,2.4527094514464856,1.0,1.0,0.2067821426798687,0.32149013791462916,1.0,1.0,0.07322143601291951,0.18892114912856234,2.2,0.0046365737900000425,1.6093776,1.5451891,-5.772795677185059,-0.9986326098442078,-12.505151748657227,-21.541141510009766,4.2796101570129395,4.5371503829956055,-0.7719169855117798,-10.579781532287598,6.70522928237915,15.978880882263184,-2.089780330657959,-1.9627634286880493
Newtonain,51564,51564,2.2446375,0.9407727049556256,0.9379455481803376,3.2775003303175576,3.0173144105564798,0.3464911080516106,0.5295779425730767,1.0,1.0,10.0,10.0,1.0,1.0,0.01769592258833916,0.02301073138005353,2.24,0.004637489319999855,0.22108833,0.2603933,2.8831753730773926,4.213770866394043,-0.950140118598938,-1.4747241735458374,4.32966947555542,4.337435722351074,1.7215659618377686,-4.717482566833496,2.5006957054138184,11.559956550598145,-2.1643054485321045,-2.19281268119812
PowerLaw1,51564,51564,2.2446375,-4.060017628144852,-4.062822538099651,5.004640411539043,3.156596729149649,-0.18233412146911032,0.3783598270587349,0.41860600418896904,1.0,inf,46.38984093105864,1.0,1.0,1.4622475672146869e-05,0.019944221145090313,2.24,0.004637489319999855,0.04904987,0.17679194,-2.0999999046325684,-0.8360872268676758,-5.900000095367432,-6.623601913452148,6.406707763671875,4.360188961029053,2.756680488586426,-4.764075756072998,2.25,11.826115608215332,-2.25,-2.2193570137023926
PowerLaw2,51564,51564,2.2446375,-9.075381868185763,-9.108329486381313,1.3979550876029794,1.5359478677801888,3.005189268350699,2.497268161947835,1.0,1.0,0.2043415594895394,0.3199114799385905,1.0,1.0,0.0714997686265636,0.1875203914732622,2.24,0.004637489319999855,1.5784979,1.5470378,-5.765606880187988,-0.8071199655532837,-12.51471996307373,-21.820220947265625,4.277091026306152,4.499631404876709,-0.8285487294197083,-11.247529983520508,6.7860188484191895,16.40224266052246,-2.0857574939727783,-1.952144742012024
Newtonain,51564,51564,2.2846384,0.9407069709017921,0.9379399158249728,3.2712950859250336,3.0108256678656637,0.35218775890057974,0.5371190701022657,1.0,1.0,10.0,10.0,1.0,1.0,0.01762908886477493,0.022294102665950697,2.28,0.004638404850000111,0.2174606,0.25701872,2.8838160037994385,4.2538580894470215,-0.9517344236373901,-1.4945842027664185,4.329169273376465,4.3368964195251465,1.7170249223709106,-5.108442783355713,2.502668857574463,11.857613563537598,-2.1635499000549316,-2.1924996376037598
PowerLaw1,51564,51564,2.2846384,-4.060017628163346,-4.06285834913063,5.002679539572027,3.1518884831088356,-0.1823340700623583,0.3830099534054681,0.421010782716624,1.0,inf,46.70346422743718,1.0,1.0,1.574258807853021e-05,0.01989031374215808,2.28,0.004638404850000111,0.049050458,0.17462802,-2.0999999046325684,-0.8270751237869263,-5.900000095367432,-6.652182102203369,6.404747009277344,4.3593902587890625,2.7547178268432617,-5.128909587860107,2.25,12.127237319946289,-2.25,-2.2192893028259277
PowerLaw2,51564,51564,2.2846384,-9.075302927870052,-9.110514858927306,1.3661881712396016,1.498566258710849,3.0588036340144233,2.541425938781039,1.0,1.0,0.20516169479692611,0.3152224477415102,1.0,1.0,0.0721033964728587,0.1811717670179549,2.28,0.004638404850000111,1.5485077,1.5511341,-5.754913806915283,-0.6203182339668274,-12.523689270019531,-22.099300384521484,4.274570941925049,4.44641637802124,-0.867068350315094,-11.930976867675781,6.859949588775635,16.825603485107422,-2.0816571712493896,-1.9382349252700806
Newtonain,51564,51564,2.3246393,0.9406381767772692,0.9379429908468434,3.2652046845494875,3.004430221599894,0.35779744941663166,0.5445799461327998,1.0,1.0,10.0,10.0,1.0,1.0,0.016821566212404018,0.022189254113909925,2.32,0.004639320370000366,0.21440595,0.25376293,2.8844497203826904,4.293944835662842,-0.9533118009567261,-1.514444351196289,4.328663349151611,4.336357116699219,1.7125884294509888,-5.515098571777344,2.5046043395996094,12.155271530151367,-2.1628005504608154,-2.1921849250793457
PowerLaw1,51564,51564,2.3246393,-4.060017628218832,-4.062887782751289,5.000718660558428,3.1472405801144947,-0.18233402261352852,0.38760148051949284,0.42039019470948724,1.0,inf,47.2212554868055,1.0,1.0,1.8627280632418e-05,0.019581217059251338,2.32,0.004639320370000366,0.049051046,0.17194445,-2.0999999046325684,-0.8353246450424194,-5.900000095367432,-6.680761814117432,6.4027862548828125,4.35859489440918,2.7527551651000977,-5.509438991546631,2.25,12.428359985351562,-2.25,-2.2192223072052
PowerLaw2,51564,51564,2.3246393,-9.075235589066022,-9.112702930801714,1.3350484994175698,1.4607348084431482,3.1114412043932806,2.585257081809614,1.0,1.0,0.20283740996565375,0.3130589058121078,1.0,1.0,0.07012811301719447,0.17881224013630873,2.32,0.004639320370000366,1.5201051,1.5575174,-5.745543479919434,-0.43822747468948364,-12.533982276916504,-22.378379821777344,4.27203369140625,4.377505302429199,-0.903800368309021,-12.630119323730469,6.937201976776123,17.248966217041016,-2.077488660812378,-1.9251855611801147
Newtonain,51564,51564,2.3646402,0.9405661285667245,0.9379538454001783,3.2592360082409506,2.998120869644253,0.3633302679536672,0.5519603908133885,1.0,1.0,10.0,10.0,1.0,1.0,0.0171953441553376,0.021611009655419185,2.36,0.004640235900000178,0.20995532,0.250695,2.8850903511047363,4.33403205871582,-0.9548522233963013,-1.5343043804168701,4.328164577484131,4.335816860198975,1.7094510793685913,-5.937450885772705,2.506511926651001,12.45292854309082,-2.162048578262329,-2.191868543624878
PowerLaw1,51564,51564,2.3646402,-4.060017628209584,-4.062918028758612,4.998757771030444,3.142651405057694,-0.1823339811663145,0.3921195078968755,0.4217283375998759,1.0,inf,47.27908284611351,1.0,1.0,1.9317699172850548e-05,0.01943244539266671,2.36,0.004640235900000178,0.049051583,0.16965647,-2.0999999046325684,-0.8435741662979126,-5.900000095367432,-6.709342002868652,6.400825500488281,4.357805252075195,2.7507925033569336,-5.905664443969727,2.25,12.729482650756836,-2.25,-2.219156265258789
PowerLaw2,51564,51564,2.3646402,-9.07516722569648,-9.114904155350597,1.3044970660187691,1.4223886867151163,3.163103416097796,2.628809222644368,1.0,1.0,0.20305008211956171,0.3106690201429838,1.0,1.0,0.0707372096437155,0.1771471310509352,2.36,0.004640235900000178,1.4916371,1.5657558,-5.738752841949463,-0.2561366856098175,-12.54081916809082,-22.661413192749023,4.26981258392334,4.292898178100586,-0.9423772692680359,-13.344958305358887,7.012474536895752,17.672327041625977,-2.0736184120178223,-1.9138778448104858
Newtonain,51564,51564,2.4046412,0.9404922094320284,0.9379708173932576,3.2533593746977925,2.9918937462253634,0.368777137419454,0.5592635491123332,1.0,1.0,10.0,10.0,1.0,1.0,0.017913383341334153,0.021042282543402093,2.4,0.00464115142999999,0.20686823,0.24771713,2.885723114013672,4.374119281768799,-0.9563609957695007,-1.5541644096374512,4.327668190002441,4.335276126861572,1.7077232599258423,-6.375499248504639,2.508382558822632,12.750585556030273,-2.161296844482422,-2.1915500164031982
PowerLaw1,51564,51564,2.4046412,-4.060017628181842,-4.0629513410737355,4.996796855914677,3.138118683791184,-0.1823339482545263,0.3965624144650161,0.4308432239546971,1.0,inf,47.601793105409364,1.0,1.0,1.7192472223003814e-05,0.019003813955866443,2.4,0.00464115142999999,0.049052067,0.16693993,-2.0999999046325684,-0.8518236875534058,-5.900000095367432,-6.737921714782715,6.39886474609375,4.357021808624268,2.7488298416137695,-6.317585468292236,2.25,13.030604362487793,-2.25,-2.2190911769866943
PowerLaw2,51564,51564,2.4046412,-9.075102042082847,-9.117113701379894,1.2744985109822082,1.3834646200594634,3.2138395673497153,2.672089428151816,1.0,1.0,0.20125055883648008,0.3090100992340526,1.0,1.0,0.06910396969402532,0.1741374657168997,2.4,0.00464115142999999,1.4644606,1.5743148,-5.7324137687683105,-0.07404588162899017,-12.54704475402832,-22.960935592651367,4.268227577209473,4.287518501281738,-0.988858163356781,-14.075494766235352,7.083743095397949,18.095687866210938,-2.0709948539733887,-1.9028801918029785
Newtonain,51564,51564,2.4446421,0.9404177515865916,0.9379942918660823,3.2475988125261956,2.9857456458348284,0.3741577893647287,0.5664901006401161,1.0,1.0,10.0,10.0,1.0,1.0,0.017577458533666615,0.020762433582685844,2.44,0.004642066960000246,0.20580365,0.24483854,2.886354923248291,4.414206027984619,-0.9578374624252319,-1.5892254114151,4.327159881591797,4.334733963012695,1.706049919128418,-6.829243183135986,2.5102264881134033,13.048243522644043,-2.160551071166992,-2.1912295818328857
PowerLaw1,51564,51564,2.4446421,-4.0600176281541,-4.062980867615405,4.99483591626534,3.1336479833085282,-0.18233392577852148,0.4009365338433632,0.5294391435885502,1.0,inf,47.47470853867093,1.0,1.0,1.8033102389259524e-05,0.01867335078134174,2.44,0.004642066960000246,0.049052484,0.16479595,-2.0999999046325684,-0.8600732088088989,-5.900000095367432,-6.7665019035339355,6.396903991699219,4.356245040893555,2.7468671798706055,-6.745203018188477,2.25,13.331727027893066,-2.25,-2.2190258502960205
PowerLaw2,51564,51564,2.4446421,-9.075048720260522,-9.11933910096017,1.2450346643879155,1.343965278270788,3.263672389666753,2.715092164749241,1.0,1.0,0.20153270102956716,0.3069882139137567,1.0,1.0,0.06978233503447293,0.1729296412707722,2.44,0.004642066960000246,1.4393412,1.5839643,-5.723635196685791,0.10804490745067596,-12.554328918457031,-23.260459899902344,4.266349792480469,4.283404350280762,-1.039527177810669,-14.821727752685547,7.154913425445557,18.51905059814453,-2.0679447650909424,-1.8913679122924805
Newtonain,51564,51564,2.484643,0.9403447787776441,0.9380276617300001,3.24190442171952,2.979676894320039,0.37944906351118923,0.5736453499505609,1.0,1.0,10.0,10.0,1.0,1.0,0.017889480469933466,0.020463211313612284,2.48,0.004642982480000057,0.20284876,0.24216974,2.8869824409484863,4.454293251037598,-0.9592878818511963,-1.6293267011642456,4.326663970947266,4.334190368652344,1.7044531106948853,-7.298683166503906,2.512031316757202,13.345900535583496,-2.1598007678985596,-2.1909067630767822
PowerLaw1,51564,51564,2.484643,-4.060017628163346,-4.06299674607014,4.992875060398189,3.129230691784926,-0.18233385479947395,0.4052577981104146,0.5864750601194632,1.0,inf,47.49807734096793,1.0,1.0,1.761029066872812e-05,0.018555751932111553,2.48,0.004642982480000057,0.049049176,0.16269341,-2.0999999046325684,-0.8686438202857971,-5.900000095367432,-6.795081615447998,6.3949432373046875,4.35547399520874,2.7449045181274414,-7.188516139984131,2.25,13.63284969329834,-2.25,-2.218960762023926
PowerLaw2,51564,51564,2.484643,-9.074999922777977,-9.121586790331909,1.2161003824557501,1.3038371234167174,3.3126620450275635,2.75784892578254,1.0,1.0,0.20147848057309672,0.3043327943386468,1.0,1.0,0.06932629625442045,0.17034164990541908,2.48,0.004642982480000057,1.4142,1.5956007,-5.7145891189575195,0.2901357114315033,-12.558659553527832,-23.559982299804688,4.264502048492432,4.281823635101318,-1.0732709169387817,-15.583657264709473,7.229323387145996,18.942411422729492,-2.065093517303467,-1.8798028230667114
Newtonain,51564,51564,2.5246439,0.940274298402802,0.9380708542593182,3.2363628435473344,2.9736762804888808,0.38470544742921386,0.5807318095859662,1.0,1.0,10.0,10.0,1.0,1.0,0.017505993205241696,0.01984263801775189,2.52,0.0046438980099998695,0.19803484,0.23971528,2.8877155780792236,4.494379997253418,-0.960742175579071,-1.6694279909133911,4.3261637687683105,4.333645820617676,1.7029262781143188,-7.783819198608398,2.513810157775879,13.643558502197266,-2.159052610397339,-2.1905815601348877
PowerLaw1,51564,51564,2.5246439,-4.060017628172594,-4.063010036464474,4.990914246570092,3.124843934994713,-0.18233375948336583,0.4095366300595538,0.5955123729733923,1.0,inf,47.75849297060348,1.0,1.0,1.8151765291212996e-05,0.018050530596020794,2.52,0.0046438980099998695,0.04904848,0.16134849,-2.0999999046325684,-0.8897556066513062,-5.900000095367432,-6.823661804199219,6.392982482910156,4.354697227478027,2.7429418563842773,-7.647525310516357,2.25,13.933971405029297,-2.25,-2.2188966274261475
PowerLaw2,51564,51564,2.5246439,-9.074959283248289,-9.123842631610673,1.1876855663589088,1.2630114520660718,3.3608250057447258,2.8004234242297312,1.0,1.0,0.1991876937501139,0.302232171003451,1.0,1.0,0.06804675355334104,0.16608772308774786,2.52,0.0046438980099998695,1.3909044,1.6097584,-5.703441619873047,0.47222650051116943,-12.560325622558594,-23.85950469970703,4.262777805328369,4.280865669250488,-1.116738200187683,-16.361282348632812,7.300325393676758,19.365774154663086,-2.062361001968384,-1.8717269897460938
Newtonain,51564,51564,2.5646448,0.9402076301436436,0.938118639818059,3.23086889745303,2.967740765979817,0.3898760963096545,0.5877526451178928,1.0,1.0,10.0,10.0,1.0,1.0,0.01781526427267054,0.019418954522188107,2.56,0.004644813540000126,0.19550022,0.23730119,2.889552116394043,4.5344672203063965,-0.9621630311012268,-1.7095293998718262,4.325655937194824,4.333098888397217,1.7004514932632446,-8.284650802612305,2.5155537128448486,13.941215515136719,-2.1583092212677,-2.190253734588623
PowerLaw1,51564,51564,2.5646448,-4.060017628144852,-4.063025555915777,4.988953409160915,3.120503433509952,-0.1823336780615993,0.41376774279129036,0.4319486463424094,1.0,inf,47.95469795505326,1.0,1.0,1.8530834893353193e-05,0.017928581756848142,2.56,0.004644813540000126,0.049047664,0.15939665,-2.0999999046325684,-0.9115831255912781,-5.900000095367432,-6.852241516113281,6.391021728515625,4.354304790496826,2.7409791946411133,-8.122230529785156,2.25,14.23509407043457,-2.25,-2.2188332080841064
PowerLaw2,51564,51564,2.5646448,-9.074927289226448,-9.12609618573762,1.1597194151238703,1.2214440701234262,3.4082599828499607,2.8428378123970433,1.0,1.0,0.19850226861988837,0.3006564436383562,1.0,1.0,0.06734085201403096,0.16373558722176146,2.56,0.004644813540000126,1.3693764,1.624301,-5.691901206970215,0.6543172597885132,-12.561136245727539,-24.159029006958008,4.261075496673584,4.278446197509766,-1.1563987731933594,-17.154605865478516,7.374290466308594,19.789134979248047,-2.0595109462738037,-1.8682680130004883
Newtonain,51564,51564,2.6046457,0.9401444822166174,0.9381694682300104,3.225439056223538,2.9618630020609515,0.3949715166471626,0.5947078175513295,1.0,1.0,10.0,10.0,1.0,1.0,0.016109771613388835,0.019435525581261732,2.6,0.004645729059999937,0.19375747,0.23508827,2.89139986038208,4.574553966522217,-0.9635496735572815,-1.7496306896209717,4.325153827667236,4.332550525665283,1.6967686414718628,-8.801178932189941,2.517266273498535,14.238872528076172,-2.1575629711151123,-2.1899235248565674
PowerLaw1,51564,51564,2.6046457,-4.060017628191089,-4.063037132517055,4.986992587842358,3.116203434229563,-0.18233358753568682,0.4179504108943148,0.5259677294236289,1.0,inf,48.563131807995454,1.0,1.0,1.4329108675272914e-05,0.01747309532285437,2.6,0.004645729059999937,0.04904717,0.1576245,-2.0999999046325684,-0.9334105849266052,-5.900000095367432,-6.880821704864502,6.389060974121094,4.353945255279541,2.739016532897949,-8.612631797790527,2.25,14.536216735839844,-2.25,-2.2187702655792236
PowerLaw2,51564,51564,2.6046457,-9.074901345758052,-9.128351055453463,1.1321926252253436,1.179114191349839,3.4549786010223147,2.885120685776513,1.0,1.0,0.19934625402326708,0.29718487114218767,1.0,1.0,0.06801131859924958,0.16086473255797118,2.6,0.004645729059999937,1.3492696,1.6404738,-5.680763244628906,0.8364080786705017,-12.56225872039795,-24.45855140686035,4.2593674659729,4.275493621826172,-1.1947746276855469,-17.963626861572266,7.443296432495117,20.212495803833008,-2.0564775466918945,-1.8656898736953735
Newtonain,51564,51564,2.6446466,0.9400847389515926,0.9382232725323331,3.220126781533164,2.9560411180641273,0.40003179807630723,0.6016024173290366,1.0,1.0,10.0,10.0,1.0,1.0,0.0163106277204568,0.01924176844402249,2.64,0.004646644589999749,0.1914014,0.23299341,2.8932442665100098,4.614641189575195,-0.9649073481559753,-1.7897319793701172,4.324650287628174,4.3319993019104,1.6948312520980835,-9.333402633666992,2.518970012664795,14.536530494689941,-2.156817674636841,-2.1895904541015625
PowerLaw1,51564,51564,2.6446466,-4.060017628181842,-4.063040928281257,4.985031792712668,3.111919687297818,-0.18233348187627016,0.42210247972344545,0.55137305096579,1.0,inf,48.836516610220954,1.0,1.0,1.1415449550473307e-05,0.017171854985999435,2.64,0.004646644589999749,0.04904698,0.15702529,-2.0999999046325684,-0.9552381038665771,-5.900000095367432,-6.9094014167785645,6.3871002197265625,4.353614807128906,2.737053871154785,-9.118728637695312,2.25,14.8373384475708,-2.25,-2.218708038330078
PowerLaw2,51564,51564,2.6446466,-9.074876872861221,-9.130614071793998,1.105078458110484,1.1360035878671064,3.5009967988683517,2.9272619607705668,1.0,1.0,0.19802937704997756,0.2983599677630922,1.0,1.0,0.06751977680246214,0.16233686267356393,2.64,0.004646644589999749,1.3286012,1.6565458,-5.6686553955078125,1.0184988975524902,-12.564202308654785,-24.758073806762695,4.257639408111572,4.2732415199279785,-1.2397950887680054,-18.788341522216797,7.515185832977295,20.6358585357666,-2.0532150268554688,-1.86179518699646
Newtonain,51564,51564,2.6846476,0.9400273562510627,0.9382803767449649,3.2148780494352702,2.9502719875948737,0.4050269978877484,0.608438341234266,1.0,1.0,10.0,10.0,1.0,1.0,0.013087008907331932,0.018862044538039698,2.68,0.004647560120000005,0.18786074,0.23100708,2.895137071609497,4.654727935791016,-0.9662582278251648,-1.8298333883285522,4.3241496086120605,4.331446170806885,1.6929512023925781,-9.881322860717773,2.520653009414673,14.834187507629395,-2.156071424484253,-2.1892549991607666
PowerLaw1,51564,51564,2.6846476,-4.060017628144852,-4.063034814076237,4.983071005840981,3.1076429831478887,-0.1823333714636478,0.4262441714007937,0.5692925296718641,1.0,inf,49.564819332099795,1.0,1.0,1.1356816491331632e-05,0.01683611362474461,2.68,0.004647560120000005,0.049046725,0.156972,-2.0999999046325684,-0.9770656228065491,-5.900000095367432,-6.937981605529785,6.385139465332031,4.353274822235107,2.735091209411621,-9.640522003173828,2.25,15.138461112976074,-2.25,-2.218646287918091
PowerLaw2,51564,51564,2.6846476,-9.074850775810646,-9.132885119682042,1.0783857194058597,1.0920570453906637,3.5463621504062295,2.9692627910388736,1.0,1.0,0.19732692646226152,0.29727213559291094,1.0,1.0,0.06694133475121081,0.1608541845429495,2.68,0.004647560120000005,1.3106477,1.6735792,-5.6562819480896,1.200589656829834,-12.565407752990723,-25.057598114013672,4.25584602355957,4.271439552307129,-1.275939702987671,-19.628755569458008,7.584113121032715,21.059219360351562,-2.0496115684509277,-1.8541861772537231
Newtonain,51564,51564,2.7246485,0.939971332206524,0.9383412033423143,3.2097240876521735,2.944550993534652,0.40998156518100987,0.6152206575193994,1.0,1.0,10.0,10.0,1.0,1.0,0.016769776762844652,0.018555562702067388,2.72,0.004648475649999817,0.18568,0.22926582,2.897036075592041,4.694815158843994,-0.96757972240448,-1.8699346780776978,4.32364559173584,4.33089017868042,1.690176010131836,-10.444937705993652,2.5223231315612793,15.134908676147461,-2.155327796936035,-2.188917398452759
PowerLaw1,51564,51564,2.7246485,-4.060017628163346,-4.063029814591586,4.981110230251221,3.1033842324321297,-0.18233325432810607,0.4303637328014903,0.5796679854161818,1.0,inf,49.36493009961832,1.0,1.0,1.3863650664554653e-05,0.016561815037869118,2.72,0.004648475649999817,0.04904644,0.15558848,-2.0999999046325684,-0.9859361052513123,-5.900000095367432,-6.966561317443848,6.3831787109375,4.352923393249512,2.733128547668457,-10.178010940551758,2.25,15.439583778381348,-2.25,-2.2185842990875244
PowerLaw2,51564,51564,2.7246485,-9.074836396346145,-9.13515964943516,1.0520614577102148,1.0472756313340974,3.591137734056344,3.0111233853574944,1.0,1.0,0.19650824436287942,0.29555390842930446,1.0,1.0,0.06599230700582898,0.15901339527253186,2.72,0.004648475649999817,1.2930558,1.6909949,-5.645496845245361,1.3826804161071777,-12.566802978515625,-25.357120513916016,4.253556728363037,4.2695488929748535,-1.3071562051773071,-20.484865188598633,7.650942325592041,21.482582092285156,-2.045340061187744,-1.8402519226074219
Newtonain,51564,51564,2.7646494,0.9399165118533579,0.9384058726042641,3.2045727035630507,2.9388713763538052,0.414844234766657,0.6219575562319832,1.0,1.0,10.0,10.0,1.0,1.0,0.016523702693954628,0.01829414395003358,2.76,0.004649391170000072,0.185118,0.22784273,2.898967981338501,4.7349019050598145,-0.9688783884048462,-1.9100359678268433,4.32314395904541,4.330331802368164,1.6854526996612549,-11.024250030517578,2.5239827632904053,15.437564849853516,-2.15458345413208,-2.188577651977539
PowerLaw1,51564,51564,2.7646494,-4.060017628107862,-4.063020191572884,4.979149469697867,3.099151235318863,-0.18233312837046659,0.4344360449668755,0.5850205569777364,1.0,inf,49.7572025082339,1.0,1.0,2.1639937422359935e-05,0.016374997343526133,2.76,0.004649391170000072,0.049046166,0.1540489,-2.0999999046325684,-0.9948065280914307,-5.900000095367432,-6.995141506195068,6.381217956542969,4.3525004386901855,2.731165885925293,-10.731195449829102,2.25,15.740705490112305,-2.25,-2.218515157699585
PowerLaw2,51564,51564,2.7646494,-9.074822168512606,-9.137427068938207,1.0260898738435345,1.0016356825635118,3.6353394997717707,3.0528372862904294,1.0,1.0,0.19775031539910398,0.2963275403651294,1.0,1.0,0.06699418117367809,0.16033458994339103,2.76,0.004649391170000072,1.2768459,1.708782,-5.6354217529296875,1.564771294593811,-12.572551727294922,-25.65664291381836,4.250996112823486,4.267591953277588,-1.3485736846923828,-21.356672286987305,7.712748050689697,21.905942916870117,-2.040627956390381,-1.8205128908157349
Newtonain,51564,51564,2.8046503,0.9398622349269301,0.9384752466979552,3.199585884363303,2.9332227215510995,0.41971202984945943,0.6286524058973334,1.0,1.0,10.0,10.0,1.0,1.0,0.013486097046630353,0.018070770540290715,2.8,0.004650306700000328,0.18132141,0.22656626,2.9010770320892334,4.774989128112793,-0.9701707363128662,-1.9501372575759888,4.322637557983398,4.329771041870117,1.6808011531829834,-11.619257926940918,2.5256457328796387,15.74022102355957,-2.1538422107696533,-2.1882364749908447
PowerLaw1,51564,51564,2.8046503,-4.0600176281541,-4.0630036567469086,4.977188728000128,3.0949597829010314,-0.1823329913967642,0.43845299788257247,0.5939996897059965,1.0,inf,49.5825289117847,1.0,1.0,2.251296039633209e-05,0.016079492999594963,2.8,0.004650306700000328,0.049046,0.15229312,-2.0999999046325684,-1.0036770105361938,-5.900000095367432,-7.023721694946289,6.3792572021484375,4.352084636688232,2.729203224182129,-11.300076484680176,2.25,16.041828155517578,-2.25,-2.218446969985962
PowerLaw2,51564,51564,2.8046503,-9.074813045649742,-9.139689768519542,1.0004564831637777,0.9551001258805462,3.6790076244008394,3.0943977635358326,1.0,1.0,0.19445067609233277,0.29416625033804783,1.0,1.0,0.06503989367700722,0.1583535762317084,2.8,0.004650306700000328,1.261843,1.7269169,-5.627851486206055,1.7468620538711548,-12.580049514770508,-25.956167221069336,4.248331546783447,4.265742778778076,-1.3969258069992065,-22.24417495727539,7.7758893966674805,22.329303741455078,-2.035647392272949,-1.8066471815109253
Newtonain,51564,51564,2.8446512,0.9398088288525077,0.9385440903527202,3.194612516400498,2.927602554050368,0.4244999598492905,0.6353062876168495,1.0,1.0,10.0,10.0,1.0,1.0,0.01424759252689251,0.01762868659798856,2.84,0.0046512222300001405,0.18108574,0.22527163,2.9032604694366455,4.815075874328613,-0.9714404940605164,-1.9902386665344238,4.322132587432861,4.3292059898376465,1.6780385971069336,-12.229961395263672,2.5273988246917725,16.042877197265625,-2.1531007289886475,-2.1878931522369385
PowerLaw1,51564,51564,2.8446512,-4.060017628181842,-4.062983274138489,4.975228004686383,3.0907857202168807,-0.18233284372141342,0.44242217930619215,0.6170778062213947,1.0,inf,49.85333601933326,1.0,1.0,2.5984020293474967e-05,0.015956720743053977,2.84,0.0046512222300001405,0.049046014,0.15144768,-2.0999999046325684,-1.012547492980957,-5.900000095367432,-7.052301406860352,6.377296447753906,4.351735591888428,2.727240562438965,-11.884653091430664,2.25,16.34295082092285,-2.25,-2.2183785438537598
PowerLaw2,51564,51564,2.8446512,-9.074806341622986,-9.141956017228738,0.9750620191817756,0.9076743884797052,3.722227516081833,3.135830016421839,1.0,1.0,0.1934607786441568,0.29316129520310813,1.0,1.0,0.06441538485434974,0.15692112328960311,2.84,0.0046512222300001405,1.2502861,1.746721,-5.620833396911621,1.9289528131484985,-12.585105895996094,-26.25568962097168,4.245616436004639,4.264001846313477,-1.4414057731628418,-23.147375106811523,7.83713436126709,22.752666473388672,-2.030508041381836,-1.7966197729110718
Newtonain,51564,51564,2.8846521,0.9397561591639818,0.9386093216326273,3.1897117111211455,2.9220140284126286,0.4292466916960303,0.6419189859889075,1.0,1.0,10.0,10.0,1.0,1.0,0.015539153681292262,0.017455035907000385,2.88,0.0046521377599999525,0.17883086,0.22400527,2.9053704738616943,4.855163097381592,-0.9726815819740295,-2.0303399562835693,4.321630477905273,4.328638076782227,1.676051139831543,-12.85636043548584,2.529139280319214,16.345535278320312,-2.152357578277588,-2.1875462532043457
PowerLaw1,51564,51564,2.8846521,-4.0600176281541,-4.0629587746736435,4.973267299386734,3.086626058922577,-0.1823326854484483,0.44635600879639403,0.6276665890931657,1.0,inf,50.06709084292748,1.0,1.0,3.0709393370901784e-05,0.01558136842018804,2.88,0.0046521377599999525,0.04904623,0.15036914,-2.0999999046325684,-1.0214179754257202,-5.900000095367432,-7.080881595611572,6.375335693359375,4.351406574249268,2.725277900695801,-12.484926223754883,2.25,16.644073486328125,-2.25,-2.2183115482330322
PowerLaw2,51564,51564,2.8846521,-9.074809060105249,-9.144224412403478,0.9499196833157155,0.8592842590457823,3.7650178384715582,3.1771470885133195,1.0,1.0,0.19468017529652423,0.2915625093939725,1.0,1.0,0.06488069829856856,0.15504199500302196,2.88,0.0046521377599999525,1.2366807,1.7678285,-5.614862442016602,2.111043691635132,-12.593430519104004,-26.555212020874023,4.242858409881592,4.262328624725342,-1.4566795825958252,-24.066272735595703,7.9026923179626465,23.176027297973633,-2.025212287902832,-1.7852487564086914
Newtonain,51564,51564,2.9246531,0.9397048775523792,0.9386721503871608,3.1849175562532883,2.9164533033029554,0.4339724005417688,0.6484905736021059,1.0,1.0,10.0,10.0,1.0,1.0,0.012168648218667562,0.017209794768899285,2.92,0.004653053280000208,0.1754413,0.2228086,2.9074976444244385,4.89525032043457,-0.9739213585853577,-2.070441246032715,4.321116924285889,4.328067302703857,1.67411470413208,-13.498456001281738,2.5308620929718018,16.648191452026367,-2.151620864868164,-2.187195301055908
PowerLaw1,51564,51564,2.9246531,-4.060017627950654,-4.062930406628768,4.971306611157936,3.082488077138561,-0.18233251714658905,0.45024713046094894,0.6294119928632379,1.0,inf,50.3719530528247,1.0,1.0,2.790842059353125e-05,0.015611382809394388,2.92,0.004653053280000208,0.049046617,0.14916453,-2.0999999046325684,-1.0302883386611938,-5.900000095367432,-7.109461307525635,6.373374938964844,4.351057052612305,2.7233152389526367,-13.100894927978516,2.25,16.9451961517334,-2.25,-2.2182466983795166
PowerLaw2,51564,51564,2.9246531,-9.074812258383863,-9.14649482394079,0.9251576106966835,0.8098868906258773,3.8073432270337895,3.218393792454259,1.0,1.0,0.19475610042658434,0.29107323146176245,1.0,1.0,0.06501945839782061,0.155553138826493,2.92,0.004653053280000208,1.2220501,1.7904843,-5.609081745147705,2.2931344509124756,-12.599775314331055,-26.854736328125,4.240035057067871,4.2607221603393555,-1.4587442874908447,-25.000865936279297,7.986268997192383,23.599390029907227,-2.0197176933288574,-1.77902090549469
Newtonain,51564,51564,2.964654,0.9396546182952789,0.9387332001175197,3.180126770370251,2.9109183526961675,0.4386262617945508,0.6550207047499963,1.0,1.0,10.0,10.0,1.0,1.0,0.015286300884542156,0.017122688066307824,2.96,0.00465396881000002,0.17526151,0.22157525,2.9095511436462402,4.935337066650391,-0.9751349687576294,-2.1105425357818604,4.320614337921143,4.327535629272461,1.6720503568649292,-14.156248092651367,2.532684326171875,16.950847625732422,-2.15087890625,-2.1868486404418945
PowerLaw1,51564,51564,2.964654,-4.060017628061624,-4.062901614570662,4.969345938427917,3.078372767590941,-0.1823323398122518,0.45409350951108934,0.6309634628810799,1.0,inf,50.3609344012918,1.0,1.0,3.596922434337115e-05,0.015465754231581185,2.96,0.00465396881000002,0.049047153,0.14818664,-2.0999999046325684,-1.0364747047424316,-5.900000095367432,-7.1380414962768555,6.3714141845703125,4.350725173950195,2.7213525772094727,-13.732559204101562,2.25,17.24631690979004,-2.25,-2.2181830406188965
PowerLaw2,51564,51564,2.964654,-9.07482015563171,-9.148768435054834,0.9007546428183582,0.7594633177499778,3.8491846277191333,3.2595659855553403,1.0,1.0,0.19325935789623552,0.287015733782265,1.0,1.0,0.0644757127458073,0.1515449049734531,2.96,0.00465396881000002,1.2080988,1.813484,-5.6039323806762695,2.4752252101898193,-12.6060791015625,-27.154258728027344,4.23712158203125,4.259199142456055,-1.4557156562805176,-25.951154708862305,8.042694091796875,24.022750854492188,-2.013969898223877,-1.770550012588501
Newtonain,51564,51564,3.0046549,0.9396056898596821,0.9387917402020355,3.1754618842212827,2.9054120830609524,0.44327712339027514,0.6615092228860069,1.0,1.0,10.0,10.0,1.0,1.0,0.01158788721991947,0.016819576421343813,3.0,0.004654884339999832,0.17185226,0.22035708,2.911621332168579,4.975424289703369,-0.9763358235359192,-2.150643825531006,4.320108413696289,4.3270087242126465,1.6699591875076294,-14.829737663269043,2.534621238708496,17.253503799438477,-2.1501388549804688,-2.1865062713623047
PowerLaw1,51564,51564,3.0046549,-4.060017628302059,-4.06287404710226,4.96738527656369,3.074275618353163,-0.18233215605785022,0.45790789452861475,0.6313319370103173,1.0,inf,51.04614132050445,1.0,1.0,3.9818878099456846e-05,0.01509682707854643,3.0,0.004654884339999832,0.049047783,0.1471276,-2.0999999046325684,-0.9734075665473938,-5.900000095367432,-7.166621208190918,6.369453430175781,4.350381851196289,2.7193899154663086,-14.379920959472656,2.25,17.547439575195312,-2.25,-2.218120813369751
PowerLaw2,51564,51564,3.0046549,-9.074819546435341,-9.151046287343247,0.8766713710040003,0.7080080805215958,3.8906074401054385,3.3006397136109733,1.0,1.0,0.1926876506322413,0.2872937483836034,1.0,1.0,0.06452142934333405,0.1511170832672342,3.0,0.004654884339999832,1.1960096,1.8357381,-5.599117279052734,2.657315969467163,-12.611422538757324,-27.453781127929688,4.234097480773926,4.257731914520264,-1.473415732383728,-26.917142868041992,8.08903980255127,24.44611167907715,-2.0079457759857178,-1.755796194076538
Newtonain,51564,51564,3.0446558,0.9395578759214246,0.9388486169460654,3.1708346540337344,2.899931310112592,0.44788321263588887,0.6679566997384303,1.0,1.0,10.0,10.0,1.0,1.0,0.012722413829695774,0.016933424079637275,3.04,0.004655799870000088,0.17017931,0.21921313,2.913646936416626,5.0155110359191895,-0.9775152206420898,-2.1907453536987305,4.319602966308594,4.326477527618408,1.6679311990737915,-15.518922805786133,2.536576271057129,17.55615997314453,-2.149399518966675,-2.1861648559570312
PowerLaw1,51564,51564,3.0446558,-4.060017628385286,-4.0628447634410785,4.965424620969256,3.0701985196550363,-0.1823319683131602,0.4616836745169543,0.6324955395236987,1.0,inf,51.05275302467886,1.0,1.0,4.229036071483306e-05,0.0147614704212832,3.04,0.004655799870000088,0.049048487,0.14596465,-2.0999999046325684,-0.910340428352356,-5.900000095367432,-7.195201396942139,6.36749267578125,4.350041389465332,2.7174272537231445,-15.042978286743164,2.25,17.848562240600586,-2.25,-2.218060255050659
PowerLaw2,51564,51564,3.0446558,-9.074822341144598,-9.153333052834457,0.8528314618848775,0.6554967208877461,3.9316602231938282,3.341634288613334,1.0,1.0,0.19404459155053527,0.28699649354944945,1.0,1.0,0.06520200990958322,0.15107425855990672,3.04,0.004655799870000088,1.1855584,1.8595817,-5.5946760177612305,2.839406728744507,-12.61585807800293,-27.753305435180664,4.230957508087158,4.25627326965332,-1.506591558456421,-27.898826599121094,8.137070655822754,24.869474411010742,-2.001635789871216,-1.7367194890975952
Newtonain,51564,51564,3.0846567,0.9395114165338233,0.938906485249941,3.1662324368583805,2.89447357901186,0.4524371187832336,0.674366419863042,1.0,1.0,10.0,10.0,1.0,1.0,0.013942126963797754,0.016221718350681896,3.08,0.004656715389999899,0.17007487,0.21828297,2.915661096572876,5.055598258972168,-0.9786803126335144,-2.230846643447876,4.319088459014893,4.325941562652588,1.6659399271011353,-16.223804473876953,2.5385494232177734,17.85881805419922,-2.1486637592315674,-2.185818672180176
PowerLaw1,51564,51564,3.0846567,-4.060017628551741,-4.062818428567231,4.963463966808182,3.0661391447847777,-0.18233177970845432,0.46541300634152805,0.6387014195950663,1.0,inf,50.96164526334422,1.0,1.0,5.1757872221640494e-05,0.01457676773098342,3.08,0.004656715389999899,0.04904924,0.14483352,-2.0999999046325684,-0.8472732901573181,-5.900000095367432,-7.223781108856201,6.365531921386719,4.349689483642578,2.7154645919799805,-15.721732139587402,2.25,18.14968490600586,-2.25,-2.218001127243042
PowerLaw2,51564,51564,3.0846567,-9.07482207602854,-9.155623546663012,0.8292026556045613,0.6018945740119,3.9723621186144955,3.382544885644854,1.0,1.0,0.19407590293332144,0.28706797542364415,1.0,1.0,0.0652185117301274,0.15035031531145243,3.08,0.004656715389999899,1.1752328,1.8835974,-5.589766025543213,3.0214974880218506,-12.620898246765137,-28.052827835083008,4.227685928344727,4.254642486572266,-1.5523277521133423,-28.89620590209961,8.181829452514648,25.292835235595703,-1.994969129562378,-1.7248992919921875
Newtonain,51564,51564,3.1246576,0.9394665167658599,0.9389675560255891,3.1616896626956894,2.8890287409514577,0.4569625058942013,0.6807398868680442,1.0,1.0,10.0,10.0,1.0,1.0,0.014969438626397177,0.015895783102296515,3.12,0.004657630919999711,0.16786556,0.2174674,2.9176180362701416,5.095685005187988,-0.9798259139060974,-2.2709479331970215,4.318581581115723,4.325399875640869,1.6621185541152954,-16.94438362121582,2.540555238723755,18.161474227905273,-2.1479249000549316,-2.185462713241577
PowerLaw1,51564,51564,3.1246576,-4.06001762884766,-4.0627963573431805,4.961503309447478,3.062086756444399,-0.18233159268969162,0.4690978494908758,0.6556706229152122,1.0,inf,51.13958783572699,1.0,1.0,4.800908859617865e-05,0.014341081420410804,3.12,0.004657630919999711,0.049049743,0.14424984,-2.0999999046325684,-0.7842060923576355,-5.900000095367432,-7.252361297607422,6.3635711669921875,4.349322319030762,2.7135019302368164,-16.416183471679688,2.25,18.450807571411133,-2.25,-2.2179434299468994
PowerLaw2,51564,51564,3.1246576,-9.074819310578315,-9.157913778149174,0.8057511160369979,0.5472146705949642,4.0127136967206525,3.4233578668072213,1.0,1.0,0.19368899236109688,0.2859265794817024,1.0,1.0,0.06476709764482333,0.1494162753326162,3.12,0.004657630919999711,1.1672353,1.9083161,-5.585674285888672,3.2035884857177734,-12.624589920043945,-28.35235023498535,4.224227428436279,4.25303840637207,-1.6098726987838745,-29.909282684326172,8.220358848571777,25.716197967529297,-1.9878829717636108,-1.7130913734436035
Newtonain,51564,51564,3.1646585,0.9394233537249196,0.9390298389304711,3.1572115999355264,2.8835950652727647,0.46146470766287523,0.6870777165921134,1.0,1.0,10.0,10.0,1.0,1.0,0.015163498541448491,0.015889893785294304,3.16,0.004658546449999967,0.16631177,0.21668622,2.9199607372283936,5.135772228240967,-0.9809585809707642,-2.311049222946167,4.31807279586792,4.3248820304870605,1.6582633256912231,-17.680660247802734,2.5425775051116943,18.464130401611328,-2.147186756134033,-2.1848912239074707
PowerLaw1,51564,51564,3.1646585,-4.060017629578211,-4.06277149037878,4.959542640481185,3.058023445857567,-0.18233141044262957,0.47275399361627213,0.6601117058412846,1.0,inf,50.84150024591725,1.0,1.0,4.841036116225225e-05,0.01437727181733213,3.16,0.004658546449999967,0.049050644,0.14427894,-2.0999999046325684,-0.7211389541625977,-5.900000095367432,-7.280941009521484,6.361610412597656,4.348984241485596,2.7115392684936523,-17.126331329345703,2.25,18.751930236816406,-2.25,-2.2178852558135986
PowerLaw2,51564,51564,3.1646585,-9.074814548541259,-9.160208712739346,0.7824217041630204,0.49142057913127474,4.052754559694775,3.46410058992831,1.0,1.0,0.19341830110084487,0.28539122597461086,1.0,1.0,0.06521172693473765,0.1486551712808414,3.16,0.004658546449999967,1.1602322,1.9331678,-5.582108974456787,3.385679244995117,-12.627542495727539,-28.651874542236328,4.22053337097168,4.251475811004639,-1.6807656288146973,-30.93805694580078,8.253512382507324,26.139558792114258,-1.980255126953125,-1.7080799341201782
Newtonain,51564,51564,3.2046595,0.939382034387767,0.9390908882863227,3.1527776196489192,2.8781744560712146,0.46593446152800744,0.6933799871246281,1.0,1.0,10.0,10.0,1.0,1.0,0.01493164861839579,0.015624056640315699,3.2,0.004659461979999779,0.16498114,0.21587819,2.9225070476531982,5.175858974456787,-0.9820769429206848,-2.3511505126953125,4.317563056945801,4.324366569519043,1.6560618877410889,-18.432632446289062,2.544611692428589,18.766786575317383,-2.1464498043060303,-2.18426251411438
PowerLaw1,51564,51564,3.2046595,-4.060017630410485,-4.062738980586724,4.9575819590122965,3.0539484476498244,-0.18233123509650084,0.4763898152762398,0.6616631758591265,1.0,inf,50.953880820607445,1.0,1.0,7.126135113575981e-05,0.014162607560819765,3.2,0.004659461979999779,0.049051665,0.14398728,-2.0999999046325684,-0.658071756362915,-5.900000095367432,-7.309521198272705,6.359649658203125,4.348644733428955,2.7095766067504883,-17.852176666259766,2.25,19.053050994873047,-2.25,-2.2178282737731934
PowerLaw2,51564,51564,3.2046595,-9.074809306717096,-9.162509911186683,0.7591457842578155,0.4344898195102859,4.092515419262604,3.5047360956403075,1.0,1.0,0.1942588061804136,0.28476832149644626,1.0,1.0,0.06629684394401478,0.14866791601323756,3.2,0.004659461979999779,1.154386,1.9588456,-5.578061103820801,3.567770004272461,-12.630749702453613,-28.951396942138672,4.217129707336426,4.249953746795654,-1.7373396158218384,-31.982526779174805,8.284771919250488,26.56566047668457,-1.9731365442276,-1.706731915473938
Newtonain,51564,51564,3.2446604,0.9393422741465766,0.9391500132332028,3.1483952739306984,2.8727679861722915,0.47037873266246044,0.6996458564891661,1.0,1.0,10.0,10.0,1.0,1.0,0.014630809729308771,0.01558509301146407,3.24,0.004660377499999591,0.1636042,0.21503611,2.925034523010254,5.215946197509766,-0.98317950963974,-2.391251802444458,4.317052841186523,4.32384729385376,1.6517468690872192,-19.200302124023438,2.5466654300689697,19.069442749023438,-2.1457130908966064,-2.18361759185791
PowerLaw1,51564,51564,3.2446604,-4.060017631187273,-4.062706657085192,4.955621261628491,3.0498759594249822,-0.18233106897704723,0.4800018111107963,0.6886393607943526,1.0,inf,51.21356942688612,1.0,1.0,7.337200835662144e-05,0.013965574117378823,3.24,0.004660377499999591,0.049052805,0.14355855,-2.0999999046325684,-0.5950046181678772,-5.900000095367432,-7.338100910186768,6.357688903808594,4.348306179046631,2.707613945007324,-18.593717575073242,2.25,19.35417366027832,-2.25,-2.2177727222442627
PowerLaw2,51564,51564,3.2446604,-9.074801528253156,-9.16481589090071,0.7360459148574033,0.3763958208319229,4.13191978421233,3.5452990858971685,1.0,1.0,0.19538001426888404,0.28481009029011584,1.0,1.0,0.06802356269502234,0.1480540755750222,3.24,0.004660377499999591,1.143128,1.9856249,-5.573910236358643,3.7498607635498047,-12.6338529586792,-29.250919342041016,4.2138495445251465,4.248495578765869,-1.7482225894927979,-33.042694091796875,8.314324378967285,26.99289894104004,-1.966316819190979,-1.7052350044250488
Newtonain,51564,51564,3.2846613,0.9393040250291537,0.9392077020183401,3.14408296782452,2.867370926891228,0.4748123240613475,0.7058749663907928,1.0,1.0,10.0,10.0,1.0,1.0,0.012088173002494913,0.01562961404947227,3.28,0.004661293030000291,0.16170254,0.21434581,2.9275410175323486,5.256032943725586,-0.9842659831047058,-2.4313533306121826,4.316552639007568,4.323324680328369,1.6474552154541016,-19.983667373657227,2.5487422943115234,19.372100830078125,-2.1449711322784424,-2.1829559803009033
PowerLaw1,51564,51564,3.2846613,-4.060017632084279,-4.062679744494561,4.953660545703484,3.045811207047276,-0.18233091353843497,0.48357965984334916,0.7171088356217517,1.0,inf,51.85583686850807,1.0,1.0,8.107422555373433e-05,0.013751001883666951,3.28,0.004661293030000291,0.049054116,0.1427487,-2.0999999046325684,-0.5319374799728394,-5.900000095367432,-7.366681098937988,6.3557281494140625,4.347962379455566,2.70565128326416,-19.350955963134766,2.25,19.655296325683594,-2.25,-2.217719078063965
PowerLaw2,51564,51564,3.2846613,-9.074795593922063,-9.167118347635935,0.7131987637198939,0.31708828849892867,4.170963502693656,3.5858240253170486,1.0,1.0,0.19548178494808685,0.2833215503417861,1.0,1.0,0.06814710312603069,0.1467103433640255,3.28,0.004661293030000291,1.1326158,2.0139558,-5.569775581359863,3.9319515228271484,-12.63742733001709,-29.550443649291992,4.209961414337158,4.247056484222412,-1.7461735010147095,-34.11855697631836,8.347412109375,27.420135498046875,-1.9583144187927246,-1.7036938667297363
Newtonain,51564,51564,3.3246622,0.9392675784345308,0.9392652339438247,3.139785245908221,2.8619818363180345,0.47920545016029564,0.712071882696662,1.0,1.0,10.0,10.0,1.0,1.0,0.010953771534379682,0.015224153817989557,3.32,0.004662208560000103,0.16052157,0.21373147,2.9300076961517334,5.2961201667785645,-0.9853491187095642,-2.471454620361328,4.316044330596924,4.322798252105713,1.6448496580123901,-20.782730102539062,2.5508713722229004,19.67475700378418,-2.1442339420318604,-2.182276964187622
PowerLaw1,51564,51564,3.3246622,-4.06001763318473,-4.0626477132169265,4.951699937881542,3.041754364547886,-0.18233069566544835,0.4871238871235073,0.7195911876502986,1.0,inf,52.33802585322163,1.0,1.0,6.462857184370019e-05,0.013534919821493359,3.32,0.004662208560000103,0.049054217,0.14222462,-2.0999999046325684,-0.46887028217315674,-5.900000095367432,-7.395260810852051,6.353767395019531,4.347613334655762,2.703688621520996,-20.123889923095703,2.25,19.956418991088867,-2.25,-2.2176668643951416
PowerLaw2,51564,51564,3.3246622,-9.074785547134033,-9.169416684809486,0.6906058537178138,0.256549988898674,4.209649399179022,3.6262801464004095,1.0,1.0,0.19376046457347518,0.28319958516136595,1.0,1.0,0.06776981455511286,0.14685552439160943,3.32,0.004662208560000103,1.1232477,2.041786,-5.567239761352539,4.114042282104492,-12.64188289642334,-29.849966049194336,4.205918312072754,4.245625972747803,-1.744236707687378,-35.21011734008789,8.379338264465332,27.847373962402344,-1.950139045715332,-1.7022203207015991
Newtonain,51564,51564,3.3646631,0.9392329519446024,0.9393217907466155,3.135518383576607,2.856600474141993,0.4835707048651094,0.7182386669632634,1.0,1.0,10.0,10.0,1.0,1.0,0.011267265319656782,0.015057360915100952,3.36,0.004663124079999914,0.15948388,0.21316026,2.9324700832366943,5.336207389831543,-0.986419141292572,-2.5115559101104736,4.315528869628906,4.322267055511475,1.6422775983810425,-21.597490310668945,2.553018808364868,19.977413177490234,-2.1435000896453857,-2.181580066680908
PowerLaw1,51564,51564,3.3646631,-4.060017634035498,-4.0626090950018385,4.949739357163969,3.03770014855711,-0.18233046214109838,0.49063752745555766,0.7218602125513924,1.0,inf,52.501676456967644,1.0,1.0,6.442222526236974e-05,0.01339025117337809,3.36,0.004663124079999914,0.049055442,0.14182737,-2.0999999046325684,-0.4058031439781189,-5.900000095367432,-7.4238409996032715,6.351806640625,4.347275257110596,2.701725959777832,-20.912521362304688,2.25,20.25754165649414,-2.25,-2.217616319656372
PowerLaw2,51564,51564,3.3646631,-9.074773167382014,-9.171711590089439,0.668214643155722,0.19478716306055022,4.248000715641957,3.6666717590238256,1.0,1.0,0.1962899970416632,0.2825891684990789,1.0,1.0,0.06976166702914739,0.14652484954522463,3.36,0.004663124079999914,1.1137689,2.0696106,-5.565553665161133,4.296133041381836,-12.645267486572266,-30.14948844909668,4.2018303871154785,4.244184494018555,-1.7443854808807373,-36.31737518310547,8.408523559570312,28.27461051940918,-1.9420177936553955,-1.7007617950439453
Newtonain,51564,51564,3.404664,0.9391996029263239,0.9393776605285632,3.131302632142349,2.8512263879799535,0.48791789413822845,0.7243761592293733,1.0,1.0,10.0,10.0,1.0,1.0,0.011147179666556562,0.014872829259973798,3.4,0.00466403961000017,0.1582584,0.21261564,2.934889793395996,5.376294136047363,-0.9874808192253113,-2.551657199859619,4.315027236938477,4.321732044219971,1.6397565603256226,-22.427946090698242,2.5551888942718506,20.28006935119629,-2.1427597999572754,-2.1808645725250244
PowerLaw1,51564,51564,3.404664,-4.060017635182185,-4.06256524025157,4.947778830137276,3.033651568540355,-0.18233019633841274,0.494120561848689,0.7224420138080831,1.0,inf,52.61098785972255,1.0,1.0,6.237861560065727e-05,0.013080438047193315,3.4,0.00466403961000017,0.049056064,0.14097868,-2.0999999046325684,-0.34273597598075867,-5.900000095367432,-7.452421188354492,6.349845886230469,4.346921920776367,2.699763298034668,-21.716848373413086,2.25,20.558664321899414,-2.25,-2.217567205429077
PowerLaw2,51564,51564,3.404664,-9.074746496895084,-9.174002567325667,0.6460250907529901,0.13177692979633823,4.28600735049441,3.706987722496871,1.0,1.0,0.19683255525489357,0.28231055514437686,1.0,1.0,0.07062343165109823,0.1456977691856131,3.4,0.00466403961000017,1.1049576,2.0979981,-5.563966274261475,4.47822380065918,-12.648168563842773,-30.449012756347656,4.197842121124268,4.2427592277526855,-1.7417024374008179,-37.440330505371094,8.435317993164062,28.70184898376465,-1.934178113937378,-1.6993707418441772
Newtonain,51564,51564,3.444665,0.9391673835188736,0.9394351499890786,3.1271241797791287,2.845860542334673,0.492238250159638,0.7304840472996689,1.0,1.0,10.0,10.0,1.0,1.0,0.01100650893696056,0.014758864210325268,3.44,0.004664955139999982,0.1570857,0.21206017,2.937283754348755,5.416381359100342,-0.9885364174842834,-2.5917584896087646,4.314521312713623,4.321191787719727,1.6361026763916016,-23.274099349975586,2.557374954223633,20.582725524902344,-2.1420211791992188,-2.1801295280456543
PowerLaw1,51564,51564,3.444665,-4.060017636282636,-4.062521235054019,4.945818307382919,3.029607215889819,-0.18232991973929188,0.49756999124080886,0.7262043286013498,1.0,inf,53.10740009514561,1.0,1.0,4.730463608041036e-05,0.01303445205482269,3.44,0.004664955139999982,0.04905735,0.14071794,-2.0999999046325684,-0.27966880798339844,-5.900000095367432,-7.481000900268555,6.3478851318359375,4.346577167510986,2.697800636291504,-22.536874771118164,2.25,20.859785079956055,-2.25,-2.217519760131836
PowerLaw2,51564,51564,3.444665,-9.074716150071714,-9.176295746727009,0.6240778254064177,0.06751899030966238,4.323694846021881,3.7472145757929143,1.0,1.0,0.19369184268167286,0.28325553706860146,1.0,1.0,0.06710538171170967,0.14727126808412577,3.44,0.004664955139999982,1.0952126,2.1266587,-5.562382221221924,4.660314559936523,-12.64991569519043,-30.74853515625,4.194954872131348,4.241360664367676,-1.7653093338012695,-38.5789794921875,8.455950736999512,29.129087448120117,-1.9285751581192017,-1.6980478763580322
Newtonain,51564,51564,3.4846659,0.9391362566962043,0.9394952540117614,3.1229881746017503,2.8404971901366385,0.4965357196116818,0.7365604739040803,1.0,1.0,10.0,10.0,1.0,1.0,0.011003167687190151,0.014593189396377132,3.48,0.004665870670000238,0.15595563,0.21158339,2.939638376235962,5.456468105316162,-0.9895836114883423,-2.63185977935791,4.31401252746582,4.320647716522217,1.6319162845611572,-24.135948181152344,2.5596261024475098,20.88538360595703,-2.141284704208374,-2.1793739795684814
PowerLaw1,51564,51564,3.4846659,-4.0600176372628685,-4.062476459362053,4.943857786755483,3.025547602421265,-0.18232964167213328,0.5009979750595065,0.727270964238616,1.0,inf,52.974658002735765,1.0,1.0,3.289703427504509e-05,0.012886990893952921,3.48,0.004665870670000238,0.0490587,0.14078228,-2.0999999046325684,-0.2166016399860382,-5.900000095367432,-7.509581089019775,6.345924377441406,4.346221446990967,2.69583797454834,-23.372594833374023,2.25,21.160907745361328,-2.25,-2.2174737453460693
PowerLaw2,51564,51564,3.4846659,-9.074676511433985,-9.178589262833789,0.6022727086728764,0.0019751354721509024,4.361108155348554,3.7873746743966974,1.0,1.0,0.1955039502548906,0.28015323522930224,1.0,1.0,0.06844862791957453,0.1441431454430195,3.48,0.004665870670000238,1.0886917,2.1569748,-5.560273170471191,4.842405319213867,-12.651753425598145,-31.048057556152344,4.192041397094727,4.239986419677734,-1.8016120195388794,-39.73332977294922,8.474547386169434,29.556324005126953,-1.922993779182434,-1.6967458724975586
Newtonain,51564,51564,3.5246668,0.9391064850270596,0.9395565583687195,3.1188934392323735,2.8351355754731977,0.5008095802428365,0.7426076204724401,1.0,1.0,10.0,10.0,1.0,1.0,0.011040204827404873,0.014465237887010875,3.52,0.00466678619000005,0.15475072,0.2111437,2.9420385360717773,5.496555328369141,-0.9906240701675415,-2.6719610691070557,4.313501358032227,4.320099353790283,1.6293022632598877,-25.01349449157715,2.561953067779541,21.188039779663086,-2.1405489444732666,-2.178595781326294
PowerLaw1,51564,51564,3.5246668,-4.0600176381598745,-4.0624267806392735,4.9418972674596855,3.021471140311486,-0.1823293628929185,0.5044111193000045,0.727270964238616,1.0,inf,53.139812466504736,1.0,1.0,2.985487470831631e-05,0.012724102364276825,3.52,0.00466678619000005,0.049060117,0.14085574,-2.0999999046325684,-0.15353448688983917,-5.900000095367432,-7.538160800933838,6.343963623046875,4.345869541168213,2.693875312805176,-24.224014282226562,2.25,21.4620304107666,-2.25,-2.2174293994903564
PowerLaw2,51564,51564,3.5246668,-9.074632693997884,-9.180881339232187,0.5806307304760738,-0.06488948566781304,4.39824380174817,3.8274770944571395,1.0,1.0,0.19829698710267232,0.28197185706604505,1.0,1.0,0.07126249546428692,0.14627826768422794,3.52,0.00466678619000005,1.0812234,2.1870668,-5.557026386260986,5.024496078491211,-12.653992652893066,-31.34758186340332,4.189042091369629,4.238604545593262,-1.8424960374832153,-40.90337371826172,8.493624687194824,29.983562469482422,-1.9172966480255127,-1.695467233657837
Newtonain,51564,51564,3.5646677,0.9390784390379167,0.9396179793901104,3.1148398196564995,2.829777380327008,0.5050611193124661,0.7486263884030058,1.0,1.0,10.0,10.0,1.0,1.0,0.010933173624241035,0.014584665908192856,3.56,0.004667701719999862,0.1536403,0.21071403,2.94451904296875,5.536642074584961,-0.9916546940803528,-2.7120625972747803,4.3129987716674805,4.319547176361084,1.6269056797027588,-25.90673828125,2.5643093585968018,21.49069595336914,-2.1398088932037354,-2.177793025970459
PowerLaw1,51564,51564,3.5646677,-4.060017638307834,-4.062377238575493,4.939936470055116,3.017381221930666,-0.1823292483674785,0.5078070954403273,0.3836397486618571,1.0,inf,53.58367252134387,1.0,1.0,7.919588123612365e-06,0.012467582020321152,3.56,0.004667701719999862,0.04904721,0.14095862,-2.0999999046325684,-0.09046731889247894,-5.900000095367432,-7.566740989685059,6.342002868652344,4.345577239990234,2.6919126510620117,-25.091129302978516,2.25,21.763153076171875,-2.25,-2.2173871994018555
PowerLaw2,51564,51564,3.5646677,-9.074581314766345,-9.183170006999859,0.5591550289077568,-0.13307220683388057,4.435181882688219,3.867509514475527,1.0,1.0,0.1968847042448669,0.28066788455872227,1.0,1.0,0.06983482368243348,0.1442993123125251,3.56,0.004667701719999862,1.0754727,2.217925,-5.553715229034424,5.206587314605713,-12.657334327697754,-31.647104263305664,4.186004161834717,4.237209796905518,-1.8895691633224487,-42.089115142822266,8.5206880569458,30.410799026489258,-1.9115790128707886,-1.6942452192306519
Newtonain,51564,51564,3.6046686,0.9390519375950543,0.9396787200686109,3.1108237777898538,2.8244199896199578,0.5092901489675091,0.754618237910768,1.0,1.0,10.0,10.0,1.0,1.0,0.010741852517271899,0.01459686832683305,3.6,0.004668617250000118,0.15257558,0.21039405,2.9469425678253174,5.5767292976379395,-0.9926782846450806,-2.752163887023926,4.312488079071045,4.318991184234619,1.6245498657226562,-26.815677642822266,2.566704273223877,21.793352127075195,-2.139073371887207,-2.1769626140594482
PowerLaw1,51564,51564,3.6046686,-4.060017638354072,-4.062326530362772,4.937975635438679,3.013280327392628,-0.18232915590190668,0.5111839553070248,0.2489333643627337,1.0,inf,53.732352186447805,1.0,1.0,7.613339283096177e-06,0.012303235429916617,3.6,0.004668617250000118,0.04904722,0.14086457,-2.0999999046325684,-0.02740015834569931,-5.900000095367432,-7.595320701599121,6.3400421142578125,4.3452839851379395,2.6899499893188477,-25.973939895629883,2.25,22.06427574157715,-2.25,-2.217346429824829
PowerLaw2,51564,51564,3.6046686,-9.074516603079458,-9.185458799617424,0.5378064498746183,-0.20261134781494033,4.471916744354123,3.907462248355501,1.0,1.0,0.1942979095007922,0.28012186191252814,1.0,1.0,0.06899427366579151,0.1437950338904857,3.6,0.004668617250000118,1.0710907,2.248648,-5.550325393676758,5.388678073883057,-12.661981582641602,-31.946626663208008,4.1829328536987305,4.23583984375,-1.9408196210861206,-43.290550231933594,8.544501304626465,30.838037490844727,-1.9058551788330078,-1.6930376291275024
Newtonain,51564,51564,3.6446695,0.9390272831120663,0.9397380740462165,3.1068459270063524,2.8190592952421136,0.513499066884983,0.7605855863846539,1.0,1.0,10.0,10.0,1.0,1.0,0.010708259150095942,0.014325612537255231,3.64,0.00466953277999993,0.15154274,0.2101816,2.949324131011963,5.61681604385376,-0.9936860203742981,-2.7922651767730713,4.311987400054932,4.318432807922363,1.6222529411315918,-27.740312576293945,2.569124460220337,22.09600830078125,-2.138331890106201,-2.176100969314575
PowerLaw1,51564,51564,3.6446695,-4.0600176384095565,-4.062270188531465,4.936014870622236,3.0091631642324814,-0.1823290230757,0.5145456080903713,0.05424327049879761,1.0,inf,54.09666838026631,1.0,1.0,1.043411064347792e-05,0.012128723566090654,3.64,0.00466953277999993,0.04904565,0.1413403,-2.0999999046325684,0.03566700220108032,-5.900000095367432,-7.623900890350342,6.338081359863281,4.345036506652832,2.6879873275756836,-26.872447967529297,2.25,22.365398406982422,-2.25,-2.2173073291778564
PowerLaw2,51564,51564,3.6446695,-9.074462326593334,-9.187748680051904,0.5164948017752294,-0.27347437882706876,4.508481682587082,3.9473299396810604,1.0,1.0,0.19309401804668966,0.2806621917078693,1.0,1.0,0.06745564493624678,0.14380667073304504,3.64,0.00466953277999993,1.0675039,2.2792146,-5.547211647033691,5.5707688331604,-12.664002418518066,-32.246150970458984,4.179821491241455,4.234489440917969,-1.9644838571548462,-44.507686614990234,8.56800365447998,31.265275955200195,-1.900127649307251,-1.691792368888855
Newtonain,51564,51564,3.6846704,0.939004918865296,0.9397954583046315,3.1029007212743576,2.8136933938853055,0.517686257351012,0.7665305270703333,1.0,1.0,10.0,10.0,1.0,1.0,0.010802814454649392,0.014031201894614058,3.68,0.004670448299999741,0.15055309,0.21002536,2.9518239498138428,5.656903266906738,-0.9946832656860352,-2.832366466522217,4.311481952667236,4.317872047424316,1.6199942827224731,-28.680646896362305,2.5715696811676025,22.398666381835938,-2.1375932693481445,-2.175203561782837
PowerLaw1,51564,51564,3.6846704,-4.060017638529774,-4.062212788372666,4.9340541419449515,3.005025111645608,-0.18232886933631293,0.5178886313896054,0.05435963075013575,1.0,inf,54.15585574327156,1.0,1.0,6.776570355805919e-06,0.011961552911915453,3.68,0.004670448299999741,0.049045615,0.14152452,-2.0999999046325684,0.09873416274785995,-5.900000095367432,-7.652480602264404,6.33612060546875,4.344773292541504,2.6860246658325195,-27.786653518676758,2.25,22.666519165039062,-2.25,-2.2172694206237793
PowerLaw2,51564,51564,3.6846704,-9.074400490068795,-9.190041743563222,0.49522925244193233,-0.3456783276569359,4.544886408914722,3.987099112240057,1.0,1.0,0.1958952252443442,0.2799180134324419,1.0,1.0,0.07005852348649527,0.1433358313341616,3.68,0.004670448299999741,1.063537,2.3101592,-5.544617176055908,5.752859592437744,-12.665515899658203,-32.54567337036133,4.176499843597412,4.233144283294678,-1.9835094213485718,-45.740516662597656,8.597652435302734,31.69251251220703,-1.894063115119934,-1.6905162334442139
Newtonain,51564,51564,3.7246714,0.9389848047150913,0.9398516589117596,3.0989938909601884,2.8083231050690767,0.5218566509039717,0.7724535753138677,1.0,1.0,10.0,10.0,1.0,1.0,0.010645808307099542,0.014149526897938506,3.72,0.004671363829999997,0.14956036,0.20981908,2.9543323516845703,5.696990013122559,-0.995663583278656,-2.8724677562713623,4.310972213745117,4.317310333251953,1.6177783012390137,-29.636676788330078,2.5740439891815186,22.701322555541992,-2.136857032775879,-2.1742656230926514
PowerLaw1,51564,51564,3.7246714,-4.060017638539021,-4.062159839485249,4.932093416938918,3.0008650736736047,-0.182328713398337,0.5212156927894006,0.05668683577689861,1.0,inf,54.11431568797662,1.0,1.0,8.408396371753577e-06,0.011775330992927593,3.72,0.004671363829999997,0.049045265,0.14174253,-2.0999999046325684,0.1618013232946396,-5.900000095367432,-7.681060791015625,6.334159851074219,4.344498634338379,2.6840620040893555,-28.716554641723633,2.25,22.967641830444336,-2.25,-2.2172329425811768
PowerLaw2,51564,51564,3.7246714,-9.074333225198384,-9.192330493034456,0.4741151674412663,-0.4192536629428793,4.581038296386561,4.026783667380867,1.0,1.0,0.19891260951315898,0.2786814800006765,1.0,1.0,0.073346149409981,0.14235482764885948,3.72,0.004671363829999997,1.056173,2.3424292,-5.54258918762207,5.934950351715088,-12.666979789733887,-32.84519577026367,4.1727681159973145,4.2317986488342285,-1.980772852897644,-46.989044189453125,8.61973762512207,32.1197509765625,-1.8872944116592407,-1.6891990900039673
Newtonain,51564,51564,3.7646723,0.9389665907186532,0.9399055578804175,3.095117488220714,2.802951199944868,0.526006544928695,0.7783538584452476,1.0,1.0,10.0,10.0,1.0,1.0,0.010665930783477395,0.013916605688395811,3.76,0.004672279360000253,0.14865667,0.20955753,2.9567816257476807,5.737077236175537,-0.9966297745704651,-2.912569046020508,4.310462951660156,4.316749572753906,1.6155766248703003,-30.608402252197266,2.576543092727661,23.003978729248047,-2.1361207962036133,-2.1736843585968018
PowerLaw1,51564,51564,3.7646723,-4.060017638557516,-4.062109921285921,4.930132719037254,2.996682780401709,-0.18232854187835407,0.5245316119496266,0.05841284617174773,1.0,inf,54.3250168823223,1.0,1.0,1.0921857284706536e-05,0.011692909413411954,3.76,0.004672279360000253,0.049045082,0.14202794,-2.0999999046325684,0.22486849129199982,-5.900000095367432,-7.7096405029296875,6.3321990966796875,4.344221115112305,2.6820993423461914,-29.662153244018555,2.25,23.26876449584961,-2.25,-2.217197895050049
PowerLaw2,51564,51564,3.7646723,-9.074269685694563,-9.194616636887572,0.45320675451641074,-0.49424434394926836,4.616958908638465,4.066390091493331,1.0,1.0,0.19866106434678102,0.2778333797825044,1.0,1.0,0.07165918337942116,0.14150231024399504,3.76,0.004672279360000253,1.0496422,2.3747082,-5.541019916534424,6.117041110992432,-12.669541358947754,-33.144718170166016,4.168980598449707,4.230457305908203,-1.9890629053115845,-48.25326919555664,8.640568733215332,32.54698944091797,-1.8805041313171387,-1.6878437995910645
Newtonain,51564,51564,3.8046732,0.9389503243608647,0.9399584547517008,3.091274907452836,2.797576515240283,0.530138950372148,0.7842297753023522,1.0,1.0,10.0,10.0,1.0,1.0,0.01055504538900514,0.01371342569347392,3.8,0.004673194890000065,0.14774117,0.20933929,2.9591758251190186,5.777164459228516,-0.9975842833518982,-2.9526703357696533,4.309960842132568,4.316191673278809,1.6116600036621094,-31.5958251953125,2.579066038131714,23.3066349029541,-2.135380268096924,-2.173211097717285
PowerLaw1,51564,51564,3.8046732,-4.060017638548269,-4.0620637392278,4.928172021958615,2.9924894820766705,-0.18232836987750206,0.5278313968358564,0.05769529128849585,1.0,inf,54.375151252600475,1.0,1.0,9.236456841840883e-06,0.011875199369310857,3.8,0.004673194890000065,0.049045064,0.14212729,-2.0999999046325684,0.28793564438819885,-5.900000095367432,-7.738220691680908,6.330238342285156,4.343923091888428,2.6801366806030273,-30.623449325561523,2.25,23.569887161254883,-2.25,-2.2171640396118164
PowerLaw2,51564,51564,3.8046732,-9.074216149534102,-9.196903039167601,0.43249979010113254,-0.5706495724343004,4.652643277563934,4.105917759256438,1.0,1.0,0.19806925050446256,0.27870204417165,1.0,1.0,0.07333457830216826,0.14194260243841347,3.8,0.004673194890000065,1.0425825,2.4081151,-5.539539337158203,6.299131870269775,-12.671918869018555,-33.44424057006836,4.165154457092285,4.229086875915527,-2.0171210765838623,-49.5331916809082,8.67667007446289,32.97422409057617,-1.8737094402313232,-1.6865077018737793
Newtonain,51564,51564,3.8446741,0.9389355914876881,0.9400110415855797,3.0874639070322547,2.792195271012767,0.5342529826225358,0.7900820903275305,1.0,1.0,10.0,10.0,1.0,1.0,0.010358265990443458,0.013650893612361928,3.84,0.004674110410000321,0.14685842,0.20919093,2.9615588188171387,5.817251205444336,-0.9985222816467285,-2.992771863937378,4.309451580047607,4.315637588500977,1.6075716018676758,-32.59894561767578,2.5816190242767334,23.609291076660156,-2.1346442699432373,-2.1727359294891357
PowerLaw1,51564,51564,3.8446741,-4.060017638428052,-4.062015788923764,4.92621132586021,2.9882790954899443,-0.18232819728943495,0.5311099091330961,0.057831044915057014,1.0,inf,54.09181470016874,1.0,1.0,9.410236747172063e-06,0.011759265637804689,3.84,0.004674110410000321,0.049045037,0.1423571,-2.0999999046325684,0.3510028123855591,-5.900000095367432,-7.766800403594971,6.328277587890625,4.343662738800049,2.6781740188598633,-31.600440979003906,2.25,23.871009826660156,-2.25,-2.217132329940796
PowerLaw2,51564,51564,3.8446741,-9.074167916730547,-9.199192833445823,0.4118803193083137,-0.6484725292200504,4.688112334209612,4.145365380816673,1.0,1.0,0.20023842988380708,0.27824344366880155,1.0,1.0,0.07427649667397332,0.14178565638201857,3.84,0.004674110410000321,1.0363587,2.4407544,-5.53827428817749,6.481222629547119,-12.673615455627441,-33.74376678466797,4.161280155181885,4.227679252624512,-2.0403451919555664,-50.82880783081055,8.701737403869629,33.40146255493164,-1.8668763637542725,-1.6851460933685303
Newtonain,51564,51564,3.884675,0.9389219322652054,0.9400625471557069,3.083683017497103,2.786808419730309,0.5383501386371554,0.7959119230418465,1.0,1.0,10.0,10.0,1.0,1.0,0.010307324990232548,0.013473939429844706,3.88,0.004675025940000133,0.14601593,0.20903623,2.9638922214508057,5.8573384284973145,-0.9994471669197083,-3.0328731536865234,4.308945178985596,4.315090179443359,1.6037012338638306,-33.61776351928711,2.5841710567474365,23.911949157714844,-2.133906364440918,-2.1722617149353027
PowerLaw1,51564,51564,3.884675,-4.0600176384095565,-4.0619626277087795,4.924250631047205,2.9840407408525373,-0.18232802393382683,0.53438072214641,0.05837405942130168,1.0,inf,54.435975563432756,1.0,1.0,1.0262358766378084e-05,0.011556100786059566,3.88,0.004675025940000133,0.049045026,0.14297508,-2.0999999046325684,0.4140699803829193,-5.900000095367432,-7.795380592346191,6.326316833496094,4.343387603759766,2.676211357116699,-32.5931282043457,2.25,24.17213249206543,-2.25,-2.217102527618408
PowerLaw2,51564,51564,3.884675,-9.07410627039897,-9.201482726604189,0.3913394226673246,-0.727738360235868,4.723328973588411,4.184740437525557,1.0,1.0,0.20022972965035268,0.27613768048067305,1.0,1.0,0.07368279664258062,0.13945606911019662,3.88,0.004675025940000133,1.0323033,2.4755456,-5.53678035736084,6.663313388824463,-12.675984382629395,-34.04328918457031,4.1573991775512695,4.226292610168457,-2.0536577701568604,-52.14011764526367,8.72980785369873,33.82870101928711,-1.8600645065307617,-1.6837893724441528
Newtonain,51564,51564,3.9246759,0.9389095650069857,0.9401121288334587,3.079932336634878,2.781416215610703,0.5424325852619564,0.8017196074949096,1.0,1.0,10.0,10.0,1.0,1.0,0.009934499126705283,0.013345387287964482,3.92,0.004675941469999945,0.14522576,0.20889926,2.966184616088867,5.897425174713135,-1.0003591775894165,-3.072974443435669,4.308443546295166,4.314550399780273,1.6011203527450562,-34.65227508544922,2.5867702960968018,24.2146053314209,-2.1331655979156494,-2.1717915534973145
PowerLaw1,51564,51564,3.9246759,-4.060017638418804,-4.061905314497949,4.922289937306908,2.9797772818896147,-0.18232784991008813,0.537638454261847,0.05907222092933054,1.0,inf,54.6103310610545,1.0,1.0,1.031863570897327e-05,0.011435966942334992,3.92,0.004675941469999945,0.04904499,0.1433786,-2.0999999046325684,0.47713714838027954,-5.900000095367432,-7.823960304260254,6.3243560791015625,4.3430986404418945,2.674248695373535,-33.60151672363281,2.25,24.47325325012207,-2.25,-2.217074394226074
PowerLaw2,51564,51564,3.9246759,-9.074037568220183,-9.203772154540232,0.3707730698524466,-0.8085204319744129,4.758310439104207,4.224081565513892,1.0,1.0,0.20125426622627038,0.27545118132097873,1.0,1.0,0.0755526325846393,0.1390797820946476,3.92,0.004675941469999945,1.0296428,2.5111158,-5.535183906555176,6.845404148101807,-12.67993450164795,-34.342811584472656,4.153541564941406,4.224930763244629,-2.093950033187866,-53.467124938964844,8.765087127685547,34.25593948364258,-1.85336434841156,-1.6824536323547363
Newtonain,51564,51564,3.9646769,0.9388985333732145,0.9401605741998889,3.076207481962171,2.7760190935580753,0.5464993106802305,0.8075044922453061,1.0,1.0,10.0,10.0,1.0,1.0,0.010284796076003735,0.013353924566103632,3.96,0.0046768569900002,0.1444752,0.20872891,2.9684433937072754,5.937512397766113,-1.001253604888916,-3.1130757331848145,4.307939529418945,4.314018249511719,1.5985627174377441,-35.70248794555664,2.58937406539917,24.517261505126953,-2.1324262619018555,-2.17132830619812
PowerLaw1,51564,51564,3.9646769,-4.060017638418804,-4.06184396658189,4.9203292449907226,2.9754833188185357,-0.18232767510262535,0.5408835785955178,0.06126367232953223,1.0,inf,54.53099347807865,1.0,1.0,1.2002300145850566e-05,0.011411069040130192,3.96,0.0046768569900002,0.049045004,0.14389536,-2.0999999046325684,0.5402042865753174,-5.900000095367432,-7.852540493011475,6.322395324707031,4.342809677124023,2.672286033630371,-34.6255989074707,2.25,24.774375915527344,-2.25,-2.217047929763794
PowerLaw2,51564,51564,3.9646769,-9.073954143060686,-9.206061967716186,0.3501807379379837,-0.8907659063416898,4.79301790189179,4.263382056928164,1.0,1.0,0.20481543658270018,0.276156425137243,1.0,1.0,0.08026438689180466,0.13923969806199252,3.96,0.0046768569900002,1.0243713,2.545743,-5.533504962921143,7.02749490737915,-12.683821678161621,-34.642333984375,4.150187015533447,4.223557949066162,-2.148503541946411,-54.80982971191406,8.794901847839355,34.68317794799805,-1.8475897312164307,-1.6810858249664307
Newtonain,51564,51564,4.0046778,0.9388887205656674,0.9402094267085811,3.072509031832685,2.7706169663869136,0.5505508445427661,0.8132651362075731,1.0,1.0,10.0,10.0,1.0,1.0,0.01019041265774878,0.013160837111933804,4.0,0.004677772520000012,0.14371453,0.20856045,2.970679998397827,5.977599143981934,-1.0021361112594604,-3.15317702293396,4.307437419891357,4.3134942054748535,1.5960679054260254,-36.768394470214844,2.5919904708862305,24.819917678833008,-2.131686210632324,-2.17087459564209
PowerLaw1,51564,51564,4.0046778,-4.060017638418804,-4.061775362183666,4.918368552683785,2.971163467592947,-0.182327500322905,0.5441234606147846,0.06042975719494221,1.0,inf,55.138474022248154,1.0,1.0,8.282727451720916e-06,0.01127455430628061,4.0,0.004677772520000012,0.049044974,0.14453807,-2.0999999046325684,0.603271484375,-5.900000095367432,-7.881120681762695,6.3204345703125,4.342502593994141,2.670323371887207,-35.665374755859375,2.25,25.075498580932617,-2.25,-2.2170228958129883
PowerLaw2,51564,51564,4.0046778,-9.073857593717628,-9.208351537140837,0.32953021072486965,-0.9744962184122034,4.827448135195029,4.302584120711241,1.0,1.0,0.20272435831583951,0.2769993274332831,1.0,1.0,0.07805182265400508,0.14076637645322018,4.0,0.004677772520000012,1.0225873,2.5801618,-5.531289577484131,7.209585666656494,-12.687699317932129,-34.941856384277344,4.147699356079102,4.22213888168335,-2.2155325412750244,-56.1682243347168,8.816917419433594,35.11041259765625,-1.8433908224105835,-1.6795037984848022
Newtonain,51564,51564,4.0446787,0.9388797777907449,0.9402574443473026,3.068840494590793,2.7652062336096344,0.5545894730024101,0.8190007674835446,1.0,1.0,10.0,10.0,1.0,1.0,0.010204992978416986,0.01323909942208253,4.04,0.004678688050000268,0.14292985,0.20844144,2.9728801250457764,6.017686367034912,-1.0030040740966797,-3.1932783126831055,4.306928634643555,4.312977313995361,1.593605875968933,-37.849998474121094,2.5946295261383057,25.122573852539062,-2.1309497356414795,-2.170433521270752
PowerLaw1,51564,51564,4.0446787,-4.060017638400309,-4.061704640313503,4.916407883717492,2.9668160448851864,-0.18232731202798985,0.5473587507417904,0.06120549220386316,1.0,inf,55.066473130979695,1.0,1.0,1.1809394816512567e-05,0.011206378400779557,4.04,0.004678688050000268,0.049044646,0.14491886,-2.0999999046325684,0.6663386225700378,-5.900000095367432,-7.909700393676758,6.318473815917969,4.342156887054443,2.668360710144043,-36.72085189819336,2.25,25.37662124633789,-2.25,-2.2169997692108154
PowerLaw2,51564,51564,4.0446787,-9.073747997795875,-9.21064181343737,0.30878518009126876,-1.0597507837466225,4.861620445435023,4.341704450163599,1.0,1.0,0.2043844359105312,0.27404710205368327,1.0,1.0,0.07891195061344589,0.13793060564323298,4.04,0.004678688050000268,1.0201141,2.616529,-5.529565334320068,7.391676425933838,-12.691213607788086,-35.24137878417969,4.144908905029297,4.220826148986816,-2.2935214042663574,-57.54231643676758,8.829925537109375,35.53765106201172,-1.838686466217041,-1.6777431964874268
Newtonain,51564,51564,4.0846796,0.9388714921168236,0.94030512373762,3.0651973608776335,2.7597870594482243,0.5586132172933731,0.8247142048628442,1.0,1.0,10.0,10.0,1.0,1.0,0.010259616022306125,0.01293606663444029,4.08,0.004679603579999636,0.14220434,0.20834981,2.97507381439209,6.057773113250732,-1.0038573741912842,-3.233379602432251,4.306424617767334,4.312467575073242,1.591163158416748,-38.947296142578125,2.5972766876220703,25.42523193359375,-2.1302103996276855,-2.1700072288513184
PowerLaw1,51564,51564,4.0846796,-4.060017638437299,-4.061630547139425,4.914447219467415,2.9624526546654666,-0.18232712099582002,0.5505691232884544,0.06095337832596385,1.0,inf,55.23249303461388,1.0,1.0,8.389868220901859e-06,0.011208216626661462,4.08,0.004679603579999636,0.049044605,0.14490847,-2.0999999046325684,0.7294057607650757,-5.900000095367432,-7.9382805824279785,6.3165130615234375,4.341749668121338,2.666398048400879,-37.792022705078125,2.25,25.677743911743164,-2.25,-2.2169792652130127
PowerLaw2,51564,51564,4.0846796,-9.07362449337463,-9.212932200028476,0.28779392089621203,-1.1465556691627599,4.895502204025597,4.380796885160696,1.0,1.0,0.2034876489738079,0.2733816783323313,1.0,1.0,0.07923744117968455,0.13746063929083505,4.08,0.004679603579999636,1.0204499,2.653877,-5.527657985687256,7.573767185211182,-12.696656227111816,-35.5409049987793,4.142007827758789,4.219607830047607,-2.382958173751831,-58.932106018066406,8.841524124145508,35.96488952636719,-1.8338459730148315,-1.675971508026123
Newtonain,51564,51564,4.1246805,0.9388637584058793,0.9403536664854145,3.0615801987475266,2.7543592654967934,0.5626224462362577,0.8304052510467811,1.0,1.0,10.0,10.0,1.0,1.0,0.010170488147566454,0.012847662016403092,4.12,0.004680519099999891,0.14147502,0.20825267,2.977261543273926,6.097860336303711,-1.0046939849853516,-3.2734811305999756,4.30592679977417,4.3119635581970215,1.5887483358383179,-40.06029510498047,2.5999367237091064,25.727888107299805,-2.129467248916626,-2.1697161197662354
PowerLaw1,51564,51564,4.1246805,-4.060017638539021,-4.061557684521121,4.91248655777889,2.9580763615315258,-0.1823269284817412,0.5537498738888746,0.06190365371189202,1.0,inf,55.1589518773085,1.0,1.0,9.747454422003909e-06,0.01105485081588498,4.12,0.004680519099999891,0.049044564,0.14471224,-2.0999999046325684,0.7924729585647583,-5.900000095367432,-7.966860294342041,6.314552307128906,4.341331481933594,2.664435386657715,-38.8788948059082,2.25,25.978866577148438,-2.25,-2.2169618606567383
PowerLaw2,51564,51564,4.1246805,-9.073490282681183,-9.2152214963536,0.26654117084581186,-1.2349211314602744,4.9290280343728625,4.419864214332977,1.0,1.0,0.20442281622039227,0.2747000934368856,1.0,1.0,0.07895347097387104,0.13837537928786386,4.12,0.004680519099999891,1.0214776,2.6913037,-5.523999214172363,7.755858421325684,-12.70052719116211,-35.84042739868164,4.139134883880615,4.218407154083252,-2.486485481262207,-60.337589263916016,8.850321769714355,36.392127990722656,-1.8290889263153076,-1.674257755279541
Newtonain,51564,51564,4.1646814,0.9388568929270058,0.9404019520697262,3.057991452393174,2.7489225704417404,0.5666181808837946,0.8360730622459799,1.0,1.0,10.0,10.0,1.0,1.0,0.00987856463666547,0.012805530270763926,4.16,0.0046814346300001475,0.14065783,0.20816089,2.9794363975524902,6.137947082519531,-1.0055166482925415,-3.313582420349121,4.305421829223633,4.311464786529541,1.5863516330718994,-41.188987731933594,2.602604866027832,26.03054428100586,-2.128728151321411,-2.1694538593292236
PowerLaw1,51564,51564,4.1646814,-4.060017638557516,-4.061488815182324,4.910525896968876,2.9536840880140702,-0.18232673541974911,0.55690577784999,0.06353269723062602,1.0,inf,55.781389405059535,1.0,1.0,6.4677618072318255e-06,0.010865262908411706,4.16,0.0046814346300001475,0.04904455,0.14476626,-2.0999999046325684,0.8555400967597961,-5.900000095367432,-7.995440483093262,6.312591552734375,4.340904712677002,2.662472724914551,-39.98146057128906,2.25,26.279987335205078,-2.25,-2.2169487476348877
PowerLaw2,51564,51564,4.1646814,-9.073371690078458,-9.21751473516351,0.2449958270626816,-1.324868533688411,4.962196777164311,4.458890343725677,1.0,1.0,0.20467091077625077,0.27325127318301723,1.0,1.0,0.0804884783963266,0.13753629954985083,4.16,0.0046814346300001475,1.0247604,2.7294188,-5.521154880523682,7.937949180603027,-12.704202651977539,-36.139949798583984,4.136199474334717,4.217240810394287,-2.60206937789917,-61.758766174316406,8.8599853515625,36.819366455078125,-1.8242758512496948,-1.6726133823394775
Newtonain,51564,51564,4.2046824,0.9388506518670755,0.9404493524820272,3.054427471417321,2.7434760961514284,0.5705987810524857,0.8417167900216087,1.0,1.0,10.0,10.0,1.0,1.0,0.009651608405595698,0.012870148981591804,4.2,0.004682350159999515,0.13999134,0.2080756,2.9816153049468994,6.17803430557251,-1.0063197612762451,-3.3536837100982666,4.304917812347412,4.310971260070801,1.5839952230453491,-42.333377838134766,2.6052777767181396,26.333200454711914,-2.127988576889038,-2.1691954135894775
PowerLaw1,51564,51564,4.2046824,-4.060017638557516,-4.061422279479025,4.9085652388961165,2.9492704693472054,-0.18232654076487823,0.5600343234246424,0.06326118997750368,1.0,inf,55.81346553447091,1.0,1.0,4.8185504916404086e-06,0.010933136734547565,4.2,0.004682350159999515,0.0490445,0.14518516,-2.0999999046325684,0.9186072945594788,-5.900000095367432,-8.024020195007324,6.310630798339844,4.340468406677246,2.6605100631713867,-41.0997200012207,2.25,26.58111000061035,-2.25,-2.2169411182403564
PowerLaw2,51564,51564,4.2046824,-9.07323703156645,-9.219816694836394,0.22296136140196052,-1.4164291322636,4.995049582464028,4.4978749485545215,1.0,1.0,0.20354725320316128,0.27366369341319724,1.0,1.0,0.08013405946093534,0.1375978846845708,4.2,0.004682350159999515,1.0307759,2.767587,-5.518980026245117,8.120039939880371,-12.70610523223877,-36.43947219848633,4.133146286010742,4.216110706329346,-2.7311434745788574,-63.195640563964844,8.872499465942383,37.24660110473633,-1.8192722797393799,-1.671038269996643
Newtonain,51564,51564,4.2446833,0.9388449196700936,0.9404963817820697,3.050888560027446,2.7380185714103504,0.5745658727647815,0.8473360610897247,1.0,1.0,10.0,10.0,1.0,1.0,0.009772415698999622,0.012578997025327415,4.24,0.0046832656899997716,0.1392484,0.20799926,2.983792543411255,6.218121528625488,-1.0071065425872803,-3.393784999847412,4.304417610168457,4.310482025146484,1.581680417060852,-43.493465423583984,2.607952356338501,26.63585662841797,-2.127246618270874,-2.1689400672912598
PowerLaw1,51564,51564,4.2446833,-4.060017638594506,-4.061353090411446,4.906604616555627,2.9448197036564725,-0.1823263255389838,0.5631592193974726,0.06312543635094252,1.0,inf,55.1660784096966,1.0,1.0,5.358594456301228e-06,0.010928229302267339,4.24,0.0046832656899997716,0.04904389,0.146241,-2.0999999046325684,0.9816744327545166,-5.900000095367432,-8.052599906921387,6.3086700439453125,4.340023994445801,2.6585474014282227,-42.233680725097656,2.25,26.882232666015625,-2.25,-2.2169342041015625
PowerLaw2,51564,51564,4.2446833,-9.073114257437348,-9.222121889529712,0.2004115832895607,-1.5096007032625682,5.027592355364198,4.536815763875755,1.0,1.0,0.20640284557993513,0.27225695639766184,1.0,1.0,0.08233344874798176,0.13710736084342035,4.24,0.0046832656899997716,1.0388144,2.8062935,-5.51668119430542,8.302130699157715,-12.707204818725586,-36.73899459838867,4.129895210266113,4.215009689331055,-2.876258611679077,-64.64820861816406,8.891257286071777,37.6738395690918,-1.813991904258728,-1.6695542335510254
Newtonain,51564,51564,4.2843828,0.9388394210462772,0.9405431673849928,3.047416025916171,2.732549990718567,0.5784952643151624,0.8529315157730072,1.0,1.0,10.0,10.0,1.0,1.0,0.009818691402292011,0.012450681753337257,4.28,0.00438282013000002,0.13816684,0.20793232,2.9859468936920166,6.258208274841309,-1.0086604356765747,-3.4338862895965576,4.303914546966553,4.309998035430908,1.5794342756271362,-44.66925048828125,2.610593557357788,26.938514709472656,-2.1265203952789307,-2.168687343597412
PowerLaw1,51564,51564,4.2843828,-4.060017638548269,-4.061282030529852,4.9046727582949865,2.940340053117533,-0.1823261083063858,0.5662802637988287,0.06281514234737413,1.0,inf,55.67932202717801,1.0,1.0,7.4204550297699095e-06,0.010750959692158201,4.28,0.00438282013000002,0.04765857,0.14663036,-2.0999999046325684,1.0447416305541992,-5.900000095367432,-8.081180572509766,6.306737899780273,4.339573383331299,2.6566145420074463,-43.38333511352539,2.25,27.1833553314209,-2.25,-2.2169272899627686
PowerLaw2,51564,51564,4.2843828,-9.072984803963019,-9.22442718745545,0.17745115757281077,-1.6043989282265996,5.059526672914443,4.575711253647862,1.0,1.0,0.20661588258813432,0.2747127524659943,1.0,1.0,0.08367598826212648,0.1383294401339786,4.28,0.00438282013000002,1.0472884,2.8450618,-5.515379905700684,8.484221458435059,-12.708057403564453,-37.038516998291016,4.126534461975098,4.213921070098877,-3.0325429439544678,-66.11647033691406,8.908499717712402,38.101078033447266,-1.8085871934890747,-1.668061375617981
Newtonain,51564,51564,4.3216763,0.9388344945006847,0.9405893006328327,3.0441722187362643,2.7270700713372076,0.5821349249505747,0.8585029461102572,1.0,1.0,10.0,10.0,1.0,1.0,0.011265702637038655,0.012507980265547298,4.32,0.0016762542699995109,0.13704556,0.20787272,2.9878451824188232,6.298295497894287,-1.0102405548095703,-3.473987579345703,4.3034749031066895,4.309519290924072,1.5774383544921875,-45.8607292175293,2.6130170822143555,27.24117088317871,-2.1258740425109863,-2.1684372425079346
PowerLaw1,51564,51564,4.3216763,-4.060017638594506,-4.061209100309637,4.902966939083369,2.935833725651515,-0.18232591530912606,0.5693884271538436,0.06283453572259716,1.0,inf,55.28785387744323,1.0,1.0,5.3480191489052706e-06,0.0108165661489731,4.32,0.0016762542699995109,0.044180635,0.14737083,-2.0999999046325684,1.1078087091445923,-5.900000095367432,-8.109760284423828,6.305031776428223,4.339117050170898,2.6549081802368164,-44.54868698120117,2.25,27.484477996826172,-2.25,-2.2169203758239746
PowerLaw2,51564,51564,4.3216763,-9.072856286786987,-9.226734340554573,0.15532477643752374,-1.7008451765263541,5.0891818613953355,4.614519095041389,1.0,1.0,0.20008128757659102,0.2733261581576225,1.0,1.0,0.07620018214060179,0.13803479558852266,4.32,0.0016762542699995109,1.0565833,2.8837194,-5.513982772827148,8.666312217712402,-12.709226608276367,-37.338043212890625,4.122615814208984,4.2128729820251465,-3.1912364959716797,-67.60043334960938,8.926112174987793,38.528316497802734,-1.8022927045822144,-1.666612982749939
Newtonain,51564,51564,4.3605771,0.9388296857142912,0.9406338742511894,3.0409083543044066,2.7215782624252594,0.585909567915464,0.864051144328437,1.0,1.0,10.0,10.0,1.0,1.0,0.0118698758039332,0.012191077543164347,4.36,0.0005771064799997561,0.13483676,0.2078737,2.989734649658203,6.338382244110107,-1.011789083480835,-3.5140891075134277,4.303049564361572,4.309045314788818,1.575487732887268,-47.06790542602539,2.6154983043670654,27.543827056884766,-2.125246286392212,-2.168189525604248
PowerLaw1,51564,51564,4.3605771,-4.060017638603754,-4.061136774949804,4.901316931190192,2.931289283985989,-0.18232572734943212,0.5724945038601662,0.060216430067488946,1.0,inf,55.408729497432596,1.0,1.0,5.243102111299321e-06,0.01061868202402585,4.36,0.0005771064799997561,0.041170552,0.14830449,-2.0999999046325684,1.1789439916610718,-5.900000095367432,-8.13833999633789,6.303381443023682,4.338657379150391,2.6532578468322754,-45.729736328125,2.25,27.785600662231445,-2.25,-2.2169134616851807
PowerLaw2,51564,51564,4.3605771,-9.072702438815979,-9.22904007478574,0.13153252224858566,-1.7989626785431911,5.119834111423134,4.653251354748507,1.0,1.0,0.19852748250944666,0.2765288804395369,1.0,1.0,0.07368945386482302,0.14024333877672512,4.36,0.0005771064799997561,1.0711285,2.9236856,-5.512609481811523,8.848402976989746,-12.710389137268066,-37.63756561279297,4.118988037109375,4.2118611335754395,-3.3696706295013428,-69.10008239746094,8.945228576660156,38.9555549621582,-1.7965550422668457,-1.6651957035064697
Newtonain,51564,51564,4.40095,0.9388250051956868,0.9406761092505574,3.037560088928006,2.716075747848579,0.5897538772800399,0.8695782141907966,1.0,1.0,10.0,10.0,1.0,1.0,0.011489972048081509,0.012288996709152204,4.4,0.0009499549899993909,0.1320952,0.20787588,2.9915497303009033,6.378469467163086,-1.013282299041748,-3.5541903972625732,4.302635669708252,4.3085784912109375,1.5735834836959839,-48.29077911376953,2.6179916858673096,27.84648323059082,-2.1246354579925537,-2.1679461002349854
PowerLaw1,51564,51564,4.40095,-4.060017638557516,-4.061065797806167,4.8997170799837,2.926709048577507,-0.18232554035378815,0.5755956240757729,0.05858738654875494,1.0,inf,55.87541101199126,1.0,1.0,4.4472701426799405e-06,0.010378394329445238,4.4,0.0009499549899993909,0.038351,0.14869323,-2.0999999046325684,1.2680671215057373,-5.900000095367432,-8.166919708251953,6.301781177520752,4.338217735290527,2.651658296585083,-46.926483154296875,2.25,28.086721420288086,-2.25,-2.2169065475463867
PowerLaw2,51564,51564,4.40095,-9.072539713012636,-9.23134148821861,0.10597838461375599,-1.8988025399948625,5.151360631067453,4.691897729009745,1.0,1.0,0.2017042431283572,0.2732851408010435,1.0,1.0,0.07749836421598776,0.13724102338513977,4.4,0.0009499549899993909,1.0868747,2.9648373,-5.511289119720459,9.03049373626709,-12.711104393005371,-37.93708801269531,4.116751194000244,4.210858345031738,-3.568094491958618,-70.61543273925781,8.97707462310791,39.382789611816406,-1.7930837869644165,-1.6638472080230713
Newtonain,51564,51564,4.4424667,0.9388206422502205,0.9407155105528032,3.034205930522078,2.7105612615213697,0.5936657815754866,0.8750837405565001,1.0,1.0,10.0,10.0,1.0,1.0,0.013283782599530437,0.012058668903916126,4.44,0.0024667358399996786,0.13028772,0.20788564,2.9933102130889893,6.418556213378906,-1.0147286653518677,-3.5942916870117188,4.302241325378418,4.308120250701904,1.5717321634292603,-49.52935028076172,2.6205122470855713,28.149139404296875,-2.1240427494049072,-2.167707920074463
PowerLaw1,51564,51564,4.4424667,-4.060017638585259,-4.0609965241223644,4.898180102739755,2.922104078862354,-0.1823253405365105,0.5786840138804863,0.058567993173531924,1.0,inf,55.925447334099125,1.0,1.0,5.085896441145374e-06,0.010325120736114315,4.44,0.0024667358399996786,0.035914224,0.14914377,-2.0999999046325684,1.3571901321411133,-5.900000095367432,-8.195500373840332,6.300243854522705,4.337775230407715,2.650120973587036,-48.1389274597168,2.25,28.38784408569336,-2.25,-2.2168996334075928
PowerLaw2,51564,51564,4.4424667,-9.072375315320047,-9.233643200782955,0.07868672517389227,-2.0004198723399385,5.183463657141751,4.73049533291811,1.0,1.0,0.19953487148529417,0.27295192071752206,1.0,1.0,0.0742349541395444,0.13746009505784,4.44,0.0024667358399996786,1.1065651,3.0076156,-5.5099945068359375,9.212584495544434,-12.712982177734375,-38.236610412597656,4.11509895324707,4.2098588943481445,-3.7863731384277344,-72.14647674560547,9.013066291809082,39.810028076171875,-1.7905887365341187,-1.6625131368637085
Newtonain,51564,51564,4.4813762,0.9388166954476252,0.9407531819421213,3.031167262464764,2.7050354968831285,0.5973107610421249,0.8805690573917877,1.0,1.0,10.0,10.0,1.0,1.0,0.012155310274433565,0.011900772720782018,4.48,0.0013761711099995466,0.12776555,0.20792945,2.994873285293579,6.458643436431885,-1.0160049200057983,-3.6343929767608643,4.301884651184082,4.307670593261719,1.5700691938400269,-50.78361892700195,2.6228272914886475,28.451797485351562,-2.123525381088257,-2.167475461959839
PowerLaw1,51564,51564,4.4813762,-4.060017638594506,-4.060923099847914,4.896830403742821,2.9174754564942518,-0.1823251549464838,0.5817523905190232,0.06170971995966178,1.0,inf,56.24837791945601,1.0,1.0,5.108238757810598e-06,0.01026733301160981,4.48,0.0013761711099995466,0.03374837,0.14938822,-2.0999999046325684,1.4463132619857788,-5.900000095367432,-8.224080085754395,6.298893928527832,4.337329387664795,2.648770332336426,-49.3670654296875,2.25,28.688966751098633,-2.25,-2.216892719268799
PowerLaw2,51564,51564,4.4813762,-9.072190817781605,-9.235945226220537,0.05206749399459458,-2.1038399618282098,5.213235099575862,4.769021968857803,1.0,1.0,0.20199654979375872,0.2743922716885861,1.0,1.0,0.07797310053629994,0.13863741958161446,4.48,0.0013761711099995466,1.12579,3.0501034,-5.508666038513184,9.394675254821777,-12.714120864868164,-38.5361328125,4.113129138946533,4.208873271942139,-4.0047526359558105,-73.69322204589844,9.043814659118652,40.237266540527344,-1.7875409126281738,-1.6611758470535278
Newtonain,51564,51564,4.5213056,0.9388133987275404,0.9407900989609058,3.0280898813293806,2.699495744089318,0.600999222036627,0.8860352511972627,1.0,1.0,10.0,10.0,1.0,1.0,0.011834697132013239,0.011973989921194686,4.52,0.0013055610700005715,0.12576291,0.20805037,2.9964005947113037,6.498730182647705,-1.0172449350357056,-3.6744942665100098,4.301547050476074,4.307229042053223,1.5684359073638916,-52.053585052490234,2.62516713142395,28.754453659057617,-2.1230194568634033,-2.1672487258911133
PowerLaw1,51564,51564,4.5213056,-4.060017638705476,-4.060848867545832,4.895526979422885,2.91282189909313,-0.18232497449112142,0.5848002538237154,0.05984795593825149,1.0,inf,56.01891058915045,1.0,1.0,4.629901736619637e-06,0.010222135923285212,4.52,0.0013055610700005715,0.031754218,0.1500063,-2.0999999046325684,1.5354362726211548,-5.900000095367432,-8.252659797668457,6.297590255737305,4.336880207061768,2.6474661827087402,-50.61090087890625,2.25,28.990089416503906,-2.25,-2.216885805130005
PowerLaw2,51564,51564,4.5213056,-9.07198675499424,-9.238238848759549,0.023641735715931197,-2.209091786948141,5.2434762372888954,4.80747109608093,1.0,1.0,0.20070171267583212,0.2732474340140155,1.0,1.0,0.0757402728167221,0.1376170350210124,4.52,0.0013055610700005715,1.1477757,3.0937598,-5.507457733154297,9.576766014099121,-12.715414047241211,-38.835655212402344,4.1098127365112305,4.207876205444336,-4.243500232696533,-75.25565338134766,9.073346138000488,40.66450500488281,-1.7824158668518066,-1.6598222255706787
Newtonain,51564,51564,4.5620356,0.9388105974911771,0.9408279568940969,3.025002027460014,2.69394012088666,0.6047196599534369,0.8914834020874187,1.0,1.0,10.0,10.0,1.0,1.0,0.011337112956353469,0.011945239980493018,4.56,0.002035560610000431,0.123886086,0.20820966,2.9978768825531006,6.538817405700684,-1.018438696861267,-3.7145955562591553,4.301218509674072,4.306795597076416,1.566826343536377,-53.3392448425293,2.6275346279144287,29.057109832763672,-2.1225342750549316,-2.167026996612549
PowerLaw1,51564,51564,4.5620356,-4.060017638742466,-4.060773095299452,4.894275074526315,2.9081336160224867,-0.18232480044888777,0.5878401483047035,0.06110852532774804,1.0,inf,56.27417744331443,1.0,1.0,5.878995098464491e-06,0.010171209924961955,4.56,0.002035560610000431,0.029944567,0.15067165,-2.0999999046325684,1.6245594024658203,-5.900000095367432,-8.28123950958252,6.296338081359863,4.336427211761475,2.6462137699127197,-51.87043380737305,2.25,29.29121208190918,-2.25,-2.216878890991211
PowerLaw2,51564,51564,4.5620356,-9.071771314336297,-9.240531834217137,-0.0066360924171803915,-2.316245097767592,5.273959433850165,4.845841221423061,1.0,1.0,0.20177127861117675,0.2720600505144679,1.0,1.0,0.07662981826508301,0.13620839741413376,4.56,0.002035560610000431,1.173379,3.139787,-5.506324291229248,9.758856773376465,-12.716651916503906,-39.13518142700195,4.105454921722412,4.20690393447876,-4.5020976066589355,-76.83378601074219,9.105114936828613,41.091739654541016,-1.7757694721221924,-1.6585294008255005
Newtonain,51564,51564,4.6005855,0.9388086580164118,0.9408667599420403,3.0221206693766365,2.688368046219452,0.6082048591816756,0.8969140651167102,1.0,1.0,10.0,10.0,1.0,1.0,0.010618069833943903,0.012000344140625938,4.6,0.0005854606599999812,0.12234525,0.20838971,2.999210834503174,6.578904151916504,-1.0195657014846802,-3.754696846008301,4.3009209632873535,4.306369304656982,1.5653644800186157,-54.64059829711914,2.6297430992126465,29.359766006469727,-2.122098445892334,-2.1668100357055664
PowerLaw1,51564,51564,4.6005855,-4.0600176388071985,-4.060702391359072,4.893153729065923,2.9034118871348684,-0.18232464366014353,0.5908704860487753,0.06093398495074083,1.0,inf,56.52639084635949,1.0,1.0,5.63016055271786e-06,0.010137762511152665,4.6,0.0005854606599999812,0.028389793,0.15127315,-2.0999999046325684,1.7136824131011963,-5.900000095367432,-8.309820175170898,6.2952165603637695,4.335976600646973,2.6450915336608887,-53.14566421508789,2.25,29.592334747314453,-2.25,-2.216871976852417
PowerLaw2,51564,51564,4.6005855,-9.071543836508551,-9.242828761469308,-0.03656032160425984,-2.425362156319109,5.302427602665199,4.884148383719024,1.0,1.0,0.20297358031984306,0.2737851706439818,1.0,1.0,0.07822076378814441,0.13742203419871493,4.6,0.0005854606599999812,1.1964047,3.185513,-5.505419731140137,9.940947532653809,-12.717830657958984,-39.4347038269043,4.101074695587158,4.205903053283691,-4.760068416595459,-78.4276123046875,9.137592315673828,41.518978118896484,-1.769191026687622,-1.6573657989501953
Newtonain,51564,51564,4.6400151,0.93880732752052,0.9409045189252573,3.0192126811507802,2.682779301943642,0.6117368037777731,0.9023277186435247,1.0,1.0,10.0,10.0,1.0,1.0,0.010286115640987617,0.01194394936782997,4.64,1.5125270000027058e-05,0.12087139,0.20856544,3.000518321990967,6.618991374969482,-1.0207390785217285,-3.7947983741760254,4.300631523132324,4.305949687957764,1.5639041662216187,-55.9576530456543,2.631976366043091,29.66242218017578,-2.121673107147217,-2.1665971279144287
PowerLaw1,51564,51564,4.6400151,-4.060017638927415,-4.060632427843385,4.892064395743191,2.8986573296220666,-0.18232448686446368,0.5938902289080041,0.06163214645876969,1.0,inf,56.24908161916075,1.0,1.0,6.212061176327369e-06,0.010159662840063073,4.64,1.5125270000027058e-05,0.026995465,0.15193029,-2.0999999046325684,1.8028055429458618,-5.900000095367432,-8.338399887084961,6.294126987457275,4.335550308227539,2.6440017223358154,-54.43659210205078,2.25,29.893455505371094,-2.25,-2.216865062713623
PowerLaw2,51564,51564,4.6400151,-9.071291989781157,-9.24512848824929,-0.06843571708215403,-2.5364301162847007,5.331060638560523,4.92235259549481,1.0,1.0,0.20527559548974972,0.2749930588974854,1.0,1.0,0.08036566483619607,0.13931435646139612,4.64,1.5125270000027058e-05,1.220344,3.2321773,-5.504497051239014,10.123038291931152,-12.718823432922363,-39.73422622680664,4.096742630004883,4.204884052276611,-5.037542819976807,-80.0371322631836,9.17294692993164,41.94621658325195,-1.7627516984939575,-1.6562376022338867
Newtonain,51564,51564,4.6802325,0.9388067101282798,0.9409398890175069,3.0162845057157983,2.6771754710790203,0.6153087004440999,0.9077248506032968,1.0,1.0,10.0,10.0,1.0,1.0,0.00993514260206074,0.011886515797454925,4.68,0.00023252487000036126,0.11950677,0.2087197,3.001798152923584,6.659078598022461,-1.0218762159347534,-3.834899663925171,4.30035924911499,4.305536270141602,1.562461495399475,-57.29039764404297,2.6342267990112305,29.96508026123047,-2.1212539672851562,-2.1663870811462402
PowerLaw1,51564,51564,4.6802325,-4.060017638871931,-4.060563776826131,4.891006190480351,2.8938715175846386,-0.18232432702867413,0.5969011105725913,0.06095337832596385,1.0,inf,56.0334394243984,1.0,1.0,4.374533816953606e-06,0.010225053027855948,4.68,0.00023252487000036126,0.025721641,0.15254214,-2.0999999046325684,1.8919285535812378,-5.900000095367432,-8.366979598999023,6.2930684089660645,4.335137844085693,2.642943859100342,-55.74320983886719,2.25,30.194578170776367,-2.25,-2.216858386993408
PowerLaw2,51564,51564,4.6802325,-9.070997750441936,-9.247425678261317,-0.10234250687153047,-2.649534952027898,5.35977816197895,4.960471893844314,1.0,1.0,0.2053911880988346,0.27428774210615114,1.0,1.0,0.07929134166000833,0.13841169537155001,4.68,0.00023252487000036126,1.2472312,3.281079,-5.503093719482422,10.305129051208496,-12.720739364624023,-40.033748626708984,4.092522144317627,4.203902721405029,-5.336193561553955,-81.66234588623047,9.207588195800781,42.37345504760742,-1.7565712928771973,-1.6551854610443115
Newtonain,51564,51564,4.7211404,0.9388066915741626,0.940973550224796,3.0133414630070194,2.67155412756662,0.6189116356258537,0.9131049616721633,1.0,1.0,10.0,10.0,1.0,1.0,0.009277643737611257,0.011883338071834672,4.72,0.0011403846700002163,0.11825499,0.2089389,3.003051519393921,6.699165344238281,-1.0229905843734741,-3.8750009536743164,4.300083637237549,4.305128574371338,1.5610414743423462,-58.63883972167969,2.6364903450012207,30.267736434936523,-2.1208505630493164,-2.1661794185638428
PowerLaw1,51564,51564,4.7211404,-4.060017638825693,-4.060493958340201,4.889980305804929,2.8890545759935256,-0.18232417181200183,0.5999001989189638,0.06372663098285626,1.0,inf,56.497408404924364,1.0,1.0,6.050475991351756e-06,0.01021880331122675,4.72,0.0011403846700002163,0.024548547,0.15330894,-2.0999999046325684,1.9810516834259033,-5.900000095367432,-8.395560264587402,6.292042255401611,4.3347249031066895,2.6419177055358887,-57.065528869628906,2.25,30.49570083618164,-2.25,-2.2168514728546143
PowerLaw2,51564,51564,4.7211404,-9.070656790623108,-9.249719130857017,-0.1383633209208908,-2.7647636130407705,5.388429292996369,4.9985233746335185,1.0,1.0,0.2073522044103561,0.27171113386331247,1.0,1.0,0.08212304531096593,0.1355038802257188,4.72,0.0011403846700002163,1.2754796,3.3318236,-5.5008955001831055,10.48721981048584,-12.722817420959473,-40.33327102661133,4.088423728942871,4.202934741973877,-5.656771183013916,-83.30325317382812,9.240979194641113,42.80069351196289,-1.7505099773406982,-1.6542264223098755
Newtonain,51564,51564,4.760294,0.9388073929690194,0.941007347382608,3.010556029190095,2.665914588714555,0.6223341301480294,0.9184684688753371,1.0,1.0,10.0,10.0,1.0,1.0,0.00885175220399123,0.011755985572444921,4.76,0.0002939605700005288,0.11715089,0.2091682,3.0042076110839844,6.73925256729126,-1.0240134000778198,-3.915102243423462,4.299830913543701,4.3047261238098145,1.5597071647644043,-60.00297546386719,2.6386330127716064,30.570392608642578,-2.1204798221588135,-2.1659739017486572
PowerLaw1,51564,51564,4.760294,-4.060017638779456,-4.060419896296904,4.889040674816304,2.884196505267828,-0.1823240290886776,0.602895358927886,0.06287332247304321,1.0,inf,57.18535463259372,1.0,1.0,5.736497225979649e-06,0.010135383370071907,4.76,0.0002939605700005288,0.023525305,0.15444282,-2.0999999046325684,2.0701746940612793,-5.900000095367432,-8.424139976501465,6.291102409362793,4.334317207336426,2.640977621078491,-58.40353775024414,2.25,30.796823501586914,-2.25,-2.2168445587158203
PowerLaw2,51564,51564,4.760294,-9.070336954013472,-9.252010204210515,-0.17438779795347606,-2.882148092664735,5.415374578100152,5.0365345625302504,1.0,1.0,0.20747197062570996,0.273453338019224,1.0,1.0,0.08035960283250984,0.13798188282205606,4.76,0.0002939605700005288,1.3066108,3.3844104,-5.499692440032959,10.669310569763184,-12.724355697631836,-40.63279342651367,4.084561347961426,4.201976776123047,-5.977208614349365,-84.9598617553711,9.271964073181152,43.227928161621094,-1.7447540760040283,-1.6532729864120483
Newtonain,51564,51564,4.8001347,0.9388086950487882,0.9410402110490973,3.007752526006173,2.660258093614892,0.6257927152901365,0.9238154020186253,1.0,1.0,10.0,10.0,1.0,1.0,0.008495071338322183,0.011812414814028142,4.8,0.0001346588100004098,0.11601091,0.20935105,3.0053462982177734,6.77933931350708,-1.025015115737915,-3.9552035331726074,4.299589157104492,4.304328441619873,1.5583878755569458,-61.382808685302734,2.6407971382141113,30.873048782348633,-2.120114803314209,-2.1657698154449463
PowerLaw1,51564,51564,4.8001347,-4.060017638696229,-4.060343037154789,4.888124563882464,2.879299221067786,-0.1823238895349278,0.6058917057043685,0.0657241486308277,1.0,inf,56.413915212044714,1.0,1.0,5.964001147504067e-06,0.01017377444620268,4.8,0.0001346588100004098,0.022533705,0.15527357,-2.0999999046325684,2.1592977046966553,-5.900000095367432,-8.452719688415527,6.290185928344727,4.333906173706055,2.640062093734741,-59.75724411010742,2.25,31.097946166992188,-2.25,-2.2168376445770264
PowerLaw2,51564,51564,4.8001347,-9.070009880074796,-9.254299210833713,-0.21271592776747522,-3.0017538875139937,5.4422691931576574,5.074484568664608,1.0,1.0,0.20887501951056456,0.27189289489794,1.0,1.0,0.08166763174023202,0.13612235042156168,4.8,0.0001346588100004098,1.338493,3.4379537,-5.498141765594482,10.851401329040527,-12.725963592529297,-40.93231964111328,4.080713272094727,4.20101261138916,-6.316984176635742,-86.63216400146484,9.302780151367188,43.65516662597656,-1.7389724254608154,-1.652322769165039
Newtonain,51564,51564,4.8405333,0.9388105401134222,0.9410709649879435,3.0049390302013457,2.654585941155072,0.6292754970221702,0.9291437292890418,1.0,1.0,10.0,10.0,1.0,1.0,0.00829704911965469,0.011681826690406998,4.84,0.0005332565299998038,0.11499866,0.20946027,3.0064592361450195,6.819426536560059,-1.0259928703308105,-3.995304822921753,4.299350738525391,4.303935527801514,1.5570733547210693,-62.77833557128906,2.6429688930511475,31.175704956054688,-2.1197593212127686,-2.165566921234131
PowerLaw1,51564,51564,4.8405333,-4.060017638659239,-4.060264660916429,4.887235749887723,2.874368976152287,-0.18232375393216466,0.6088774071831523,0.06267938872081297,1.0,inf,56.6615894100829,1.0,1.0,5.930840723021369e-06,0.010093541399701192,4.84,0.0005332565299998038,0.021558924,0.15575759,-2.0999999046325684,2.2484209537506104,-5.900000095367432,-8.48129940032959,6.289297103881836,4.333496570587158,2.639171600341797,-61.12664794921875,2.25,31.39906883239746,-2.25,-2.2168307304382324
PowerLaw2,51564,51564,4.8405333,-9.069681158669471,-9.256585670202496,-0.2532342664490581,-3.1236817426376615,5.468978908646807,5.112408732782062,1.0,1.0,0.20958077827182012,0.2733077887612888,1.0,1.0,0.08368376583571349,0.13832082307354457,4.84,0.0005332565299998038,1.3707062,3.4940429,-5.496793746948242,11.033492088317871,-12.728472709655762,-41.231842041015625,4.076902866363525,4.2000322341918945,-6.675940036773682,-88.32015991210938,9.333375930786133,44.08240509033203,-1.7331844568252563,-1.6513524055480957
Newtonain,51564,51564,4.8813515,0.9388129607761921,0.941100362525812,3.0021249864300414,2.648896946021181,0.6327712754608836,0.9344520457936495,1.0,1.0,10.0,10.0,1.0,1.0,0.007910660506837489,0.011415992062708843,4.88,0.001351470950000433,0.113953084,0.20961072,3.0075466632843018,6.859513282775879,-1.0269445180892944,-4.035406112670898,4.2991156578063965,4.303547382354736,1.5557835102081299,-64.18955993652344,2.6451449394226074,31.478363037109375,-2.1194162368774414,-2.165365219116211
PowerLaw1,51564,51564,4.8813515,-4.060017638557516,-4.060188913624488,4.886375762938935,2.8694208252329165,-0.18232362268265365,0.6118392503372976,0.05949887518423706,1.0,inf,57.050125386483565,1.0,1.0,5.3833750222486315e-06,0.009979642112458513,4.88,0.001351470950000433,0.020654406,0.15589608,-2.0999999046325684,2.3375439643859863,-5.900000095367432,-8.509880065917969,6.2884368896484375,4.333084583282471,2.6383113861083984,-62.511741638183594,2.25,31.7001895904541,-2.25,-2.2168238162994385
PowerLaw2,51564,51564,4.8813515,-9.06934650628989,-9.258870428951838,-0.2959806841860165,-3.2479405178030696,5.495437977928627,5.150261693753229,1.0,1.0,0.21060228176230977,0.27423615448111693,1.0,1.0,0.08515449043051646,0.13797403912492773,4.88,0.001351470950000433,1.4063503,3.549414,-5.495273590087891,11.215582847595215,-12.730603218078613,-41.53136444091797,4.07314395904541,4.199080467224121,-7.053895950317383,-90.02384948730469,9.363896369934082,44.5096435546875,-1.7274041175842285,-1.6504384279251099
Newtonain,51564,51564,4.9205451,0.9388157335578277,0.9411300351319668,2.9994475022264675,2.64319010071509,0.6361064958528505,0.9397429442035943,1.0,1.0,10.0,10.0,1.0,1.0,0.007621435008258617,0.011376702408815999,4.92,0.0005451011700001729,0.113096595,0.20985696,3.008556604385376,6.899600505828857,-1.027823567390442,-4.075507640838623,4.298900127410889,4.303163528442383,1.5545700788497925,-65.61647033691406,2.647214889526367,31.78101921081543,-2.1190977096557617,-2.1651647090911865
PowerLaw1,51564,51564,4.9205451,-4.060017638548269,-4.060109655820172,4.8855829604906935,2.864438886600981,-0.18232350144816553,0.6147890969523673,0.06134124583042433,1.0,inf,56.62989047838509,1.0,1.0,4.690754468489961e-06,0.009974629938177604,4.92,0.0005451011700001729,0.019867264,0.15669993,-2.0999999046325684,2.4266669750213623,-5.900000095367432,-8.538459777832031,6.287643909454346,4.332649230957031,2.6375181674957275,-63.91253662109375,2.25,32.001312255859375,-2.25,-2.2168169021606445
PowerLaw2,51564,51564,4.9205451,-9.069018187834343,-9.261154963724245,-0.33874607395361467,-3.3746161488829154,5.520279202677914,5.1880437490448115,1.0,1.0,0.21301339365604832,0.27115257908602286,1.0,1.0,0.0874708339127009,0.13550746134627473,4.92,0.0005451011700001729,1.4399145,3.6082172,-5.493216037750244,11.397673606872559,-12.731560707092285,-41.83088684082031,4.06960391998291,4.198144912719727,-7.4315032958984375,-91.74324035644531,9.393268585205078,44.93688201904297,-1.7219154834747314,-1.6495851278305054
Newtonain,51564,51564,4.9602532,0.9388190111558281,0.9411596192408938,2.9967590046972994,2.63746305873103,0.639465818483167,0.9450182736708598,1.0,1.0,10.0,10.0,1.0,1.0,0.007518024537271099,0.011444330258153706,4.96,0.00025323868000004524,0.11220337,0.21016945,3.0095462799072266,6.939687252044678,-1.0286855697631836,-4.1156086921691895,4.298689842224121,4.302783966064453,1.5531580448150635,-67.05908966064453,2.649294853210449,32.083675384521484,-2.118785858154297,-2.1649653911590576
PowerLaw1,51564,51564,4.9602532,-4.060017638511279,-4.060028226594252,4.884809735100409,2.859420395359373,-0.1823233834595436,0.6177307530916389,0.05850981304786285,1.0,inf,57.26303938412424,1.0,1.0,3.833314068007902e-06,0.009907260902708789,4.96,0.00025323868000004524,0.019129183,0.15713124,-2.0999999046325684,2.5157899856567383,-5.900000095367432,-8.567039489746094,6.28687047958374,4.332187175750732,2.636744737625122,-65.32902526855469,2.25,32.30243682861328,-2.25,-2.2168099880218506
PowerLaw2,51564,51564,4.9602532,-9.068674751271677,-9.263436929044971,-0.38376165283397823,-3.503769763790973,5.544843107880165,5.225754084278121,1.0,1.0,0.21331637494755065,0.27510467621852047,1.0,1.0,0.0884387532865805,0.13974227283213214,4.96,0.00025323868000004524,1.4733964,3.6669579,-5.4917168617248535,11.579765319824219,-12.733163833618164,-42.130409240722656,4.066087245941162,4.197234630584717,-7.828727722167969,-93.47831726074219,9.42296028137207,45.36411666870117,-1.716394305229187,-1.6487454175949097
Newtonain,51564,51564,5.0004368,0.9388228034393673,0.9411873742955024,2.9940613917217496,2.631714788688671,0.6428462618013123,0.9502796298606276,1.0,1.0,10.0,10.0,1.0,1.0,0.0070396429526032546,0.011331350927316249,5.0,0.00043678283999959433,0.11141294,0.21052353,3.01052188873291,6.979774475097656,-1.0295283794403076,-4.155710220336914,4.29849100112915,4.3024091720581055,1.5517139434814453,-68.51739501953125,2.6513867378234863,32.38633346557617,-2.1184768676757812,-2.164767026901245
PowerLaw1,51564,51564,5.0004368,-4.060017638335577,-4.0599477526517,4.88405510185577,2.854377919404753,-0.18232326816193892,0.6206511584562071,0.06023582344271197,1.0,inf,56.98450182290788,1.0,1.0,2.917472827587626e-06,0.009964224290607566,5.0,0.00043678283999959433,0.018451521,0.15765932,-2.0999999046325684,2.6049132347106934,-5.900000095367432,-8.597013473510742,6.286115646362305,4.331723690032959,2.6359899044036865,-66.7612075805664,2.25,32.60355758666992,-2.25,-2.2168030738830566
PowerLaw2,51564,51564,5.0004368,-9.068337076038212,-9.26571953909726,-0.4310547884315251,-3.635479478564528,5.569147834922462,5.263364537485795,1.0,1.0,0.21477176246324933,0.27253639320621803,1.0,1.0,0.08957993172855123,0.13667823546946797,5.0,0.00043678283999959433,1.5116891,3.7282834,-5.4894795417785645,11.761856079101562,-12.736616134643555,-42.429931640625,4.062601089477539,4.196334362030029,-8.24582290649414,-95.22909545898438,9.452847480773926,45.79135513305664,-1.7108368873596191,-1.6479394435882568
